STRUCTURE,STRUCTURE_ID,STRUCTURE_NAME,freq,Time frequency,unit,Unit of measure,mot_nrg,Motor energy,geo,Geopolitical entity (reporting),TIME_PERIOD,Time,OBS_VALUE,Observation value,OBS_FLAG,Observation status (Flag) V2 structure,CONF_STATUS,Confidentiality status (flag)
dataflow,ESTAT:ROAD_EQR_CARPDA(1.0),New passenger cars by type of motor energy,A,Annual,NR,Number,DIE,Diesel,AL,Albania,2019,,33064,,,,,
dataflow,ESTAT:ROAD_EQR_CARPDA(1.0),New passenger cars by type of motor energy,A,Annual,NR,Number,DIE,Diesel,AL,Albania,2020,,32953,,,,,
dataflow,ESTAT:ROAD_EQR_CARPDA(1.0),New passenger cars by type of motor energy,A,Annual,NR,Number,DIE,Diesel,AL,Albania,2021,,42914,,,,,
dataflow,ESTAT:ROAD_EQR_CARPDA(1.0),New passenger cars by type of motor energy,A,Annual,NR,Number,DIE,Diesel,AL,Albania,2022,,36523,,,,,
dataflow,ESTAT:ROAD_EQR_CARPDA(1.0),New passenger cars by type of motor energy,A,Annual,NR,Number,DIE,Diesel,AL,Albania,2023,,47440,,,,,
dataflow,ESTAT:ROAD_EQR_CARPDA(1.0),New passenger cars by type of motor energy,A,Annual,NR,Number,DIE,Diesel,AL,Albania,2024,,56773,,,,,
dataflow,ESTAT:ROAD_EQR_CARPDA(1.0),New passenger cars by type of motor energy,A,Annual,NR,Number,DIE,Diesel,AT,Austria,2015,,180510,,,,,
dataflow,ESTAT:ROAD_EQR_CARPDA(1.0),New passenger cars by type of motor energy,A,Annual,NR,Number,DIE,Diesel,AT,Austria,2016,,189139,,,,,
dataflow,ESTAT:ROAD_EQR_CARPDA(1.0),New passenger cars by type of motor energy,A,Annual,NR,Number,DIE,Diesel,AT,Austria,2017,,175590,,,,,
dataflow,ESTAT:ROAD_EQR_CARPDA(1.0),New passenger cars by type of motor energy,A,Annual,NR,Number,DIE,Diesel,AT,Austria,2018,,141159,,,,,
dataflow,ESTAT:ROAD_EQR_CARPDA(1.0),New passenger cars by type of motor energy,A,Annual,NR,Number,DIE,Diesel,AT,Austria,2019,,130468,,,,,
dataflow,ESTAT:ROAD_EQR_CARPDA(1.0),New passenger cars by type of motor energy,A,Annual,NR,Number,DIE,Diesel,AT,Austria,2020,,99196,,,,,
dataflow,ESTAT:ROAD_EQR_CARPDA(1.0),New passenger cars by type of motor energy,A,Annual,NR,Number,DIE,Diesel,AT,Austria,2021,,71808,,,,,
dataflow,ESTAT:ROAD_EQR_CARPDA(1.0),New passenger cars by type of motor energy,A,Annual,NR,Number,DIE,Diesel,AT,Austria,2022,,61537,,,,,
dataflow,ESTAT:ROAD_EQR_CARPDA(1.0),New passenger cars by type of motor energy,A,Annual,NR,Number,DIE,Diesel,AT,Austria,2023,,61187,,,,,
dataflow,ESTAT:ROAD_EQR_CARPDA(1.0),New passenger cars by type of motor energy,A,Annual,NR,Number,DIE,Diesel,AT,Austria,2024,,58478,,,,,
dataflow,ESTAT:ROAD_EQR_CARPDA(1.0),New passenger cars by type of motor energy,A,Annual,NR,Number,DIE,Diesel,BA,Bosnia and Herzegovina,2015,,3835,,,,,
dataflow,ESTAT:ROAD_EQR_CARPDA(1.0),New passenger cars by type of motor energy,A,Annual,NR,Number,DIE,Diesel,BA,Bosnia and Herzegovina,2016,,4932,,,,,
dataflow,ESTAT:ROAD_EQR_CARPDA(1.0),New passenger cars by type of motor energy,A,Annual,NR,Number,DIE,Diesel,BA,Bosnia and Herzegovina,2017,,5123,,,,,
dataflow,ESTAT:ROAD_EQR_CARPDA(1.0),New passenger cars by type of motor energy,A,Annual,NR,Number,DIE,Diesel,BA,Bosnia and Herzegovina,2018,,5028,,,,,
dataflow,ESTAT:ROAD_EQR_CARPDA(1.0),New passenger cars by type of motor energy,A,Annual,NR,Number,DIE,Diesel,BA,Bosnia and Herzegovina,2019,,4685,,,,,
dataflow,ESTAT:ROAD_EQR_CARPDA(1.0),New passenger cars by type of motor energy,A,Annual,NR,Number,DIE,Diesel,BA,Bosnia and Herzegovina,2020,,3481,,,,,
dataflow,ESTAT:ROAD_EQR_CARPDA(1.0),New passenger cars by type of motor energy,A,Annual,NR,Number,DIE,Diesel,BA,Bosnia and Herzegovina,2021,,3385,,,,,
dataflow,ESTAT:ROAD_EQR_CARPDA(1.0),New passenger cars by type of motor energy,A,Annual,NR,Number,DIE,Diesel,BA,Bosnia and Herzegovina,2022,,3058,,,,,
dataflow,ESTAT:ROAD_EQR_CARPDA(1.0),New passenger cars by type of motor energy,A,Annual,NR,Number,DIE,Diesel,BA,Bosnia and Herzegovina,2023,,3136,,,,,
dataflow,ESTAT:ROAD_EQR_CARPDA(1.0),New passenger cars by type of motor energy,A,Annual,NR,Number,DIE,Diesel,BA,Bosnia and Herzegovina,2024,,3192,,,,,
dataflow,ESTAT:ROAD_EQR_CARPDA(1.0),New passenger cars by type of motor energy,A,Annual,NR,Number,DIE,Diesel,BE,Belgium,2015,,305838,,,,,
dataflow,ESTAT:ROAD_EQR_CARPDA(1.0),New passenger cars by type of motor energy,A,Annual,NR,Number,DIE,Diesel,BE,Belgium,2016,,285653,,,,,
dataflow,ESTAT:ROAD_EQR_CARPDA(1.0),New passenger cars by type of motor energy,A,Annual,NR,Number,DIE,Diesel,BE,Belgium,2017,,259790,,,,,
dataflow,ESTAT:ROAD_EQR_CARPDA(1.0),New passenger cars by type of motor energy,A,Annual,NR,Number,DIE,Diesel,BE,Belgium,2018,,202272,,,,,
dataflow,ESTAT:ROAD_EQR_CARPDA(1.0),New passenger cars by type of motor energy,A,Annual,NR,Number,DIE,Diesel,BE,Belgium,2019,,179716,,,,,
dataflow,ESTAT:ROAD_EQR_CARPDA(1.0),New passenger cars by type of motor energy,A,Annual,NR,Number,DIE,Diesel,BE,Belgium,2020,,151970,,,,,
dataflow,ESTAT:ROAD_EQR_CARPDA(1.0),New passenger cars by type of motor energy,A,Annual,NR,Number,DIE,Diesel,BE,Belgium,2021,,103914,,,,,
dataflow,ESTAT:ROAD_EQR_CARPDA(1.0),New passenger cars by type of motor energy,A,Annual,NR,Number,DIE,Diesel,BE,Belgium,2022,,70559,,,,,
dataflow,ESTAT:ROAD_EQR_CARPDA(1.0),New passenger cars by type of motor energy,A,Annual,NR,Number,DIE,Diesel,BE,Belgium,2023,,50855,,i,value imputed by Eurostat or other receiving agencies,,
dataflow,ESTAT:ROAD_EQR_CARPDA(1.0),New passenger cars by type of motor energy,A,Annual,NR,Number,DIE,Diesel,BE,Belgium,2024,,30286,,i,value imputed by Eurostat or other receiving agencies,,
dataflow,ESTAT:ROAD_EQR_CARPDA(1.0),New passenger cars by type of motor energy,A,Annual,NR,Number,DIE,Diesel,BG,Bulgaria,2020,,2635,,i,value imputed by Eurostat or other receiving agencies,,
dataflow,ESTAT:ROAD_EQR_CARPDA(1.0),New passenger cars by type of motor energy,A,Annual,NR,Number,DIE,Diesel,BG,Bulgaria,2021,,3032,,i,value imputed by Eurostat or other receiving agencies,,
dataflow,ESTAT:ROAD_EQR_CARPDA(1.0),New passenger cars by type of motor energy,A,Annual,NR,Number,DIE,Diesel,BG,Bulgaria,2022,,5330,,i,value imputed by Eurostat or other receiving agencies,,
dataflow,ESTAT:ROAD_EQR_CARPDA(1.0),New passenger cars by type of motor energy,A,Annual,NR,Number,DIE,Diesel,BG,Bulgaria,2023,,6032,,i,value imputed by Eurostat or other receiving agencies,,
dataflow,ESTAT:ROAD_EQR_CARPDA(1.0),New passenger cars by type of motor energy,A,Annual,NR,Number,DIE,Diesel,BG,Bulgaria,2024,,6986,,i,value imputed by Eurostat or other receiving agencies,,
dataflow,ESTAT:ROAD_EQR_CARPDA(1.0),New passenger cars by type of motor energy,A,Annual,NR,Number,DIE,Diesel,CH,Switzerland,2015,,132789,,,,,
dataflow,ESTAT:ROAD_EQR_CARPDA(1.0),New passenger cars by type of motor energy,A,Annual,NR,Number,DIE,Diesel,CH,Switzerland,2016,,130457,,,,,
dataflow,ESTAT:ROAD_EQR_CARPDA(1.0),New passenger cars by type of motor energy,A,Annual,NR,Number,DIE,Diesel,CH,Switzerland,2017,,118800,,,,,
dataflow,ESTAT:ROAD_EQR_CARPDA(1.0),New passenger cars by type of motor energy,A,Annual,NR,Number,DIE,Diesel,CH,Switzerland,2018,,95612,,,,,
dataflow,ESTAT:ROAD_EQR_CARPDA(1.0),New passenger cars by type of motor energy,A,Annual,NR,Number,DIE,Diesel,CH,Switzerland,2019,,88965,,,,,
dataflow,ESTAT:ROAD_EQR_CARPDA(1.0),New passenger cars by type of motor energy,A,Annual,NR,Number,DIE,Diesel,CH,Switzerland,2020,,64475,,,,,
dataflow,ESTAT:ROAD_EQR_CARPDA(1.0),New passenger cars by type of motor energy,A,Annual,NR,Number,DIE,Diesel,CH,Switzerland,2021,,51670,,,,,
dataflow,ESTAT:ROAD_EQR_CARPDA(1.0),New passenger cars by type of motor energy,A,Annual,NR,Number,DIE,Diesel,CH,Switzerland,2022,,45069,,,,,
dataflow,ESTAT:ROAD_EQR_CARPDA(1.0),New passenger cars by type of motor energy,A,Annual,NR,Number,DIE,Diesel,CH,Switzerland,2023,,44501,,,,,
dataflow,ESTAT:ROAD_EQR_CARPDA(1.0),New passenger cars by type of motor energy,A,Annual,NR,Number,DIE,Diesel,CH,Switzerland,2024,,43218,,,,,
dataflow,ESTAT:ROAD_EQR_CARPDA(1.0),New passenger cars by type of motor energy,A,Annual,NR,Number,DIE,Diesel,CY,Cyprus,2015,,4157,,,,,
dataflow,ESTAT:ROAD_EQR_CARPDA(1.0),New passenger cars by type of motor energy,A,Annual,NR,Number,DIE,Diesel,CY,Cyprus,2016,,5327,,,,,
dataflow,ESTAT:ROAD_EQR_CARPDA(1.0),New passenger cars by type of motor energy,A,Annual,NR,Number,DIE,Diesel,CY,Cyprus,2017,,5450,,,,,
dataflow,ESTAT:ROAD_EQR_CARPDA(1.0),New passenger cars by type of motor energy,A,Annual,NR,Number,DIE,Diesel,CY,Cyprus,2018,,5264,,,,,
dataflow,ESTAT:ROAD_EQR_CARPDA(1.0),New passenger cars by type of motor energy,A,Annual,NR,Number,DIE,Diesel,CY,Cyprus,2019,,4532,,,,,
dataflow,ESTAT:ROAD_EQR_CARPDA(1.0),New passenger cars by type of motor energy,A,Annual,NR,Number,DIE,Diesel,CY,Cyprus,2020,,3065,,,,,
dataflow,ESTAT:ROAD_EQR_CARPDA(1.0),New passenger cars by type of motor energy,A,Annual,NR,Number,DIE,Diesel,CY,Cyprus,2021,,1460,,,,,
dataflow,ESTAT:ROAD_EQR_CARPDA(1.0),New passenger cars by type of motor energy,A,Annual,NR,Number,DIE,Diesel,CY,Cyprus,2022,,541,,,,,
dataflow,ESTAT:ROAD_EQR_CARPDA(1.0),New passenger cars by type of motor energy,A,Annual,NR,Number,DIE,Diesel,CY,Cyprus,2023,,909,,,,,
dataflow,ESTAT:ROAD_EQR_CARPDA(1.0),New passenger cars by type of motor energy,A,Annual,NR,Number,DIE,Diesel,CY,Cyprus,2024,,836,,,,,
dataflow,ESTAT:ROAD_EQR_CARPDA(1.0),New passenger cars by type of motor energy,A,Annual,NR,Number,DIE,Diesel,CZ,Czechia,2020,,59767,,i,value imputed by Eurostat or other receiving agencies,,
dataflow,ESTAT:ROAD_EQR_CARPDA(1.0),New passenger cars by type of motor energy,A,Annual,NR,Number,DIE,Diesel,CZ,Czechia,2021,,56933,,,,,
dataflow,ESTAT:ROAD_EQR_CARPDA(1.0),New passenger cars by type of motor energy,A,Annual,NR,Number,DIE,Diesel,CZ,Czechia,2022,,46078,,,,,
dataflow,ESTAT:ROAD_EQR_CARPDA(1.0),New passenger cars by type of motor energy,A,Annual,NR,Number,DIE,Diesel,CZ,Czechia,2023,,54687,,,,,
dataflow,ESTAT:ROAD_EQR_CARPDA(1.0),New passenger cars by type of motor energy,A,Annual,NR,Number,DIE,Diesel,CZ,Czechia,2024,,55084,,,,,
dataflow,ESTAT:ROAD_EQR_CARPDA(1.0),New passenger cars by type of motor energy,A,Annual,NR,Number,DIE,Diesel,DE,Germany,2015,,1538451,,,,,
dataflow,ESTAT:ROAD_EQR_CARPDA(1.0),New passenger cars by type of motor energy,A,Annual,NR,Number,DIE,Diesel,DE,Germany,2016,,1539596,,,,,
dataflow,ESTAT:ROAD_EQR_CARPDA(1.0),New passenger cars by type of motor energy,A,Annual,NR,Number,DIE,Diesel,DE,Germany,2017,,1336195,,,,,
dataflow,ESTAT:ROAD_EQR_CARPDA(1.0),New passenger cars by type of motor energy,A,Annual,NR,Number,DIE,Diesel,DE,Germany,2018,,1129025,,,,,
dataflow,ESTAT:ROAD_EQR_CARPDA(1.0),New passenger cars by type of motor energy,A,Annual,NR,Number,DIE,Diesel,DE,Germany,2019,,1230267,,,,,
dataflow,ESTAT:ROAD_EQR_CARPDA(1.0),New passenger cars by type of motor energy,A,Annual,NR,Number,DIE,Diesel,DE,Germany,2020,,949336,,,,,
dataflow,ESTAT:ROAD_EQR_CARPDA(1.0),New passenger cars by type of motor energy,A,Annual,NR,Number,DIE,Diesel,DE,Germany,2021,,691261,,,,,
dataflow,ESTAT:ROAD_EQR_CARPDA(1.0),New passenger cars by type of motor energy,A,Annual,NR,Number,DIE,Diesel,DE,Germany,2022,,642418,,,,,
dataflow,ESTAT:ROAD_EQR_CARPDA(1.0),New passenger cars by type of motor energy,A,Annual,NR,Number,DIE,Diesel,DE,Germany,2023,,703839,,,,,
dataflow,ESTAT:ROAD_EQR_CARPDA(1.0),New passenger cars by type of motor energy,A,Annual,NR,Number,DIE,Diesel,DE,Germany,2024,,684509,,,,,
dataflow,ESTAT:ROAD_EQR_CARPDA(1.0),New passenger cars by type of motor energy,A,Annual,NR,Number,DIE,Diesel,DK,Denmark,2015,,64203,,,,,
dataflow,ESTAT:ROAD_EQR_CARPDA(1.0),New passenger cars by type of motor energy,A,Annual,NR,Number,DIE,Diesel,DK,Denmark,2016,,80216,,,,,
dataflow,ESTAT:ROAD_EQR_CARPDA(1.0),New passenger cars by type of motor energy,A,Annual,NR,Number,DIE,Diesel,DK,Denmark,2017,,77493,,,,,
dataflow,ESTAT:ROAD_EQR_CARPDA(1.0),New passenger cars by type of motor energy,A,Annual,NR,Number,DIE,Diesel,DK,Denmark,2018,,72475,,,,,
dataflow,ESTAT:ROAD_EQR_CARPDA(1.0),New passenger cars by type of motor energy,A,Annual,NR,Number,DIE,Diesel,DK,Denmark,2019,,60475,,,,,
dataflow,ESTAT:ROAD_EQR_CARPDA(1.0),New passenger cars by type of motor energy,A,Annual,NR,Number,DIE,Diesel,DK,Denmark,2020,,46295,,,,,
dataflow,ESTAT:ROAD_EQR_CARPDA(1.0),New passenger cars by type of motor energy,A,Annual,NR,Number,DIE,Diesel,DK,Denmark,2021,,26648,,,,,
dataflow,ESTAT:ROAD_EQR_CARPDA(1.0),New passenger cars by type of motor energy,A,Annual,NR,Number,DIE,Diesel,DK,Denmark,2022,,17441,,,,,
dataflow,ESTAT:ROAD_EQR_CARPDA(1.0),New passenger cars by type of motor energy,A,Annual,NR,Number,DIE,Diesel,DK,Denmark,2023,,15258,,,,,
dataflow,ESTAT:ROAD_EQR_CARPDA(1.0),New passenger cars by type of motor energy,A,Annual,NR,Number,DIE,Diesel,DK,Denmark,2024,,12308,,,,,
dataflow,ESTAT:ROAD_EQR_CARPDA(1.0),New passenger cars by type of motor energy,A,Annual,NR,Number,DIE,Diesel,EE,Estonia,2015,,6949,,,,,
dataflow,ESTAT:ROAD_EQR_CARPDA(1.0),New passenger cars by type of motor energy,A,Annual,NR,Number,DIE,Diesel,EE,Estonia,2016,,6393,,,,,
dataflow,ESTAT:ROAD_EQR_CARPDA(1.0),New passenger cars by type of motor energy,A,Annual,NR,Number,DIE,Diesel,EE,Estonia,2017,,6409,,,,,
dataflow,ESTAT:ROAD_EQR_CARPDA(1.0),New passenger cars by type of motor energy,A,Annual,NR,Number,DIE,Diesel,EE,Estonia,2018,,6527,,,,,
dataflow,ESTAT:ROAD_EQR_CARPDA(1.0),New passenger cars by type of motor energy,A,Annual,NR,Number,DIE,Diesel,EE,Estonia,2019,,6414,,,,,
dataflow,ESTAT:ROAD_EQR_CARPDA(1.0),New passenger cars by type of motor energy,A,Annual,NR,Number,DIE,Diesel,EE,Estonia,2020,,5123,,,,,
dataflow,ESTAT:ROAD_EQR_CARPDA(1.0),New passenger cars by type of motor energy,A,Annual,NR,Number,DIE,Diesel,EE,Estonia,2021,,5242,,,,,
dataflow,ESTAT:ROAD_EQR_CARPDA(1.0),New passenger cars by type of motor energy,A,Annual,NR,Number,DIE,Diesel,EE,Estonia,2022,,4256,,,,,
dataflow,ESTAT:ROAD_EQR_CARPDA(1.0),New passenger cars by type of motor energy,A,Annual,NR,Number,DIE,Diesel,EE,Estonia,2023,,4114,,,,,
dataflow,ESTAT:ROAD_EQR_CARPDA(1.0),New passenger cars by type of motor energy,A,Annual,NR,Number,DIE,Diesel,EE,Estonia,2024,,5879,,,,,
dataflow,ESTAT:ROAD_EQR_CARPDA(1.0),New passenger cars by type of motor energy,A,Annual,NR,Number,DIE,Diesel,EL,Greece,2021,,18717,,e,estimated,,
dataflow,ESTAT:ROAD_EQR_CARPDA(1.0),New passenger cars by type of motor energy,A,Annual,NR,Number,DIE,Diesel,EL,Greece,2022,,18602,,,,,
dataflow,ESTAT:ROAD_EQR_CARPDA(1.0),New passenger cars by type of motor energy,A,Annual,NR,Number,DIE,Diesel,EL,Greece,2023,,19785,,,,,
dataflow,ESTAT:ROAD_EQR_CARPDA(1.0),New passenger cars by type of motor energy,A,Annual,NR,Number,DIE,Diesel,EL,Greece,2024,,11611,,,,,
dataflow,ESTAT:ROAD_EQR_CARPDA(1.0),New passenger cars by type of motor energy,A,Annual,NR,Number,DIE,Diesel,ES,Spain,2015,,658757,,,,,
dataflow,ESTAT:ROAD_EQR_CARPDA(1.0),New passenger cars by type of motor energy,A,Annual,NR,Number,DIE,Diesel,ES,Spain,2016,,725997,,,,,
dataflow,ESTAT:ROAD_EQR_CARPDA(1.0),New passenger cars by type of motor energy,A,Annual,NR,Number,DIE,Diesel,ES,Spain,2017,,690660,,,,,
dataflow,ESTAT:ROAD_EQR_CARPDA(1.0),New passenger cars by type of motor energy,A,Annual,NR,Number,DIE,Diesel,ES,Spain,2018,,573370,,,,,
dataflow,ESTAT:ROAD_EQR_CARPDA(1.0),New passenger cars by type of motor energy,A,Annual,NR,Number,DIE,Diesel,ES,Spain,2019,,455468,,,,,
dataflow,ESTAT:ROAD_EQR_CARPDA(1.0),New passenger cars by type of motor energy,A,Annual,NR,Number,DIE,Diesel,ES,Spain,2020,,332422,,,,,
dataflow,ESTAT:ROAD_EQR_CARPDA(1.0),New passenger cars by type of motor energy,A,Annual,NR,Number,DIE,Diesel,ES,Spain,2021,,265643,,,,,
dataflow,ESTAT:ROAD_EQR_CARPDA(1.0),New passenger cars by type of motor energy,A,Annual,NR,Number,DIE,Diesel,ES,Spain,2022,,205650,,,,,
dataflow,ESTAT:ROAD_EQR_CARPDA(1.0),New passenger cars by type of motor energy,A,Annual,NR,Number,DIE,Diesel,ES,Spain,2023,,186368,,,,,
dataflow,ESTAT:ROAD_EQR_CARPDA(1.0),New passenger cars by type of motor energy,A,Annual,NR,Number,DIE,Diesel,ES,Spain,2024,,184510,,,,,
dataflow,ESTAT:ROAD_EQR_CARPDA(1.0),New passenger cars by type of motor energy,A,Annual,NR,Number,DIE,Diesel,EU27_2020,European Union - 27 countries (from 2020),2021,,2394522,,,,,
dataflow,ESTAT:ROAD_EQR_CARPDA(1.0),New passenger cars by type of motor energy,A,Annual,NR,Number,DIE,Diesel,EU27_2020,European Union - 27 countries (from 2020),2022,,1947531,,,,,
dataflow,ESTAT:ROAD_EQR_CARPDA(1.0),New passenger cars by type of motor energy,A,Annual,NR,Number,DIE,Diesel,EU27_2020,European Union - 27 countries (from 2020),2023,,1957434,,,,,
dataflow,ESTAT:ROAD_EQR_CARPDA(1.0),New passenger cars by type of motor energy,A,Annual,NR,Number,DIE,Diesel,EU27_2020,European Union - 27 countries (from 2020),2024,,1818403,,,,,
dataflow,ESTAT:ROAD_EQR_CARPDA(1.0),New passenger cars by type of motor energy,A,Annual,NR,Number,DIE,Diesel,FI,Finland,2015,,38844,,,,,
dataflow,ESTAT:ROAD_EQR_CARPDA(1.0),New passenger cars by type of motor energy,A,Annual,NR,Number,DIE,Diesel,FI,Finland,2016,,39556,,,,,
dataflow,ESTAT:ROAD_EQR_CARPDA(1.0),New passenger cars by type of motor energy,A,Annual,NR,Number,DIE,Diesel,FI,Finland,2017,,36216,,,,,
dataflow,ESTAT:ROAD_EQR_CARPDA(1.0),New passenger cars by type of motor energy,A,Annual,NR,Number,DIE,Diesel,FI,Finland,2018,,29071,,,,,
dataflow,ESTAT:ROAD_EQR_CARPDA(1.0),New passenger cars by type of motor energy,A,Annual,NR,Number,DIE,Diesel,FI,Finland,2019,,22022,,,,,
dataflow,ESTAT:ROAD_EQR_CARPDA(1.0),New passenger cars by type of motor energy,A,Annual,NR,Number,DIE,Diesel,FI,Finland,2020,,14567,,,,,
dataflow,ESTAT:ROAD_EQR_CARPDA(1.0),New passenger cars by type of motor energy,A,Annual,NR,Number,DIE,Diesel,FI,Finland,2021,,11252,,,,,
dataflow,ESTAT:ROAD_EQR_CARPDA(1.0),New passenger cars by type of motor energy,A,Annual,NR,Number,DIE,Diesel,FI,Finland,2022,,7447,,,,,
dataflow,ESTAT:ROAD_EQR_CARPDA(1.0),New passenger cars by type of motor energy,A,Annual,NR,Number,DIE,Diesel,FI,Finland,2023,,5277,,,,,
dataflow,ESTAT:ROAD_EQR_CARPDA(1.0),New passenger cars by type of motor energy,A,Annual,NR,Number,DIE,Diesel,FI,Finland,2024,,4008,,,,,
dataflow,ESTAT:ROAD_EQR_CARPDA(1.0),New passenger cars by type of motor energy,A,Annual,NR,Number,DIE,Diesel,FR,France,2015,,1089403,,,,,
dataflow,ESTAT:ROAD_EQR_CARPDA(1.0),New passenger cars by type of motor energy,A,Annual,NR,Number,DIE,Diesel,FR,France,2016,,1032695,,,,,
dataflow,ESTAT:ROAD_EQR_CARPDA(1.0),New passenger cars by type of motor energy,A,Annual,NR,Number,DIE,Diesel,FR,France,2017,,1014418,,,,,
dataflow,ESTAT:ROAD_EQR_CARPDA(1.0),New passenger cars by type of motor energy,A,Annual,NR,Number,DIE,Diesel,FR,France,2018,,859623,,,,,
dataflow,ESTAT:ROAD_EQR_CARPDA(1.0),New passenger cars by type of motor energy,A,Annual,NR,Number,DIE,Diesel,FR,France,2019,,773411,,,,,
dataflow,ESTAT:ROAD_EQR_CARPDA(1.0),New passenger cars by type of motor energy,A,Annual,NR,Number,DIE,Diesel,FR,France,2020,,539142,,,,,
dataflow,ESTAT:ROAD_EQR_CARPDA(1.0),New passenger cars by type of motor energy,A,Annual,NR,Number,DIE,Diesel,FR,France,2021,,399164,,,,,
dataflow,ESTAT:ROAD_EQR_CARPDA(1.0),New passenger cars by type of motor energy,A,Annual,NR,Number,DIE,Diesel,FR,France,2022,,273570,,,,,
dataflow,ESTAT:ROAD_EQR_CARPDA(1.0),New passenger cars by type of motor energy,A,Annual,NR,Number,DIE,Diesel,FR,France,2023,,223258,,i,value imputed by Eurostat or other receiving agencies,,
dataflow,ESTAT:ROAD_EQR_CARPDA(1.0),New passenger cars by type of motor energy,A,Annual,NR,Number,DIE,Diesel,FR,France,2024,,173114,,,,,
dataflow,ESTAT:ROAD_EQR_CARPDA(1.0),New passenger cars by type of motor energy,A,Annual,NR,Number,DIE,Diesel,GE,Georgia,2017,,680,,,,,
dataflow,ESTAT:ROAD_EQR_CARPDA(1.0),New passenger cars by type of motor energy,A,Annual,NR,Number,DIE,Diesel,GE,Georgia,2018,,1242,,,,,
dataflow,ESTAT:ROAD_EQR_CARPDA(1.0),New passenger cars by type of motor energy,A,Annual,NR,Number,DIE,Diesel,GE,Georgia,2019,,1346,,,,,
dataflow,ESTAT:ROAD_EQR_CARPDA(1.0),New passenger cars by type of motor energy,A,Annual,NR,Number,DIE,Diesel,GE,Georgia,2020,,994,,,,,
dataflow,ESTAT:ROAD_EQR_CARPDA(1.0),New passenger cars by type of motor energy,A,Annual,NR,Number,DIE,Diesel,GE,Georgia,2021,,1358,,,,,
dataflow,ESTAT:ROAD_EQR_CARPDA(1.0),New passenger cars by type of motor energy,A,Annual,NR,Number,DIE,Diesel,GE,Georgia,2022,,1760,,,,,
dataflow,ESTAT:ROAD_EQR_CARPDA(1.0),New passenger cars by type of motor energy,A,Annual,NR,Number,DIE,Diesel,GE,Georgia,2023,,1514,,,,,
dataflow,ESTAT:ROAD_EQR_CARPDA(1.0),New passenger cars by type of motor energy,A,Annual,NR,Number,DIE,Diesel,GE,Georgia,2024,,2520,,,,,
dataflow,ESTAT:ROAD_EQR_CARPDA(1.0),New passenger cars by type of motor energy,A,Annual,NR,Number,DIE,Diesel,HR,Croatia,2020,,12885,,i,value imputed by Eurostat or other receiving agencies,,
dataflow,ESTAT:ROAD_EQR_CARPDA(1.0),New passenger cars by type of motor energy,A,Annual,NR,Number,DIE,Diesel,HR,Croatia,2021,,8904,,,,,
dataflow,ESTAT:ROAD_EQR_CARPDA(1.0),New passenger cars by type of motor energy,A,Annual,NR,Number,DIE,Diesel,HR,Croatia,2022,,7788,,,,,
dataflow,ESTAT:ROAD_EQR_CARPDA(1.0),New passenger cars by type of motor energy,A,Annual,NR,Number,DIE,Diesel,HR,Croatia,2023,,9219,,,,,
dataflow,ESTAT:ROAD_EQR_CARPDA(1.0),New passenger cars by type of motor energy,A,Annual,NR,Number,DIE,Diesel,HR,Croatia,2024,,10691,,,,,
dataflow,ESTAT:ROAD_EQR_CARPDA(1.0),New passenger cars by type of motor energy,A,Annual,NR,Number,DIE,Diesel,HU,Hungary,2015,,32271,,,,,
dataflow,ESTAT:ROAD_EQR_CARPDA(1.0),New passenger cars by type of motor energy,A,Annual,NR,Number,DIE,Diesel,HU,Hungary,2016,,34700,,,,,
dataflow,ESTAT:ROAD_EQR_CARPDA(1.0),New passenger cars by type of motor energy,A,Annual,NR,Number,DIE,Diesel,HU,Hungary,2017,,37039,,,,,
dataflow,ESTAT:ROAD_EQR_CARPDA(1.0),New passenger cars by type of motor energy,A,Annual,NR,Number,DIE,Diesel,HU,Hungary,2018,,32655,,,,,
dataflow,ESTAT:ROAD_EQR_CARPDA(1.0),New passenger cars by type of motor energy,A,Annual,NR,Number,DIE,Diesel,HU,Hungary,2019,,32299,,,,,
dataflow,ESTAT:ROAD_EQR_CARPDA(1.0),New passenger cars by type of motor energy,A,Annual,NR,Number,DIE,Diesel,HU,Hungary,2020,,31606,,,,,
dataflow,ESTAT:ROAD_EQR_CARPDA(1.0),New passenger cars by type of motor energy,A,Annual,NR,Number,DIE,Diesel,HU,Hungary,2021,,27065,,,,,
dataflow,ESTAT:ROAD_EQR_CARPDA(1.0),New passenger cars by type of motor energy,A,Annual,NR,Number,DIE,Diesel,HU,Hungary,2022,,20567,,,,,
dataflow,ESTAT:ROAD_EQR_CARPDA(1.0),New passenger cars by type of motor energy,A,Annual,NR,Number,DIE,Diesel,HU,Hungary,2023,,19836,,,,,
dataflow,ESTAT:ROAD_EQR_CARPDA(1.0),New passenger cars by type of motor energy,A,Annual,NR,Number,DIE,Diesel,HU,Hungary,2024,,20521,,,,,
dataflow,ESTAT:ROAD_EQR_CARPDA(1.0),New passenger cars by type of motor energy,A,Annual,NR,Number,DIE,Diesel,IE,Ireland,2015,,92436,,,,,
dataflow,ESTAT:ROAD_EQR_CARPDA(1.0),New passenger cars by type of motor energy,A,Annual,NR,Number,DIE,Diesel,IE,Ireland,2016,,105257,,,,,
dataflow,ESTAT:ROAD_EQR_CARPDA(1.0),New passenger cars by type of motor energy,A,Annual,NR,Number,DIE,Diesel,IE,Ireland,2017,,87644,,,,,
dataflow,ESTAT:ROAD_EQR_CARPDA(1.0),New passenger cars by type of motor energy,A,Annual,NR,Number,DIE,Diesel,IE,Ireland,2018,,70743,,,,,
dataflow,ESTAT:ROAD_EQR_CARPDA(1.0),New passenger cars by type of motor energy,A,Annual,NR,Number,DIE,Diesel,IE,Ireland,2019,,59884,,,,,
dataflow,ESTAT:ROAD_EQR_CARPDA(1.0),New passenger cars by type of motor energy,A,Annual,NR,Number,DIE,Diesel,IE,Ireland,2020,,41688,,,,,
dataflow,ESTAT:ROAD_EQR_CARPDA(1.0),New passenger cars by type of motor energy,A,Annual,NR,Number,DIE,Diesel,IE,Ireland,2021,,40292,,,,,
dataflow,ESTAT:ROAD_EQR_CARPDA(1.0),New passenger cars by type of motor energy,A,Annual,NR,Number,DIE,Diesel,IE,Ireland,2022,,31336,,,,,
dataflow,ESTAT:ROAD_EQR_CARPDA(1.0),New passenger cars by type of motor energy,A,Annual,NR,Number,DIE,Diesel,IE,Ireland,2023,,32255,,,,,
dataflow,ESTAT:ROAD_EQR_CARPDA(1.0),New passenger cars by type of motor energy,A,Annual,NR,Number,DIE,Diesel,IE,Ireland,2024,,32220,,,,,
dataflow,ESTAT:ROAD_EQR_CARPDA(1.0),New passenger cars by type of motor energy,A,Annual,NR,Number,DIE,Diesel,IS,Iceland,2017,,11091,,,,,
dataflow,ESTAT:ROAD_EQR_CARPDA(1.0),New passenger cars by type of motor energy,A,Annual,NR,Number,DIE,Diesel,IS,Iceland,2018,,8219,,,,,
dataflow,ESTAT:ROAD_EQR_CARPDA(1.0),New passenger cars by type of motor energy,A,Annual,NR,Number,DIE,Diesel,IS,Iceland,2019,,4253,,,,,
dataflow,ESTAT:ROAD_EQR_CARPDA(1.0),New passenger cars by type of motor energy,A,Annual,NR,Number,DIE,Diesel,IS,Iceland,2020,,2327,,,,,
dataflow,ESTAT:ROAD_EQR_CARPDA(1.0),New passenger cars by type of motor energy,A,Annual,NR,Number,DIE,Diesel,IS,Iceland,2021,,2584,,,,,
dataflow,ESTAT:ROAD_EQR_CARPDA(1.0),New passenger cars by type of motor energy,A,Annual,NR,Number,DIE,Diesel,IS,Iceland,2022,,3107,,i,value imputed by Eurostat or other receiving agencies,,
dataflow,ESTAT:ROAD_EQR_CARPDA(1.0),New passenger cars by type of motor energy,A,Annual,NR,Number,DIE,Diesel,IS,Iceland,2023,,3039,,i,value imputed by Eurostat or other receiving agencies,,
dataflow,ESTAT:ROAD_EQR_CARPDA(1.0),New passenger cars by type of motor energy,A,Annual,NR,Number,DIE,Diesel,IS,Iceland,2024,,2750,,i,value imputed by Eurostat or other receiving agencies,,
dataflow,ESTAT:ROAD_EQR_CARPDA(1.0),New passenger cars by type of motor energy,A,Annual,NR,Number,DIE,Diesel,IT,Italy,2015,,887074,,,,,
dataflow,ESTAT:ROAD_EQR_CARPDA(1.0),New passenger cars by type of motor energy,A,Annual,NR,Number,DIE,Diesel,IT,Italy,2016,,1058886,,,,,
dataflow,ESTAT:ROAD_EQR_CARPDA(1.0),New passenger cars by type of motor energy,A,Annual,NR,Number,DIE,Diesel,IT,Italy,2017,,1130434,,,,,
dataflow,ESTAT:ROAD_EQR_CARPDA(1.0),New passenger cars by type of motor energy,A,Annual,NR,Number,DIE,Diesel,IT,Italy,2018,,1000494,,,,,
dataflow,ESTAT:ROAD_EQR_CARPDA(1.0),New passenger cars by type of motor energy,A,Annual,NR,Number,DIE,Diesel,IT,Italy,2019,,793367,,,,,
dataflow,ESTAT:ROAD_EQR_CARPDA(1.0),New passenger cars by type of motor energy,A,Annual,NR,Number,DIE,Diesel,IT,Italy,2020,,505406,,,,,
dataflow,ESTAT:ROAD_EQR_CARPDA(1.0),New passenger cars by type of motor energy,A,Annual,NR,Number,DIE,Diesel,IT,Italy,2021,,403271,,,,,
dataflow,ESTAT:ROAD_EQR_CARPDA(1.0),New passenger cars by type of motor energy,A,Annual,NR,Number,DIE,Diesel,IT,Italy,2022,,323829,,,,,
dataflow,ESTAT:ROAD_EQR_CARPDA(1.0),New passenger cars by type of motor energy,A,Annual,NR,Number,DIE,Diesel,IT,Italy,2023,,357239,,,,,
dataflow,ESTAT:ROAD_EQR_CARPDA(1.0),New passenger cars by type of motor energy,A,Annual,NR,Number,DIE,Diesel,IT,Italy,2024,,310312,,,,,
dataflow,ESTAT:ROAD_EQR_CARPDA(1.0),New passenger cars by type of motor energy,A,Annual,NR,Number,DIE,Diesel,LI,Liechtenstein,2015,,937,,,,,
dataflow,ESTAT:ROAD_EQR_CARPDA(1.0),New passenger cars by type of motor energy,A,Annual,NR,Number,DIE,Diesel,LI,Liechtenstein,2016,,985,,,,,
dataflow,ESTAT:ROAD_EQR_CARPDA(1.0),New passenger cars by type of motor energy,A,Annual,NR,Number,DIE,Diesel,LI,Liechtenstein,2017,,849,,,,,
dataflow,ESTAT:ROAD_EQR_CARPDA(1.0),New passenger cars by type of motor energy,A,Annual,NR,Number,DIE,Diesel,LI,Liechtenstein,2018,,644,,,,,
dataflow,ESTAT:ROAD_EQR_CARPDA(1.0),New passenger cars by type of motor energy,A,Annual,NR,Number,DIE,Diesel,LI,Liechtenstein,2019,,663,,,,,
dataflow,ESTAT:ROAD_EQR_CARPDA(1.0),New passenger cars by type of motor energy,A,Annual,NR,Number,DIE,Diesel,LI,Liechtenstein,2020,,422,,,,,
dataflow,ESTAT:ROAD_EQR_CARPDA(1.0),New passenger cars by type of motor energy,A,Annual,NR,Number,DIE,Diesel,LI,Liechtenstein,2021,,355,,,,,
dataflow,ESTAT:ROAD_EQR_CARPDA(1.0),New passenger cars by type of motor energy,A,Annual,NR,Number,DIE,Diesel,LI,Liechtenstein,2022,,315,,,,,
dataflow,ESTAT:ROAD_EQR_CARPDA(1.0),New passenger cars by type of motor energy,A,Annual,NR,Number,DIE,Diesel,LI,Liechtenstein,2023,,294,,,,,
dataflow,ESTAT:ROAD_EQR_CARPDA(1.0),New passenger cars by type of motor energy,A,Annual,NR,Number,DIE,Diesel,LI,Liechtenstein,2024,,299,,,,,
dataflow,ESTAT:ROAD_EQR_CARPDA(1.0),New passenger cars by type of motor energy,A,Annual,NR,Number,DIE,Diesel,LT,Lithuania,2015,,7690,,,,,
dataflow,ESTAT:ROAD_EQR_CARPDA(1.0),New passenger cars by type of motor energy,A,Annual,NR,Number,DIE,Diesel,LT,Lithuania,2016,,7587,,,,,
dataflow,ESTAT:ROAD_EQR_CARPDA(1.0),New passenger cars by type of motor energy,A,Annual,NR,Number,DIE,Diesel,LT,Lithuania,2017,,7865,,,,,
dataflow,ESTAT:ROAD_EQR_CARPDA(1.0),New passenger cars by type of motor energy,A,Annual,NR,Number,DIE,Diesel,LT,Lithuania,2018,,7210,,,,,
dataflow,ESTAT:ROAD_EQR_CARPDA(1.0),New passenger cars by type of motor energy,A,Annual,NR,Number,DIE,Diesel,LT,Lithuania,2019,,7262,,,,,
dataflow,ESTAT:ROAD_EQR_CARPDA(1.0),New passenger cars by type of motor energy,A,Annual,NR,Number,DIE,Diesel,LT,Lithuania,2020,,7042,,,,,
dataflow,ESTAT:ROAD_EQR_CARPDA(1.0),New passenger cars by type of motor energy,A,Annual,NR,Number,DIE,Diesel,LT,Lithuania,2021,,4706,,,,,
dataflow,ESTAT:ROAD_EQR_CARPDA(1.0),New passenger cars by type of motor energy,A,Annual,NR,Number,DIE,Diesel,LT,Lithuania,2022,,3183,,,,,
dataflow,ESTAT:ROAD_EQR_CARPDA(1.0),New passenger cars by type of motor energy,A,Annual,NR,Number,DIE,Diesel,LT,Lithuania,2023,,3684,,,,,
dataflow,ESTAT:ROAD_EQR_CARPDA(1.0),New passenger cars by type of motor energy,A,Annual,NR,Number,DIE,Diesel,LT,Lithuania,2024,,5473,,,,,
dataflow,ESTAT:ROAD_EQR_CARPDA(1.0),New passenger cars by type of motor energy,A,Annual,NR,Number,DIE,Diesel,LU,Luxembourg,2015,,32934,,,,,
dataflow,ESTAT:ROAD_EQR_CARPDA(1.0),New passenger cars by type of motor energy,A,Annual,NR,Number,DIE,Diesel,LU,Luxembourg,2016,,32780,,,,,
dataflow,ESTAT:ROAD_EQR_CARPDA(1.0),New passenger cars by type of motor energy,A,Annual,NR,Number,DIE,Diesel,LU,Luxembourg,2017,,28488,,,,,
dataflow,ESTAT:ROAD_EQR_CARPDA(1.0),New passenger cars by type of motor energy,A,Annual,NR,Number,DIE,Diesel,LU,Luxembourg,2018,,24915,,,,,
dataflow,ESTAT:ROAD_EQR_CARPDA(1.0),New passenger cars by type of motor energy,A,Annual,NR,Number,DIE,Diesel,LU,Luxembourg,2019,,23897,,,,,
dataflow,ESTAT:ROAD_EQR_CARPDA(1.0),New passenger cars by type of motor energy,A,Annual,NR,Number,DIE,Diesel,LU,Luxembourg,2020,,18151,,,,,
dataflow,ESTAT:ROAD_EQR_CARPDA(1.0),New passenger cars by type of motor energy,A,Annual,NR,Number,DIE,Diesel,LU,Luxembourg,2021,,14569,,,,,
dataflow,ESTAT:ROAD_EQR_CARPDA(1.0),New passenger cars by type of motor energy,A,Annual,NR,Number,DIE,Diesel,LU,Luxembourg,2022,,12338,,,,,
dataflow,ESTAT:ROAD_EQR_CARPDA(1.0),New passenger cars by type of motor energy,A,Annual,NR,Number,DIE,Diesel,LU,Luxembourg,2023,,10265,,,,,
dataflow,ESTAT:ROAD_EQR_CARPDA(1.0),New passenger cars by type of motor energy,A,Annual,NR,Number,DIE,Diesel,LU,Luxembourg,2024,,8085,,,,,
dataflow,ESTAT:ROAD_EQR_CARPDA(1.0),New passenger cars by type of motor energy,A,Annual,NR,Number,DIE,Diesel,LV,Latvia,2015,,6923,,,,,
dataflow,ESTAT:ROAD_EQR_CARPDA(1.0),New passenger cars by type of motor energy,A,Annual,NR,Number,DIE,Diesel,LV,Latvia,2016,,7287,,,,,
dataflow,ESTAT:ROAD_EQR_CARPDA(1.0),New passenger cars by type of motor energy,A,Annual,NR,Number,DIE,Diesel,LV,Latvia,2017,,7446,,,,,
dataflow,ESTAT:ROAD_EQR_CARPDA(1.0),New passenger cars by type of motor energy,A,Annual,NR,Number,DIE,Diesel,LV,Latvia,2018,,6807,,,,,
dataflow,ESTAT:ROAD_EQR_CARPDA(1.0),New passenger cars by type of motor energy,A,Annual,NR,Number,DIE,Diesel,LV,Latvia,2019,,6893,,,,,
dataflow,ESTAT:ROAD_EQR_CARPDA(1.0),New passenger cars by type of motor energy,A,Annual,NR,Number,DIE,Diesel,LV,Latvia,2020,,4870,,,,,
dataflow,ESTAT:ROAD_EQR_CARPDA(1.0),New passenger cars by type of motor energy,A,Annual,NR,Number,DIE,Diesel,LV,Latvia,2021,,3923,,,,,
dataflow,ESTAT:ROAD_EQR_CARPDA(1.0),New passenger cars by type of motor energy,A,Annual,NR,Number,DIE,Diesel,LV,Latvia,2022,,3445,,,,,
dataflow,ESTAT:ROAD_EQR_CARPDA(1.0),New passenger cars by type of motor energy,A,Annual,NR,Number,DIE,Diesel,LV,Latvia,2023,,3729,,,,,
dataflow,ESTAT:ROAD_EQR_CARPDA(1.0),New passenger cars by type of motor energy,A,Annual,NR,Number,DIE,Diesel,LV,Latvia,2024,,3720,,,,,
dataflow,ESTAT:ROAD_EQR_CARPDA(1.0),New passenger cars by type of motor energy,A,Annual,NR,Number,DIE,Diesel,MD,Moldova,2015,,8407,,,,,
dataflow,ESTAT:ROAD_EQR_CARPDA(1.0),New passenger cars by type of motor energy,A,Annual,NR,Number,DIE,Diesel,MD,Moldova,2016,,7908,,,,,
dataflow,ESTAT:ROAD_EQR_CARPDA(1.0),New passenger cars by type of motor energy,A,Annual,NR,Number,DIE,Diesel,MD,Moldova,2017,,24132,,,,,
dataflow,ESTAT:ROAD_EQR_CARPDA(1.0),New passenger cars by type of motor energy,A,Annual,NR,Number,DIE,Diesel,MD,Moldova,2018,,13821,,,,,
dataflow,ESTAT:ROAD_EQR_CARPDA(1.0),New passenger cars by type of motor energy,A,Annual,NR,Number,DIE,Diesel,MD,Moldova,2019,,17550,,,,,
dataflow,ESTAT:ROAD_EQR_CARPDA(1.0),New passenger cars by type of motor energy,A,Annual,NR,Number,DIE,Diesel,MD,Moldova,2020,,17019,,,,,
dataflow,ESTAT:ROAD_EQR_CARPDA(1.0),New passenger cars by type of motor energy,A,Annual,NR,Number,DIE,Diesel,MD,Moldova,2021,,21624,,,,,
dataflow,ESTAT:ROAD_EQR_CARPDA(1.0),New passenger cars by type of motor energy,A,Annual,NR,Number,DIE,Diesel,MD,Moldova,2022,,16781,,,,,
dataflow,ESTAT:ROAD_EQR_CARPDA(1.0),New passenger cars by type of motor energy,A,Annual,NR,Number,DIE,Diesel,MD,Moldova,2023,,26266,,,,,
dataflow,ESTAT:ROAD_EQR_CARPDA(1.0),New passenger cars by type of motor energy,A,Annual,NR,Number,DIE,Diesel,MD,Moldova,2024,,25755,,,,,
dataflow,ESTAT:ROAD_EQR_CARPDA(1.0),New passenger cars by type of motor energy,A,Annual,NR,Number,DIE,Diesel,ME,Montenegro,2016,,1288,,,,,
dataflow,ESTAT:ROAD_EQR_CARPDA(1.0),New passenger cars by type of motor energy,A,Annual,NR,Number,DIE,Diesel,ME,Montenegro,2017,,1662,,,,,
dataflow,ESTAT:ROAD_EQR_CARPDA(1.0),New passenger cars by type of motor energy,A,Annual,NR,Number,DIE,Diesel,ME,Montenegro,2018,,1599,,,,,
dataflow,ESTAT:ROAD_EQR_CARPDA(1.0),New passenger cars by type of motor energy,A,Annual,NR,Number,DIE,Diesel,ME,Montenegro,2019,,1164,,,,,
dataflow,ESTAT:ROAD_EQR_CARPDA(1.0),New passenger cars by type of motor energy,A,Annual,NR,Number,DIE,Diesel,ME,Montenegro,2020,,500,,,,,
dataflow,ESTAT:ROAD_EQR_CARPDA(1.0),New passenger cars by type of motor energy,A,Annual,NR,Number,DIE,Diesel,ME,Montenegro,2021,,1181,,,,,
dataflow,ESTAT:ROAD_EQR_CARPDA(1.0),New passenger cars by type of motor energy,A,Annual,NR,Number,DIE,Diesel,ME,Montenegro,2022,,699,,,,,
dataflow,ESTAT:ROAD_EQR_CARPDA(1.0),New passenger cars by type of motor energy,A,Annual,NR,Number,DIE,Diesel,ME,Montenegro,2023,,429,,,,,
dataflow,ESTAT:ROAD_EQR_CARPDA(1.0),New passenger cars by type of motor energy,A,Annual,NR,Number,DIE,Diesel,ME,Montenegro,2024,,1982,,,,,
dataflow,ESTAT:ROAD_EQR_CARPDA(1.0),New passenger cars by type of motor energy,A,Annual,NR,Number,DIE,Diesel,MT,Malta,2015,,2712,,,,,
dataflow,ESTAT:ROAD_EQR_CARPDA(1.0),New passenger cars by type of motor energy,A,Annual,NR,Number,DIE,Diesel,MT,Malta,2016,,2603,,,,,
dataflow,ESTAT:ROAD_EQR_CARPDA(1.0),New passenger cars by type of motor energy,A,Annual,NR,Number,DIE,Diesel,MT,Malta,2017,,2616,,,,,
dataflow,ESTAT:ROAD_EQR_CARPDA(1.0),New passenger cars by type of motor energy,A,Annual,NR,Number,DIE,Diesel,MT,Malta,2018,,2412,,,,,
dataflow,ESTAT:ROAD_EQR_CARPDA(1.0),New passenger cars by type of motor energy,A,Annual,NR,Number,DIE,Diesel,MT,Malta,2019,,2088,,,,,
dataflow,ESTAT:ROAD_EQR_CARPDA(1.0),New passenger cars by type of motor energy,A,Annual,NR,Number,DIE,Diesel,MT,Malta,2020,,1062,,,,,
dataflow,ESTAT:ROAD_EQR_CARPDA(1.0),New passenger cars by type of motor energy,A,Annual,NR,Number,DIE,Diesel,MT,Malta,2021,,595,,,,,
dataflow,ESTAT:ROAD_EQR_CARPDA(1.0),New passenger cars by type of motor energy,A,Annual,NR,Number,DIE,Diesel,MT,Malta,2022,,497,,,,,
dataflow,ESTAT:ROAD_EQR_CARPDA(1.0),New passenger cars by type of motor energy,A,Annual,NR,Number,DIE,Diesel,MT,Malta,2023,,724,,,,,
dataflow,ESTAT:ROAD_EQR_CARPDA(1.0),New passenger cars by type of motor energy,A,Annual,NR,Number,DIE,Diesel,MT,Malta,2024,,387,,,,,
dataflow,ESTAT:ROAD_EQR_CARPDA(1.0),New passenger cars by type of motor energy,A,Annual,NR,Number,DIE,Diesel,NL,Netherlands,2015,,129768,,,,,
dataflow,ESTAT:ROAD_EQR_CARPDA(1.0),New passenger cars by type of motor energy,A,Annual,NR,Number,DIE,Diesel,NL,Netherlands,2016,,72355,,,,,
dataflow,ESTAT:ROAD_EQR_CARPDA(1.0),New passenger cars by type of motor energy,A,Annual,NR,Number,DIE,Diesel,NL,Netherlands,2017,,72265,,,,,
dataflow,ESTAT:ROAD_EQR_CARPDA(1.0),New passenger cars by type of motor energy,A,Annual,NR,Number,DIE,Diesel,NL,Netherlands,2018,,56996,,,,,
dataflow,ESTAT:ROAD_EQR_CARPDA(1.0),New passenger cars by type of motor energy,A,Annual,NR,Number,DIE,Diesel,NL,Netherlands,2019,,32685,,,,,
dataflow,ESTAT:ROAD_EQR_CARPDA(1.0),New passenger cars by type of motor energy,A,Annual,NR,Number,DIE,Diesel,NL,Netherlands,2020,,12963,,,,,
dataflow,ESTAT:ROAD_EQR_CARPDA(1.0),New passenger cars by type of motor energy,A,Annual,NR,Number,DIE,Diesel,NL,Netherlands,2021,,6920,,,,,
dataflow,ESTAT:ROAD_EQR_CARPDA(1.0),New passenger cars by type of motor energy,A,Annual,NR,Number,DIE,Diesel,NL,Netherlands,2022,,4638,,,,,
dataflow,ESTAT:ROAD_EQR_CARPDA(1.0),New passenger cars by type of motor energy,A,Annual,NR,Number,DIE,Diesel,NL,Netherlands,2023,,3966,,,,,
dataflow,ESTAT:ROAD_EQR_CARPDA(1.0),New passenger cars by type of motor energy,A,Annual,NR,Number,DIE,Diesel,NL,Netherlands,2024,,3765,,,,,
dataflow,ESTAT:ROAD_EQR_CARPDA(1.0),New passenger cars by type of motor energy,A,Annual,NR,Number,DIE,Diesel,NO,Norway,2015,,76985,,,,,
dataflow,ESTAT:ROAD_EQR_CARPDA(1.0),New passenger cars by type of motor energy,A,Annual,NR,Number,DIE,Diesel,NO,Norway,2016,,53516,,,,,
dataflow,ESTAT:ROAD_EQR_CARPDA(1.0),New passenger cars by type of motor energy,A,Annual,NR,Number,DIE,Diesel,NO,Norway,2017,,44498,,,,,
dataflow,ESTAT:ROAD_EQR_CARPDA(1.0),New passenger cars by type of motor energy,A,Annual,NR,Number,DIE,Diesel,NO,Norway,2018,,34305,,,,,
dataflow,ESTAT:ROAD_EQR_CARPDA(1.0),New passenger cars by type of motor energy,A,Annual,NR,Number,DIE,Diesel,NO,Norway,2019,,28398,,,,,
dataflow,ESTAT:ROAD_EQR_CARPDA(1.0),New passenger cars by type of motor energy,A,Annual,NR,Number,DIE,Diesel,NO,Norway,2020,,19709,,,,,
dataflow,ESTAT:ROAD_EQR_CARPDA(1.0),New passenger cars by type of motor energy,A,Annual,NR,Number,DIE,Diesel,NO,Norway,2021,,11972,,,,,
dataflow,ESTAT:ROAD_EQR_CARPDA(1.0),New passenger cars by type of motor energy,A,Annual,NR,Number,DIE,Diesel,NO,Norway,2022,,8148,,,,,
dataflow,ESTAT:ROAD_EQR_CARPDA(1.0),New passenger cars by type of motor energy,A,Annual,NR,Number,DIE,Diesel,NO,Norway,2023,,4936,,,,,
dataflow,ESTAT:ROAD_EQR_CARPDA(1.0),New passenger cars by type of motor energy,A,Annual,NR,Number,DIE,Diesel,NO,Norway,2024,,4477,,,,,
dataflow,ESTAT:ROAD_EQR_CARPDA(1.0),New passenger cars by type of motor energy,A,Annual,NR,Number,DIE,Diesel,PL,Poland,2015,,120373,,i,value imputed by Eurostat or other receiving agencies,,
dataflow,ESTAT:ROAD_EQR_CARPDA(1.0),New passenger cars by type of motor energy,A,Annual,NR,Number,DIE,Diesel,PL,Poland,2016,,134037,,i,value imputed by Eurostat or other receiving agencies,,
dataflow,ESTAT:ROAD_EQR_CARPDA(1.0),New passenger cars by type of motor energy,A,Annual,NR,Number,DIE,Diesel,PL,Poland,2017,,139474,,i,value imputed by Eurostat or other receiving agencies,,
dataflow,ESTAT:ROAD_EQR_CARPDA(1.0),New passenger cars by type of motor energy,A,Annual,NR,Number,DIE,Diesel,PL,Poland,2018,,136952,,i,value imputed by Eurostat or other receiving agencies,,
dataflow,ESTAT:ROAD_EQR_CARPDA(1.0),New passenger cars by type of motor energy,A,Annual,NR,Number,DIE,Diesel,PL,Poland,2019,,121385,,i,value imputed by Eurostat or other receiving agencies,,
dataflow,ESTAT:ROAD_EQR_CARPDA(1.0),New passenger cars by type of motor energy,A,Annual,NR,Number,DIE,Diesel,PL,Poland,2020,,94592,,i,value imputed by Eurostat or other receiving agencies,,
dataflow,ESTAT:ROAD_EQR_CARPDA(1.0),New passenger cars by type of motor energy,A,Annual,NR,Number,DIE,Diesel,PL,Poland,2021,,86455,,i,value imputed by Eurostat or other receiving agencies,,
dataflow,ESTAT:ROAD_EQR_CARPDA(1.0),New passenger cars by type of motor energy,A,Annual,NR,Number,DIE,Diesel,PL,Poland,2022,,73990,,i,value imputed by Eurostat or other receiving agencies,,
dataflow,ESTAT:ROAD_EQR_CARPDA(1.0),New passenger cars by type of motor energy,A,Annual,NR,Number,DIE,Diesel,PL,Poland,2023,,83234,,i,value imputed by Eurostat or other receiving agencies,,
dataflow,ESTAT:ROAD_EQR_CARPDA(1.0),New passenger cars by type of motor energy,A,Annual,NR,Number,DIE,Diesel,PL,Poland,2024,,97953,,,,,
dataflow,ESTAT:ROAD_EQR_CARPDA(1.0),New passenger cars by type of motor energy,A,Annual,NR,Number,DIE,Diesel,PT,Portugal,2017,,139241,,,,,
dataflow,ESTAT:ROAD_EQR_CARPDA(1.0),New passenger cars by type of motor energy,A,Annual,NR,Number,DIE,Diesel,PT,Portugal,2018,,124059,,,,,
dataflow,ESTAT:ROAD_EQR_CARPDA(1.0),New passenger cars by type of motor energy,A,Annual,NR,Number,DIE,Diesel,PT,Portugal,2019,,91437,,,,,
dataflow,ESTAT:ROAD_EQR_CARPDA(1.0),New passenger cars by type of motor energy,A,Annual,NR,Number,DIE,Diesel,PT,Portugal,2020,,51887,,,,,
dataflow,ESTAT:ROAD_EQR_CARPDA(1.0),New passenger cars by type of motor energy,A,Annual,NR,Number,DIE,Diesel,PT,Portugal,2021,,38051,,,,,
dataflow,ESTAT:ROAD_EQR_CARPDA(1.0),New passenger cars by type of motor energy,A,Annual,NR,Number,DIE,Diesel,PT,Portugal,2022,,33362,,,,,
dataflow,ESTAT:ROAD_EQR_CARPDA(1.0),New passenger cars by type of motor energy,A,Annual,NR,Number,DIE,Diesel,PT,Portugal,2023,,29010,,,,,
dataflow,ESTAT:ROAD_EQR_CARPDA(1.0),New passenger cars by type of motor energy,A,Annual,NR,Number,DIE,Diesel,PT,Portugal,2024,,24072,,,,,
dataflow,ESTAT:ROAD_EQR_CARPDA(1.0),New passenger cars by type of motor energy,A,Annual,NR,Number,DIE,Diesel,RO,Romania,2015,,44904,,,,,
dataflow,ESTAT:ROAD_EQR_CARPDA(1.0),New passenger cars by type of motor energy,A,Annual,NR,Number,DIE,Diesel,RO,Romania,2016,,48696,,,,,
dataflow,ESTAT:ROAD_EQR_CARPDA(1.0),New passenger cars by type of motor energy,A,Annual,NR,Number,DIE,Diesel,RO,Romania,2017,,54178,,,,,
dataflow,ESTAT:ROAD_EQR_CARPDA(1.0),New passenger cars by type of motor energy,A,Annual,NR,Number,DIE,Diesel,RO,Romania,2018,,53371,,,,,
dataflow,ESTAT:ROAD_EQR_CARPDA(1.0),New passenger cars by type of motor energy,A,Annual,NR,Number,DIE,Diesel,RO,Romania,2019,,44078,,,,,
dataflow,ESTAT:ROAD_EQR_CARPDA(1.0),New passenger cars by type of motor energy,A,Annual,NR,Number,DIE,Diesel,RO,Romania,2020,,34963,,,,,
dataflow,ESTAT:ROAD_EQR_CARPDA(1.0),New passenger cars by type of motor energy,A,Annual,NR,Number,DIE,Diesel,RO,Romania,2021,,24057,,,,,
dataflow,ESTAT:ROAD_EQR_CARPDA(1.0),New passenger cars by type of motor energy,A,Annual,NR,Number,DIE,Diesel,RO,Romania,2022,,19178,,,,,
dataflow,ESTAT:ROAD_EQR_CARPDA(1.0),New passenger cars by type of motor energy,A,Annual,NR,Number,DIE,Diesel,RO,Romania,2023,,20455,,,,,
dataflow,ESTAT:ROAD_EQR_CARPDA(1.0),New passenger cars by type of motor energy,A,Annual,NR,Number,DIE,Diesel,RO,Romania,2024,,22796,,,,,
dataflow,ESTAT:ROAD_EQR_CARPDA(1.0),New passenger cars by type of motor energy,A,Annual,NR,Number,DIE,Diesel,RS,Serbia,2019,,20403,,,,,
dataflow,ESTAT:ROAD_EQR_CARPDA(1.0),New passenger cars by type of motor energy,A,Annual,NR,Number,DIE,Diesel,RS,Serbia,2020,,16454,,,,,
dataflow,ESTAT:ROAD_EQR_CARPDA(1.0),New passenger cars by type of motor energy,A,Annual,NR,Number,DIE,Diesel,RS,Serbia,2021,,12341,,,,,
dataflow,ESTAT:ROAD_EQR_CARPDA(1.0),New passenger cars by type of motor energy,A,Annual,NR,Number,DIE,Diesel,RS,Serbia,2022,,11738,,,,,
dataflow,ESTAT:ROAD_EQR_CARPDA(1.0),New passenger cars by type of motor energy,A,Annual,NR,Number,DIE,Diesel,RS,Serbia,2023,,12486,,,,,
dataflow,ESTAT:ROAD_EQR_CARPDA(1.0),New passenger cars by type of motor energy,A,Annual,NR,Number,DIE,Diesel,RS,Serbia,2024,,13818,,,,,
dataflow,ESTAT:ROAD_EQR_CARPDA(1.0),New passenger cars by type of motor energy,A,Annual,NR,Number,DIE,Diesel,SE,Sweden,2015,,207091,,,,,
dataflow,ESTAT:ROAD_EQR_CARPDA(1.0),New passenger cars by type of motor energy,A,Annual,NR,Number,DIE,Diesel,SE,Sweden,2016,,202383,,,,,
dataflow,ESTAT:ROAD_EQR_CARPDA(1.0),New passenger cars by type of motor energy,A,Annual,NR,Number,DIE,Diesel,SE,Sweden,2017,,192191,,,,,
dataflow,ESTAT:ROAD_EQR_CARPDA(1.0),New passenger cars by type of motor energy,A,Annual,NR,Number,DIE,Diesel,SE,Sweden,2018,,138666,,,,,
dataflow,ESTAT:ROAD_EQR_CARPDA(1.0),New passenger cars by type of motor energy,A,Annual,NR,Number,DIE,Diesel,SE,Sweden,2019,,123708,,,,,
dataflow,ESTAT:ROAD_EQR_CARPDA(1.0),New passenger cars by type of motor energy,A,Annual,NR,Number,DIE,Diesel,SE,Sweden,2020,,67981,,,,,
dataflow,ESTAT:ROAD_EQR_CARPDA(1.0),New passenger cars by type of motor energy,A,Annual,NR,Number,DIE,Diesel,SE,Sweden,2021,,53988,,,,,
dataflow,ESTAT:ROAD_EQR_CARPDA(1.0),New passenger cars by type of motor energy,A,Annual,NR,Number,DIE,Diesel,SE,Sweden,2022,,36432,,,,,
dataflow,ESTAT:ROAD_EQR_CARPDA(1.0),New passenger cars by type of motor energy,A,Annual,NR,Number,DIE,Diesel,SE,Sweden,2023,,25820,,,,,
dataflow,ESTAT:ROAD_EQR_CARPDA(1.0),New passenger cars by type of motor energy,A,Annual,NR,Number,DIE,Diesel,SE,Sweden,2024,,23290,,,,,
dataflow,ESTAT:ROAD_EQR_CARPDA(1.0),New passenger cars by type of motor energy,A,Annual,NR,Number,DIE,Diesel,SI,Slovenia,2015,,31031,,,,,
dataflow,ESTAT:ROAD_EQR_CARPDA(1.0),New passenger cars by type of motor energy,A,Annual,NR,Number,DIE,Diesel,SI,Slovenia,2016,,32589,,,,,
dataflow,ESTAT:ROAD_EQR_CARPDA(1.0),New passenger cars by type of motor energy,A,Annual,NR,Number,DIE,Diesel,SI,Slovenia,2017,,32410,,,,,
dataflow,ESTAT:ROAD_EQR_CARPDA(1.0),New passenger cars by type of motor energy,A,Annual,NR,Number,DIE,Diesel,SI,Slovenia,2018,,23877,,,,,
dataflow,ESTAT:ROAD_EQR_CARPDA(1.0),New passenger cars by type of motor energy,A,Annual,NR,Number,DIE,Diesel,SI,Slovenia,2019,,21499,,,,,
dataflow,ESTAT:ROAD_EQR_CARPDA(1.0),New passenger cars by type of motor energy,A,Annual,NR,Number,DIE,Diesel,SI,Slovenia,2020,,16918,,,,,
dataflow,ESTAT:ROAD_EQR_CARPDA(1.0),New passenger cars by type of motor energy,A,Annual,NR,Number,DIE,Diesel,SI,Slovenia,2021,,11743,,,,,
dataflow,ESTAT:ROAD_EQR_CARPDA(1.0),New passenger cars by type of motor energy,A,Annual,NR,Number,DIE,Diesel,SI,Slovenia,2022,,7739,,,,,
dataflow,ESTAT:ROAD_EQR_CARPDA(1.0),New passenger cars by type of motor energy,A,Annual,NR,Number,DIE,Diesel,SI,Slovenia,2023,,7355,,,,,
dataflow,ESTAT:ROAD_EQR_CARPDA(1.0),New passenger cars by type of motor energy,A,Annual,NR,Number,DIE,Diesel,SI,Slovenia,2024,,8113,,,,,
dataflow,ESTAT:ROAD_EQR_CARPDA(1.0),New passenger cars by type of motor energy,A,Annual,NR,Number,DIE,Diesel,SK,Slovakia,2020,,19082,,i,value imputed by Eurostat or other receiving agencies,,
dataflow,ESTAT:ROAD_EQR_CARPDA(1.0),New passenger cars by type of motor energy,A,Annual,NR,Number,DIE,Diesel,SK,Slovakia,2021,,14909,,i,value imputed by Eurostat or other receiving agencies,,
dataflow,ESTAT:ROAD_EQR_CARPDA(1.0),New passenger cars by type of motor energy,A,Annual,NR,Number,DIE,Diesel,SK,Slovakia,2022,,15780,,i,value imputed by Eurostat or other receiving agencies,,
dataflow,ESTAT:ROAD_EQR_CARPDA(1.0),New passenger cars by type of motor energy,A,Annual,NR,Number,DIE,Diesel,SK,Slovakia,2023,,19074,,i,value imputed by Eurostat or other receiving agencies,,
dataflow,ESTAT:ROAD_EQR_CARPDA(1.0),New passenger cars by type of motor energy,A,Annual,NR,Number,DIE,Diesel,SK,Slovakia,2024,,19396,,i,value imputed by Eurostat or other receiving agencies,,
dataflow,ESTAT:ROAD_EQR_CARPDA(1.0),New passenger cars by type of motor energy,A,Annual,NR,Number,DIE,Diesel,TR,Türkiye,2015,,462191,,,,,
dataflow,ESTAT:ROAD_EQR_CARPDA(1.0),New passenger cars by type of motor energy,A,Annual,NR,Number,DIE,Diesel,TR,Türkiye,2016,,460829,,,,,
dataflow,ESTAT:ROAD_EQR_CARPDA(1.0),New passenger cars by type of motor energy,A,Annual,NR,Number,DIE,Diesel,TR,Türkiye,2017,,457069,,,,,
dataflow,ESTAT:ROAD_EQR_CARPDA(1.0),New passenger cars by type of motor energy,A,Annual,NR,Number,DIE,Diesel,TR,Türkiye,2018,,320452,,,,,
dataflow,ESTAT:ROAD_EQR_CARPDA(1.0),New passenger cars by type of motor energy,A,Annual,NR,Number,DIE,Diesel,TR,Türkiye,2019,,211961,,,,,
dataflow,ESTAT:ROAD_EQR_CARPDA(1.0),New passenger cars by type of motor energy,A,Annual,NR,Number,DIE,Diesel,TR,Türkiye,2020,,247626,,,,,
dataflow,ESTAT:ROAD_EQR_CARPDA(1.0),New passenger cars by type of motor energy,A,Annual,NR,Number,DIE,Diesel,TR,Türkiye,2021,,149611,,,,,
dataflow,ESTAT:ROAD_EQR_CARPDA(1.0),New passenger cars by type of motor energy,A,Annual,NR,Number,DIE,Diesel,TR,Türkiye,2022,,107792,,,,,
dataflow,ESTAT:ROAD_EQR_CARPDA(1.0),New passenger cars by type of motor energy,A,Annual,NR,Number,DIE,Diesel,TR,Türkiye,2023,,162855,,,,,
dataflow,ESTAT:ROAD_EQR_CARPDA(1.0),New passenger cars by type of motor energy,A,Annual,NR,Number,DIE,Diesel,TR,Türkiye,2024,,122014,,,,,
dataflow,ESTAT:ROAD_EQR_CARPDA(1.0),New passenger cars by type of motor energy,A,Annual,NR,Number,DIE,Diesel,UA,Ukraine,2019,,18351,,,,,
dataflow,ESTAT:ROAD_EQR_CARPDA(1.0),New passenger cars by type of motor energy,A,Annual,NR,Number,DIE,Diesel,UA,Ukraine,2020,,29605,,,,,
dataflow,ESTAT:ROAD_EQR_CARPDA(1.0),New passenger cars by type of motor energy,A,Annual,NR,Number,DIE,Diesel,UA,Ukraine,2021,,31099,,,,,
dataflow,ESTAT:ROAD_EQR_CARPDA(1.0),New passenger cars by type of motor energy,A,Annual,NR,Number,DIE,Diesel,UA,Ukraine,2022,,10768,,,,,
dataflow,ESTAT:ROAD_EQR_CARPDA(1.0),New passenger cars by type of motor energy,A,Annual,NR,Number,DIE,Diesel,UA,Ukraine,2023,,18351,,,,,
dataflow,ESTAT:ROAD_EQR_CARPDA(1.0),New passenger cars by type of motor energy,A,Annual,NR,Number,DIE,Diesel,UA,Ukraine,2024,,20399,,,,,
dataflow,ESTAT:ROAD_EQR_CARPDA(1.0),New passenger cars by type of motor energy,A,Annual,NR,Number,DIE,Diesel,UK,United Kingdom,2015,,1257152,,,,,
dataflow,ESTAT:ROAD_EQR_CARPDA(1.0),New passenger cars by type of motor energy,A,Annual,NR,Number,DIE,Diesel,UK,United Kingdom,2016,,1264307,,,,,
dataflow,ESTAT:ROAD_EQR_CARPDA(1.0),New passenger cars by type of motor energy,A,Annual,NR,Number,DIE,Diesel,UK,United Kingdom,2017,,1049086,,,,,
dataflow,ESTAT:ROAD_EQR_CARPDA(1.0),New passenger cars by type of motor energy,A,Annual,NR,Number,DIE,Diesel,UK,United Kingdom,2018,,736172,,,,,
dataflow,ESTAT:ROAD_EQR_CARPDA(1.0),New passenger cars by type of motor energy,A,Annual,NR,Number,DIE,Diesel,UK,United Kingdom,2021,,223460,,,,,
dataflow,ESTAT:ROAD_EQR_CARPDA(1.0),New passenger cars by type of motor energy,A,Annual,NR,Number,DIE,Diesel,UK,United Kingdom,2022,,151936,,,,,
dataflow,ESTAT:ROAD_EQR_CARPDA(1.0),New passenger cars by type of motor energy,A,Annual,NR,Number,DIE,Diesel,UK,United Kingdom,2023,,141438,,,,,
dataflow,ESTAT:ROAD_EQR_CARPDA(1.0),New passenger cars by type of motor energy,A,Annual,NR,Number,DIE,Diesel,UK,United Kingdom,2024,,124534,,,,,
dataflow,ESTAT:ROAD_EQR_CARPDA(1.0),New passenger cars by type of motor energy,A,Annual,NR,Number,DIE,Diesel,XK,Kosovo*,2017,,16568,,,,,
dataflow,ESTAT:ROAD_EQR_CARPDA(1.0),New passenger cars by type of motor energy,A,Annual,NR,Number,DIE,Diesel,XK,Kosovo*,2018,,7714,,,,,
dataflow,ESTAT:ROAD_EQR_CARPDA(1.0),New passenger cars by type of motor energy,A,Annual,NR,Number,DIE,Diesel,XK,Kosovo*,2019,,22587,,,,,
dataflow,ESTAT:ROAD_EQR_CARPDA(1.0),New passenger cars by type of motor energy,A,Annual,NR,Number,DIE,Diesel,XK,Kosovo*,2021,,24300,,,,,
dataflow,ESTAT:ROAD_EQR_CARPDA(1.0),New passenger cars by type of motor energy,A,Annual,NR,Number,ELC,Electricity,AL,Albania,2019,,24,,,,,
dataflow,ESTAT:ROAD_EQR_CARPDA(1.0),New passenger cars by type of motor energy,A,Annual,NR,Number,ELC,Electricity,AL,Albania,2020,,239,,,,,
dataflow,ESTAT:ROAD_EQR_CARPDA(1.0),New passenger cars by type of motor energy,A,Annual,NR,Number,ELC,Electricity,AL,Albania,2021,,262,,,,,
dataflow,ESTAT:ROAD_EQR_CARPDA(1.0),New passenger cars by type of motor energy,A,Annual,NR,Number,ELC,Electricity,AL,Albania,2022,,624,,,,,
dataflow,ESTAT:ROAD_EQR_CARPDA(1.0),New passenger cars by type of motor energy,A,Annual,NR,Number,ELC,Electricity,AL,Albania,2023,,1671,,,,,
dataflow,ESTAT:ROAD_EQR_CARPDA(1.0),New passenger cars by type of motor energy,A,Annual,NR,Number,ELC,Electricity,AL,Albania,2024,,2843,,,,,
dataflow,ESTAT:ROAD_EQR_CARPDA(1.0),New passenger cars by type of motor energy,A,Annual,NR,Number,ELC,Electricity,AT,Austria,2015,,1677,,,,,
dataflow,ESTAT:ROAD_EQR_CARPDA(1.0),New passenger cars by type of motor energy,A,Annual,NR,Number,ELC,Electricity,AT,Austria,2016,,3826,,,,,
dataflow,ESTAT:ROAD_EQR_CARPDA(1.0),New passenger cars by type of motor energy,A,Annual,NR,Number,ELC,Electricity,AT,Austria,2017,,5433,,,,,
dataflow,ESTAT:ROAD_EQR_CARPDA(1.0),New passenger cars by type of motor energy,A,Annual,NR,Number,ELC,Electricity,AT,Austria,2018,,6757,,,,,
dataflow,ESTAT:ROAD_EQR_CARPDA(1.0),New passenger cars by type of motor energy,A,Annual,NR,Number,ELC,Electricity,AT,Austria,2019,,9242,,,,,
dataflow,ESTAT:ROAD_EQR_CARPDA(1.0),New passenger cars by type of motor energy,A,Annual,NR,Number,ELC,Electricity,AT,Austria,2020,,15972,,,,,
dataflow,ESTAT:ROAD_EQR_CARPDA(1.0),New passenger cars by type of motor energy,A,Annual,NR,Number,ELC,Electricity,AT,Austria,2021,,33366,,,,,
dataflow,ESTAT:ROAD_EQR_CARPDA(1.0),New passenger cars by type of motor energy,A,Annual,NR,Number,ELC,Electricity,AT,Austria,2022,,34165,,,,,
dataflow,ESTAT:ROAD_EQR_CARPDA(1.0),New passenger cars by type of motor energy,A,Annual,NR,Number,ELC,Electricity,AT,Austria,2023,,47621,,,,,
dataflow,ESTAT:ROAD_EQR_CARPDA(1.0),New passenger cars by type of motor energy,A,Annual,NR,Number,ELC,Electricity,AT,Austria,2024,,44622,,,,,
dataflow,ESTAT:ROAD_EQR_CARPDA(1.0),New passenger cars by type of motor energy,A,Annual,NR,Number,ELC,Electricity,BA,Bosnia and Herzegovina,2015,,1,,,,,
dataflow,ESTAT:ROAD_EQR_CARPDA(1.0),New passenger cars by type of motor energy,A,Annual,NR,Number,ELC,Electricity,BA,Bosnia and Herzegovina,2016,,0,,,,,
dataflow,ESTAT:ROAD_EQR_CARPDA(1.0),New passenger cars by type of motor energy,A,Annual,NR,Number,ELC,Electricity,BA,Bosnia and Herzegovina,2017,,7,,,,,
dataflow,ESTAT:ROAD_EQR_CARPDA(1.0),New passenger cars by type of motor energy,A,Annual,NR,Number,ELC,Electricity,BA,Bosnia and Herzegovina,2018,,3,,,,,
dataflow,ESTAT:ROAD_EQR_CARPDA(1.0),New passenger cars by type of motor energy,A,Annual,NR,Number,ELC,Electricity,BA,Bosnia and Herzegovina,2019,,13,,,,,
dataflow,ESTAT:ROAD_EQR_CARPDA(1.0),New passenger cars by type of motor energy,A,Annual,NR,Number,ELC,Electricity,BA,Bosnia and Herzegovina,2020,,8,,,,,
dataflow,ESTAT:ROAD_EQR_CARPDA(1.0),New passenger cars by type of motor energy,A,Annual,NR,Number,ELC,Electricity,BA,Bosnia and Herzegovina,2021,,28,,,,,
dataflow,ESTAT:ROAD_EQR_CARPDA(1.0),New passenger cars by type of motor energy,A,Annual,NR,Number,ELC,Electricity,BA,Bosnia and Herzegovina,2022,,33,,,,,
dataflow,ESTAT:ROAD_EQR_CARPDA(1.0),New passenger cars by type of motor energy,A,Annual,NR,Number,ELC,Electricity,BA,Bosnia and Herzegovina,2023,,135,,,,,
dataflow,ESTAT:ROAD_EQR_CARPDA(1.0),New passenger cars by type of motor energy,A,Annual,NR,Number,ELC,Electricity,BA,Bosnia and Herzegovina,2024,,96,,,,,
dataflow,ESTAT:ROAD_EQR_CARPDA(1.0),New passenger cars by type of motor energy,A,Annual,NR,Number,ELC,Electricity,BE,Belgium,2015,,1360,,,,,
dataflow,ESTAT:ROAD_EQR_CARPDA(1.0),New passenger cars by type of motor energy,A,Annual,NR,Number,ELC,Electricity,BE,Belgium,2016,,2061,,,,,
dataflow,ESTAT:ROAD_EQR_CARPDA(1.0),New passenger cars by type of motor energy,A,Annual,NR,Number,ELC,Electricity,BE,Belgium,2017,,2717,,,,,
dataflow,ESTAT:ROAD_EQR_CARPDA(1.0),New passenger cars by type of motor energy,A,Annual,NR,Number,ELC,Electricity,BE,Belgium,2018,,3763,,,,,
dataflow,ESTAT:ROAD_EQR_CARPDA(1.0),New passenger cars by type of motor energy,A,Annual,NR,Number,ELC,Electricity,BE,Belgium,2019,,8892,,,,,
dataflow,ESTAT:ROAD_EQR_CARPDA(1.0),New passenger cars by type of motor energy,A,Annual,NR,Number,ELC,Electricity,BE,Belgium,2020,,15044,,,,,
dataflow,ESTAT:ROAD_EQR_CARPDA(1.0),New passenger cars by type of motor energy,A,Annual,NR,Number,ELC,Electricity,BE,Belgium,2021,,22774,,,,,
dataflow,ESTAT:ROAD_EQR_CARPDA(1.0),New passenger cars by type of motor energy,A,Annual,NR,Number,ELC,Electricity,BE,Belgium,2022,,37760,,,,,
dataflow,ESTAT:ROAD_EQR_CARPDA(1.0),New passenger cars by type of motor energy,A,Annual,NR,Number,ELC,Electricity,BE,Belgium,2023,,93482,,,,,
dataflow,ESTAT:ROAD_EQR_CARPDA(1.0),New passenger cars by type of motor energy,A,Annual,NR,Number,ELC,Electricity,BE,Belgium,2024,,127915,,i,value imputed by Eurostat or other receiving agencies,,
dataflow,ESTAT:ROAD_EQR_CARPDA(1.0),New passenger cars by type of motor energy,A,Annual,NR,Number,ELC,Electricity,BG,Bulgaria,2015,,10,,i,value imputed by Eurostat or other receiving agencies,,
dataflow,ESTAT:ROAD_EQR_CARPDA(1.0),New passenger cars by type of motor energy,A,Annual,NR,Number,ELC,Electricity,BG,Bulgaria,2016,,11,,i,value imputed by Eurostat or other receiving agencies,,
dataflow,ESTAT:ROAD_EQR_CARPDA(1.0),New passenger cars by type of motor energy,A,Annual,NR,Number,ELC,Electricity,BG,Bulgaria,2017,,13,,i,value imputed by Eurostat or other receiving agencies,,
dataflow,ESTAT:ROAD_EQR_CARPDA(1.0),New passenger cars by type of motor energy,A,Annual,NR,Number,ELC,Electricity,BG,Bulgaria,2018,,145,,i,value imputed by Eurostat or other receiving agencies,,
dataflow,ESTAT:ROAD_EQR_CARPDA(1.0),New passenger cars by type of motor energy,A,Annual,NR,Number,ELC,Electricity,BG,Bulgaria,2019,,188,,i,value imputed by Eurostat or other receiving agencies,,
dataflow,ESTAT:ROAD_EQR_CARPDA(1.0),New passenger cars by type of motor energy,A,Annual,NR,Number,ELC,Electricity,BG,Bulgaria,2020,,139,,i,value imputed by Eurostat or other receiving agencies,,
dataflow,ESTAT:ROAD_EQR_CARPDA(1.0),New passenger cars by type of motor energy,A,Annual,NR,Number,ELC,Electricity,BG,Bulgaria,2021,,321,,i,value imputed by Eurostat or other receiving agencies,,
dataflow,ESTAT:ROAD_EQR_CARPDA(1.0),New passenger cars by type of motor energy,A,Annual,NR,Number,ELC,Electricity,BG,Bulgaria,2022,,1021,,i,value imputed by Eurostat or other receiving agencies,,
dataflow,ESTAT:ROAD_EQR_CARPDA(1.0),New passenger cars by type of motor energy,A,Annual,NR,Number,ELC,Electricity,BG,Bulgaria,2023,,1754,,i,value imputed by Eurostat or other receiving agencies,,
dataflow,ESTAT:ROAD_EQR_CARPDA(1.0),New passenger cars by type of motor energy,A,Annual,NR,Number,ELC,Electricity,BG,Bulgaria,2024,,1665,,i,value imputed by Eurostat or other receiving agencies,,
dataflow,ESTAT:ROAD_EQR_CARPDA(1.0),New passenger cars by type of motor energy,A,Annual,NR,Number,ELC,Electricity,CH,Switzerland,2015,,3882,,,,,
dataflow,ESTAT:ROAD_EQR_CARPDA(1.0),New passenger cars by type of motor energy,A,Annual,NR,Number,ELC,Electricity,CH,Switzerland,2016,,3525,,,,,
dataflow,ESTAT:ROAD_EQR_CARPDA(1.0),New passenger cars by type of motor energy,A,Annual,NR,Number,ELC,Electricity,CH,Switzerland,2017,,4929,,,,,
dataflow,ESTAT:ROAD_EQR_CARPDA(1.0),New passenger cars by type of motor energy,A,Annual,NR,Number,ELC,Electricity,CH,Switzerland,2018,,5349,,,,,
dataflow,ESTAT:ROAD_EQR_CARPDA(1.0),New passenger cars by type of motor energy,A,Annual,NR,Number,ELC,Electricity,CH,Switzerland,2019,,13177,,,,,
dataflow,ESTAT:ROAD_EQR_CARPDA(1.0),New passenger cars by type of motor energy,A,Annual,NR,Number,ELC,Electricity,CH,Switzerland,2020,,19753,,,,,
dataflow,ESTAT:ROAD_EQR_CARPDA(1.0),New passenger cars by type of motor energy,A,Annual,NR,Number,ELC,Electricity,CH,Switzerland,2021,,32025,,,,,
dataflow,ESTAT:ROAD_EQR_CARPDA(1.0),New passenger cars by type of motor energy,A,Annual,NR,Number,ELC,Electricity,CH,Switzerland,2022,,40518,,,,,
dataflow,ESTAT:ROAD_EQR_CARPDA(1.0),New passenger cars by type of motor energy,A,Annual,NR,Number,ELC,Electricity,CH,Switzerland,2023,,52947,,,,,
dataflow,ESTAT:ROAD_EQR_CARPDA(1.0),New passenger cars by type of motor energy,A,Annual,NR,Number,ELC,Electricity,CH,Switzerland,2024,,46608,,,,,
dataflow,ESTAT:ROAD_EQR_CARPDA(1.0),New passenger cars by type of motor energy,A,Annual,NR,Number,ELC,Electricity,CY,Cyprus,2015,,4,,,,,
dataflow,ESTAT:ROAD_EQR_CARPDA(1.0),New passenger cars by type of motor energy,A,Annual,NR,Number,ELC,Electricity,CY,Cyprus,2016,,7,,,,,
dataflow,ESTAT:ROAD_EQR_CARPDA(1.0),New passenger cars by type of motor energy,A,Annual,NR,Number,ELC,Electricity,CY,Cyprus,2017,,18,,,,,
dataflow,ESTAT:ROAD_EQR_CARPDA(1.0),New passenger cars by type of motor energy,A,Annual,NR,Number,ELC,Electricity,CY,Cyprus,2018,,5,,,,,
dataflow,ESTAT:ROAD_EQR_CARPDA(1.0),New passenger cars by type of motor energy,A,Annual,NR,Number,ELC,Electricity,CY,Cyprus,2019,,58,,,,,
dataflow,ESTAT:ROAD_EQR_CARPDA(1.0),New passenger cars by type of motor energy,A,Annual,NR,Number,ELC,Electricity,CY,Cyprus,2020,,42,,,,,
dataflow,ESTAT:ROAD_EQR_CARPDA(1.0),New passenger cars by type of motor energy,A,Annual,NR,Number,ELC,Electricity,CY,Cyprus,2021,,78,,,,,
dataflow,ESTAT:ROAD_EQR_CARPDA(1.0),New passenger cars by type of motor energy,A,Annual,NR,Number,ELC,Electricity,CY,Cyprus,2022,,401,,,,,
dataflow,ESTAT:ROAD_EQR_CARPDA(1.0),New passenger cars by type of motor energy,A,Annual,NR,Number,ELC,Electricity,CY,Cyprus,2023,,788,,,,,
dataflow,ESTAT:ROAD_EQR_CARPDA(1.0),New passenger cars by type of motor energy,A,Annual,NR,Number,ELC,Electricity,CY,Cyprus,2024,,1193,,,,,
dataflow,ESTAT:ROAD_EQR_CARPDA(1.0),New passenger cars by type of motor energy,A,Annual,NR,Number,ELC,Electricity,CZ,Czechia,2015,,312,,i,value imputed by Eurostat or other receiving agencies,,
dataflow,ESTAT:ROAD_EQR_CARPDA(1.0),New passenger cars by type of motor energy,A,Annual,NR,Number,ELC,Electricity,CZ,Czechia,2016,,210,,i,value imputed by Eurostat or other receiving agencies,,
dataflow,ESTAT:ROAD_EQR_CARPDA(1.0),New passenger cars by type of motor energy,A,Annual,NR,Number,ELC,Electricity,CZ,Czechia,2017,,376,,i,value imputed by Eurostat or other receiving agencies,,
dataflow,ESTAT:ROAD_EQR_CARPDA(1.0),New passenger cars by type of motor energy,A,Annual,NR,Number,ELC,Electricity,CZ,Czechia,2018,,731,,i,value imputed by Eurostat or other receiving agencies,,
dataflow,ESTAT:ROAD_EQR_CARPDA(1.0),New passenger cars by type of motor energy,A,Annual,NR,Number,ELC,Electricity,CZ,Czechia,2019,,778,,i,value imputed by Eurostat or other receiving agencies,,
dataflow,ESTAT:ROAD_EQR_CARPDA(1.0),New passenger cars by type of motor energy,A,Annual,NR,Number,ELC,Electricity,CZ,Czechia,2020,,3284,,i,value imputed by Eurostat or other receiving agencies,,
dataflow,ESTAT:ROAD_EQR_CARPDA(1.0),New passenger cars by type of motor energy,A,Annual,NR,Number,ELC,Electricity,CZ,Czechia,2021,,3172,,,,,
dataflow,ESTAT:ROAD_EQR_CARPDA(1.0),New passenger cars by type of motor energy,A,Annual,NR,Number,ELC,Electricity,CZ,Czechia,2022,,3786,,,,,
dataflow,ESTAT:ROAD_EQR_CARPDA(1.0),New passenger cars by type of motor energy,A,Annual,NR,Number,ELC,Electricity,CZ,Czechia,2023,,6567,,,,,
dataflow,ESTAT:ROAD_EQR_CARPDA(1.0),New passenger cars by type of motor energy,A,Annual,NR,Number,ELC,Electricity,CZ,Czechia,2024,,10854,,,,,
dataflow,ESTAT:ROAD_EQR_CARPDA(1.0),New passenger cars by type of motor energy,A,Annual,NR,Number,ELC,Electricity,DE,Germany,2015,,12363,,,,,
dataflow,ESTAT:ROAD_EQR_CARPDA(1.0),New passenger cars by type of motor energy,A,Annual,NR,Number,ELC,Electricity,DE,Germany,2016,,11410,,,,,
dataflow,ESTAT:ROAD_EQR_CARPDA(1.0),New passenger cars by type of motor energy,A,Annual,NR,Number,ELC,Electricity,DE,Germany,2017,,25056,,,,,
dataflow,ESTAT:ROAD_EQR_CARPDA(1.0),New passenger cars by type of motor energy,A,Annual,NR,Number,ELC,Electricity,DE,Germany,2018,,36062,,,,,
dataflow,ESTAT:ROAD_EQR_CARPDA(1.0),New passenger cars by type of motor energy,A,Annual,NR,Number,ELC,Electricity,DE,Germany,2019,,63281,,,,,
dataflow,ESTAT:ROAD_EQR_CARPDA(1.0),New passenger cars by type of motor energy,A,Annual,NR,Number,ELC,Electricity,DE,Germany,2020,,194163,,,,,
dataflow,ESTAT:ROAD_EQR_CARPDA(1.0),New passenger cars by type of motor energy,A,Annual,NR,Number,ELC,Electricity,DE,Germany,2021,,355961,,,,,
dataflow,ESTAT:ROAD_EQR_CARPDA(1.0),New passenger cars by type of motor energy,A,Annual,NR,Number,ELC,Electricity,DE,Germany,2022,,470559,,,,,
dataflow,ESTAT:ROAD_EQR_CARPDA(1.0),New passenger cars by type of motor energy,A,Annual,NR,Number,ELC,Electricity,DE,Germany,2023,,524219,,,,,
dataflow,ESTAT:ROAD_EQR_CARPDA(1.0),New passenger cars by type of motor energy,A,Annual,NR,Number,ELC,Electricity,DE,Germany,2024,,380609,,,,,
dataflow,ESTAT:ROAD_EQR_CARPDA(1.0),New passenger cars by type of motor energy,A,Annual,NR,Number,ELC,Electricity,DK,Denmark,2015,,1265,,,,,
dataflow,ESTAT:ROAD_EQR_CARPDA(1.0),New passenger cars by type of motor energy,A,Annual,NR,Number,ELC,Electricity,DK,Denmark,2016,,1265,,,,,
dataflow,ESTAT:ROAD_EQR_CARPDA(1.0),New passenger cars by type of motor energy,A,Annual,NR,Number,ELC,Electricity,DK,Denmark,2017,,691,,,,,
dataflow,ESTAT:ROAD_EQR_CARPDA(1.0),New passenger cars by type of motor energy,A,Annual,NR,Number,ELC,Electricity,DK,Denmark,2018,,1544,,,,,
dataflow,ESTAT:ROAD_EQR_CARPDA(1.0),New passenger cars by type of motor energy,A,Annual,NR,Number,ELC,Electricity,DK,Denmark,2019,,5501,,,,,
dataflow,ESTAT:ROAD_EQR_CARPDA(1.0),New passenger cars by type of motor energy,A,Annual,NR,Number,ELC,Electricity,DK,Denmark,2020,,14218,,,,,
dataflow,ESTAT:ROAD_EQR_CARPDA(1.0),New passenger cars by type of motor energy,A,Annual,NR,Number,ELC,Electricity,DK,Denmark,2021,,24876,,,,,
dataflow,ESTAT:ROAD_EQR_CARPDA(1.0),New passenger cars by type of motor energy,A,Annual,NR,Number,ELC,Electricity,DK,Denmark,2022,,30799,,,,,
dataflow,ESTAT:ROAD_EQR_CARPDA(1.0),New passenger cars by type of motor energy,A,Annual,NR,Number,ELC,Electricity,DK,Denmark,2023,,62576,,,,,
dataflow,ESTAT:ROAD_EQR_CARPDA(1.0),New passenger cars by type of motor energy,A,Annual,NR,Number,ELC,Electricity,DK,Denmark,2024,,89058,,,,,
dataflow,ESTAT:ROAD_EQR_CARPDA(1.0),New passenger cars by type of motor energy,A,Annual,NR,Number,ELC,Electricity,EE,Estonia,2015,,30,,,,,
dataflow,ESTAT:ROAD_EQR_CARPDA(1.0),New passenger cars by type of motor energy,A,Annual,NR,Number,ELC,Electricity,EE,Estonia,2016,,32,,,,,
dataflow,ESTAT:ROAD_EQR_CARPDA(1.0),New passenger cars by type of motor energy,A,Annual,NR,Number,ELC,Electricity,EE,Estonia,2017,,26,,,,,
dataflow,ESTAT:ROAD_EQR_CARPDA(1.0),New passenger cars by type of motor energy,A,Annual,NR,Number,ELC,Electricity,EE,Estonia,2018,,83,,,,,
dataflow,ESTAT:ROAD_EQR_CARPDA(1.0),New passenger cars by type of motor energy,A,Annual,NR,Number,ELC,Electricity,EE,Estonia,2019,,77,,,,,
dataflow,ESTAT:ROAD_EQR_CARPDA(1.0),New passenger cars by type of motor energy,A,Annual,NR,Number,ELC,Electricity,EE,Estonia,2020,,344,,,,,
dataflow,ESTAT:ROAD_EQR_CARPDA(1.0),New passenger cars by type of motor energy,A,Annual,NR,Number,ELC,Electricity,EE,Estonia,2021,,487,,,,,
dataflow,ESTAT:ROAD_EQR_CARPDA(1.0),New passenger cars by type of motor energy,A,Annual,NR,Number,ELC,Electricity,EE,Estonia,2022,,693,,,,,
dataflow,ESTAT:ROAD_EQR_CARPDA(1.0),New passenger cars by type of motor energy,A,Annual,NR,Number,ELC,Electricity,EE,Estonia,2023,,1448,,,,,
dataflow,ESTAT:ROAD_EQR_CARPDA(1.0),New passenger cars by type of motor energy,A,Annual,NR,Number,ELC,Electricity,EE,Estonia,2024,,1323,,,,,
dataflow,ESTAT:ROAD_EQR_CARPDA(1.0),New passenger cars by type of motor energy,A,Annual,NR,Number,ELC,Electricity,EL,Greece,2015,,32,,,,,
dataflow,ESTAT:ROAD_EQR_CARPDA(1.0),New passenger cars by type of motor energy,A,Annual,NR,Number,ELC,Electricity,EL,Greece,2016,,20,,,,,
dataflow,ESTAT:ROAD_EQR_CARPDA(1.0),New passenger cars by type of motor energy,A,Annual,NR,Number,ELC,Electricity,EL,Greece,2017,,37,,,,,
dataflow,ESTAT:ROAD_EQR_CARPDA(1.0),New passenger cars by type of motor energy,A,Annual,NR,Number,ELC,Electricity,EL,Greece,2018,,77,,,,,
dataflow,ESTAT:ROAD_EQR_CARPDA(1.0),New passenger cars by type of motor energy,A,Annual,NR,Number,ELC,Electricity,EL,Greece,2019,,188,,,,,
dataflow,ESTAT:ROAD_EQR_CARPDA(1.0),New passenger cars by type of motor energy,A,Annual,NR,Number,ELC,Electricity,EL,Greece,2020,,678,,i,value imputed by Eurostat or other receiving agencies,,
dataflow,ESTAT:ROAD_EQR_CARPDA(1.0),New passenger cars by type of motor energy,A,Annual,NR,Number,ELC,Electricity,EL,Greece,2021,,2174,,e,estimated,,
dataflow,ESTAT:ROAD_EQR_CARPDA(1.0),New passenger cars by type of motor energy,A,Annual,NR,Number,ELC,Electricity,EL,Greece,2022,,2826,,,,,
dataflow,ESTAT:ROAD_EQR_CARPDA(1.0),New passenger cars by type of motor energy,A,Annual,NR,Number,ELC,Electricity,EL,Greece,2023,,6377,,,,,
dataflow,ESTAT:ROAD_EQR_CARPDA(1.0),New passenger cars by type of motor energy,A,Annual,NR,Number,ELC,Electricity,EL,Greece,2024,,8708,,,,,
dataflow,ESTAT:ROAD_EQR_CARPDA(1.0),New passenger cars by type of motor energy,A,Annual,NR,Number,ELC,Electricity,ES,Spain,2015,,2620,,,,,
dataflow,ESTAT:ROAD_EQR_CARPDA(1.0),New passenger cars by type of motor energy,A,Annual,NR,Number,ELC,Electricity,ES,Spain,2016,,2085,,,,,
dataflow,ESTAT:ROAD_EQR_CARPDA(1.0),New passenger cars by type of motor energy,A,Annual,NR,Number,ELC,Electricity,ES,Spain,2017,,4038,,,,,
dataflow,ESTAT:ROAD_EQR_CARPDA(1.0),New passenger cars by type of motor energy,A,Annual,NR,Number,ELC,Electricity,ES,Spain,2018,,6238,,,,,
dataflow,ESTAT:ROAD_EQR_CARPDA(1.0),New passenger cars by type of motor energy,A,Annual,NR,Number,ELC,Electricity,ES,Spain,2019,,10415,,,,,
dataflow,ESTAT:ROAD_EQR_CARPDA(1.0),New passenger cars by type of motor energy,A,Annual,NR,Number,ELC,Electricity,ES,Spain,2020,,18217,,,,,
dataflow,ESTAT:ROAD_EQR_CARPDA(1.0),New passenger cars by type of motor energy,A,Annual,NR,Number,ELC,Electricity,ES,Spain,2021,,24400,,,,,
dataflow,ESTAT:ROAD_EQR_CARPDA(1.0),New passenger cars by type of motor energy,A,Annual,NR,Number,ELC,Electricity,ES,Spain,2022,,31737,,,,,
dataflow,ESTAT:ROAD_EQR_CARPDA(1.0),New passenger cars by type of motor energy,A,Annual,NR,Number,ELC,Electricity,ES,Spain,2023,,55388,,,,,
dataflow,ESTAT:ROAD_EQR_CARPDA(1.0),New passenger cars by type of motor energy,A,Annual,NR,Number,ELC,Electricity,ES,Spain,2024,,59383,,,,,
dataflow,ESTAT:ROAD_EQR_CARPDA(1.0),New passenger cars by type of motor energy,A,Annual,NR,Number,ELC,Electricity,EU27_2020,European Union - 27 countries (from 2020),2015,,46669,,,,,
dataflow,ESTAT:ROAD_EQR_CARPDA(1.0),New passenger cars by type of motor energy,A,Annual,NR,Number,ELC,Electricity,EU27_2020,European Union - 27 countries (from 2020),2016,,53527,,,,,
dataflow,ESTAT:ROAD_EQR_CARPDA(1.0),New passenger cars by type of motor energy,A,Annual,NR,Number,ELC,Electricity,EU27_2020,European Union - 27 countries (from 2020),2017,,83793,,,,,
dataflow,ESTAT:ROAD_EQR_CARPDA(1.0),New passenger cars by type of motor energy,A,Annual,NR,Number,ELC,Electricity,EU27_2020,European Union - 27 countries (from 2020),2018,,134444,,,,,
dataflow,ESTAT:ROAD_EQR_CARPDA(1.0),New passenger cars by type of motor energy,A,Annual,NR,Number,ELC,Electricity,EU27_2020,European Union - 27 countries (from 2020),2019,,250082,,,,,
dataflow,ESTAT:ROAD_EQR_CARPDA(1.0),New passenger cars by type of motor energy,A,Annual,NR,Number,ELC,Electricity,EU27_2020,European Union - 27 countries (from 2020),2020,,538927,,,,,
dataflow,ESTAT:ROAD_EQR_CARPDA(1.0),New passenger cars by type of motor energy,A,Annual,NR,Number,ELC,Electricity,EU27_2020,European Union - 27 countries (from 2020),2021,,885038,,,,,
dataflow,ESTAT:ROAD_EQR_CARPDA(1.0),New passenger cars by type of motor energy,A,Annual,NR,Number,ELC,Electricity,EU27_2020,European Union - 27 countries (from 2020),2022,,1129786,,,,,
dataflow,ESTAT:ROAD_EQR_CARPDA(1.0),New passenger cars by type of motor energy,A,Annual,NR,Number,ELC,Electricity,EU27_2020,European Union - 27 countries (from 2020),2023,,1547676,,,,,
dataflow,ESTAT:ROAD_EQR_CARPDA(1.0),New passenger cars by type of motor energy,A,Annual,NR,Number,ELC,Electricity,EU27_2020,European Union - 27 countries (from 2020),2024,,1455122,,,,,
dataflow,ESTAT:ROAD_EQR_CARPDA(1.0),New passenger cars by type of motor energy,A,Annual,NR,Number,ELC,Electricity,FI,Finland,2015,,243,,,,,
dataflow,ESTAT:ROAD_EQR_CARPDA(1.0),New passenger cars by type of motor energy,A,Annual,NR,Number,ELC,Electricity,FI,Finland,2016,,223,,,,,
dataflow,ESTAT:ROAD_EQR_CARPDA(1.0),New passenger cars by type of motor energy,A,Annual,NR,Number,ELC,Electricity,FI,Finland,2017,,502,,,,,
dataflow,ESTAT:ROAD_EQR_CARPDA(1.0),New passenger cars by type of motor energy,A,Annual,NR,Number,ELC,Electricity,FI,Finland,2018,,776,,,,,
dataflow,ESTAT:ROAD_EQR_CARPDA(1.0),New passenger cars by type of motor energy,A,Annual,NR,Number,ELC,Electricity,FI,Finland,2019,,1897,,,,,
dataflow,ESTAT:ROAD_EQR_CARPDA(1.0),New passenger cars by type of motor energy,A,Annual,NR,Number,ELC,Electricity,FI,Finland,2020,,4245,,,,,
dataflow,ESTAT:ROAD_EQR_CARPDA(1.0),New passenger cars by type of motor energy,A,Annual,NR,Number,ELC,Electricity,FI,Finland,2021,,10153,,,,,
dataflow,ESTAT:ROAD_EQR_CARPDA(1.0),New passenger cars by type of motor energy,A,Annual,NR,Number,ELC,Electricity,FI,Finland,2022,,14531,,,,,
dataflow,ESTAT:ROAD_EQR_CARPDA(1.0),New passenger cars by type of motor energy,A,Annual,NR,Number,ELC,Electricity,FI,Finland,2023,,29537,,,,,
dataflow,ESTAT:ROAD_EQR_CARPDA(1.0),New passenger cars by type of motor energy,A,Annual,NR,Number,ELC,Electricity,FI,Finland,2024,,21870,,,,,
dataflow,ESTAT:ROAD_EQR_CARPDA(1.0),New passenger cars by type of motor energy,A,Annual,NR,Number,ELC,Electricity,FR,France,2015,,17269,,,,,
dataflow,ESTAT:ROAD_EQR_CARPDA(1.0),New passenger cars by type of motor energy,A,Annual,NR,Number,ELC,Electricity,FR,France,2016,,21758,,,,,
dataflow,ESTAT:ROAD_EQR_CARPDA(1.0),New passenger cars by type of motor energy,A,Annual,NR,Number,ELC,Electricity,FR,France,2017,,25368,,,,,
dataflow,ESTAT:ROAD_EQR_CARPDA(1.0),New passenger cars by type of motor energy,A,Annual,NR,Number,ELC,Electricity,FR,France,2018,,31687,,,,,
dataflow,ESTAT:ROAD_EQR_CARPDA(1.0),New passenger cars by type of motor energy,A,Annual,NR,Number,ELC,Electricity,FR,France,2019,,43564,,,,,
dataflow,ESTAT:ROAD_EQR_CARPDA(1.0),New passenger cars by type of motor energy,A,Annual,NR,Number,ELC,Electricity,FR,France,2020,,112499,,,,,
dataflow,ESTAT:ROAD_EQR_CARPDA(1.0),New passenger cars by type of motor energy,A,Annual,NR,Number,ELC,Electricity,FR,France,2021,,165566,,,,,
dataflow,ESTAT:ROAD_EQR_CARPDA(1.0),New passenger cars by type of motor energy,A,Annual,NR,Number,ELC,Electricity,FR,France,2022,,207171,,,,,
dataflow,ESTAT:ROAD_EQR_CARPDA(1.0),New passenger cars by type of motor energy,A,Annual,NR,Number,ELC,Electricity,FR,France,2023,,303590,,,,,
dataflow,ESTAT:ROAD_EQR_CARPDA(1.0),New passenger cars by type of motor energy,A,Annual,NR,Number,ELC,Electricity,FR,France,2024,,295053,,,,,
dataflow,ESTAT:ROAD_EQR_CARPDA(1.0),New passenger cars by type of motor energy,A,Annual,NR,Number,ELC,Electricity,GE,Georgia,2017,,83,,,,,
dataflow,ESTAT:ROAD_EQR_CARPDA(1.0),New passenger cars by type of motor energy,A,Annual,NR,Number,ELC,Electricity,GE,Georgia,2018,,21,,,,,
dataflow,ESTAT:ROAD_EQR_CARPDA(1.0),New passenger cars by type of motor energy,A,Annual,NR,Number,ELC,Electricity,GE,Georgia,2019,,108,,,,,
dataflow,ESTAT:ROAD_EQR_CARPDA(1.0),New passenger cars by type of motor energy,A,Annual,NR,Number,ELC,Electricity,GE,Georgia,2020,,22,,,,,
dataflow,ESTAT:ROAD_EQR_CARPDA(1.0),New passenger cars by type of motor energy,A,Annual,NR,Number,ELC,Electricity,GE,Georgia,2021,,43,,,,,
dataflow,ESTAT:ROAD_EQR_CARPDA(1.0),New passenger cars by type of motor energy,A,Annual,NR,Number,ELC,Electricity,GE,Georgia,2022,,206,,,,,
dataflow,ESTAT:ROAD_EQR_CARPDA(1.0),New passenger cars by type of motor energy,A,Annual,NR,Number,ELC,Electricity,GE,Georgia,2023,,245,,,,,
dataflow,ESTAT:ROAD_EQR_CARPDA(1.0),New passenger cars by type of motor energy,A,Annual,NR,Number,ELC,Electricity,GE,Georgia,2024,,513,,,,,
dataflow,ESTAT:ROAD_EQR_CARPDA(1.0),New passenger cars by type of motor energy,A,Annual,NR,Number,ELC,Electricity,HR,Croatia,2015,,80,,,,,
dataflow,ESTAT:ROAD_EQR_CARPDA(1.0),New passenger cars by type of motor energy,A,Annual,NR,Number,ELC,Electricity,HR,Croatia,2016,,66,,,,,
dataflow,ESTAT:ROAD_EQR_CARPDA(1.0),New passenger cars by type of motor energy,A,Annual,NR,Number,ELC,Electricity,HR,Croatia,2017,,55,,,,,
dataflow,ESTAT:ROAD_EQR_CARPDA(1.0),New passenger cars by type of motor energy,A,Annual,NR,Number,ELC,Electricity,HR,Croatia,2018,,182,,,,,
dataflow,ESTAT:ROAD_EQR_CARPDA(1.0),New passenger cars by type of motor energy,A,Annual,NR,Number,ELC,Electricity,HR,Croatia,2019,,279,,,,,
dataflow,ESTAT:ROAD_EQR_CARPDA(1.0),New passenger cars by type of motor energy,A,Annual,NR,Number,ELC,Electricity,HR,Croatia,2020,,639,,,,,
dataflow,ESTAT:ROAD_EQR_CARPDA(1.0),New passenger cars by type of motor energy,A,Annual,NR,Number,ELC,Electricity,HR,Croatia,2021,,1121,,,,,
dataflow,ESTAT:ROAD_EQR_CARPDA(1.0),New passenger cars by type of motor energy,A,Annual,NR,Number,ELC,Electricity,HR,Croatia,2022,,1062,,,,,
dataflow,ESTAT:ROAD_EQR_CARPDA(1.0),New passenger cars by type of motor energy,A,Annual,NR,Number,ELC,Electricity,HR,Croatia,2023,,1125,,,,,
dataflow,ESTAT:ROAD_EQR_CARPDA(1.0),New passenger cars by type of motor energy,A,Annual,NR,Number,ELC,Electricity,HR,Croatia,2024,,882,,,,,
dataflow,ESTAT:ROAD_EQR_CARPDA(1.0),New passenger cars by type of motor energy,A,Annual,NR,Number,ELC,Electricity,HU,Hungary,2015,,116,,,,,
dataflow,ESTAT:ROAD_EQR_CARPDA(1.0),New passenger cars by type of motor energy,A,Annual,NR,Number,ELC,Electricity,HU,Hungary,2016,,176,,,,,
dataflow,ESTAT:ROAD_EQR_CARPDA(1.0),New passenger cars by type of motor energy,A,Annual,NR,Number,ELC,Electricity,HU,Hungary,2017,,749,,,,,
dataflow,ESTAT:ROAD_EQR_CARPDA(1.0),New passenger cars by type of motor energy,A,Annual,NR,Number,ELC,Electricity,HU,Hungary,2018,,1300,,,,,
dataflow,ESTAT:ROAD_EQR_CARPDA(1.0),New passenger cars by type of motor energy,A,Annual,NR,Number,ELC,Electricity,HU,Hungary,2019,,1834,,,,,
dataflow,ESTAT:ROAD_EQR_CARPDA(1.0),New passenger cars by type of motor energy,A,Annual,NR,Number,ELC,Electricity,HU,Hungary,2020,,3047,,,,,
dataflow,ESTAT:ROAD_EQR_CARPDA(1.0),New passenger cars by type of motor energy,A,Annual,NR,Number,ELC,Electricity,HU,Hungary,2021,,4313,,,,,
dataflow,ESTAT:ROAD_EQR_CARPDA(1.0),New passenger cars by type of motor energy,A,Annual,NR,Number,ELC,Electricity,HU,Hungary,2022,,4707,,,,,
dataflow,ESTAT:ROAD_EQR_CARPDA(1.0),New passenger cars by type of motor energy,A,Annual,NR,Number,ELC,Electricity,HU,Hungary,2023,,5807,,,,,
dataflow,ESTAT:ROAD_EQR_CARPDA(1.0),New passenger cars by type of motor energy,A,Annual,NR,Number,ELC,Electricity,HU,Hungary,2024,,8569,,,,,
dataflow,ESTAT:ROAD_EQR_CARPDA(1.0),New passenger cars by type of motor energy,A,Annual,NR,Number,ELC,Electricity,IE,Ireland,2015,,494,,,,,
dataflow,ESTAT:ROAD_EQR_CARPDA(1.0),New passenger cars by type of motor energy,A,Annual,NR,Number,ELC,Electricity,IE,Ireland,2016,,402,,,,,
dataflow,ESTAT:ROAD_EQR_CARPDA(1.0),New passenger cars by type of motor energy,A,Annual,NR,Number,ELC,Electricity,IE,Ireland,2017,,631,,,,,
dataflow,ESTAT:ROAD_EQR_CARPDA(1.0),New passenger cars by type of motor energy,A,Annual,NR,Number,ELC,Electricity,IE,Ireland,2018,,1252,,,,,
dataflow,ESTAT:ROAD_EQR_CARPDA(1.0),New passenger cars by type of motor energy,A,Annual,NR,Number,ELC,Electricity,IE,Ireland,2019,,3665,,,,,
dataflow,ESTAT:ROAD_EQR_CARPDA(1.0),New passenger cars by type of motor energy,A,Annual,NR,Number,ELC,Electricity,IE,Ireland,2020,,4075,,,,,
dataflow,ESTAT:ROAD_EQR_CARPDA(1.0),New passenger cars by type of motor energy,A,Annual,NR,Number,ELC,Electricity,IE,Ireland,2021,,9199,,,,,
dataflow,ESTAT:ROAD_EQR_CARPDA(1.0),New passenger cars by type of motor energy,A,Annual,NR,Number,ELC,Electricity,IE,Ireland,2022,,15872,,,,,
dataflow,ESTAT:ROAD_EQR_CARPDA(1.0),New passenger cars by type of motor energy,A,Annual,NR,Number,ELC,Electricity,IE,Ireland,2023,,23181,,,,,
dataflow,ESTAT:ROAD_EQR_CARPDA(1.0),New passenger cars by type of motor energy,A,Annual,NR,Number,ELC,Electricity,IE,Ireland,2024,,17780,,,,,
dataflow,ESTAT:ROAD_EQR_CARPDA(1.0),New passenger cars by type of motor energy,A,Annual,NR,Number,ELC,Electricity,IS,Iceland,2017,,845,,,,,
dataflow,ESTAT:ROAD_EQR_CARPDA(1.0),New passenger cars by type of motor energy,A,Annual,NR,Number,ELC,Electricity,IS,Iceland,2018,,784,,,,,
dataflow,ESTAT:ROAD_EQR_CARPDA(1.0),New passenger cars by type of motor energy,A,Annual,NR,Number,ELC,Electricity,IS,Iceland,2019,,1090,,,,,
dataflow,ESTAT:ROAD_EQR_CARPDA(1.0),New passenger cars by type of motor energy,A,Annual,NR,Number,ELC,Electricity,IS,Iceland,2020,,2551,,,,,
dataflow,ESTAT:ROAD_EQR_CARPDA(1.0),New passenger cars by type of motor energy,A,Annual,NR,Number,ELC,Electricity,IS,Iceland,2021,,4246,,,,,
dataflow,ESTAT:ROAD_EQR_CARPDA(1.0),New passenger cars by type of motor energy,A,Annual,NR,Number,ELC,Electricity,IS,Iceland,2022,,5567,,,,,
dataflow,ESTAT:ROAD_EQR_CARPDA(1.0),New passenger cars by type of motor energy,A,Annual,NR,Number,ELC,Electricity,IS,Iceland,2023,,8783,,i,value imputed by Eurostat or other receiving agencies,,
dataflow,ESTAT:ROAD_EQR_CARPDA(1.0),New passenger cars by type of motor energy,A,Annual,NR,Number,ELC,Electricity,IS,Iceland,2024,,2661,,i,value imputed by Eurostat or other receiving agencies,,
dataflow,ESTAT:ROAD_EQR_CARPDA(1.0),New passenger cars by type of motor energy,A,Annual,NR,Number,ELC,Electricity,IT,Italy,2015,,1576,,i,value imputed by Eurostat or other receiving agencies,,
dataflow,ESTAT:ROAD_EQR_CARPDA(1.0),New passenger cars by type of motor energy,A,Annual,NR,Number,ELC,Electricity,IT,Italy,2016,,1497,,i,value imputed by Eurostat or other receiving agencies,,
dataflow,ESTAT:ROAD_EQR_CARPDA(1.0),New passenger cars by type of motor energy,A,Annual,NR,Number,ELC,Electricity,IT,Italy,2017,,2109,,i,value imputed by Eurostat or other receiving agencies,,
dataflow,ESTAT:ROAD_EQR_CARPDA(1.0),New passenger cars by type of motor energy,A,Annual,NR,Number,ELC,Electricity,IT,Italy,2018,,5198,,i,value imputed by Eurostat or other receiving agencies,,
dataflow,ESTAT:ROAD_EQR_CARPDA(1.0),New passenger cars by type of motor energy,A,Annual,NR,Number,ELC,Electricity,IT,Italy,2019,,10612,,,,,
dataflow,ESTAT:ROAD_EQR_CARPDA(1.0),New passenger cars by type of motor energy,A,Annual,NR,Number,ELC,Electricity,IT,Italy,2020,,30930,,,,,
dataflow,ESTAT:ROAD_EQR_CARPDA(1.0),New passenger cars by type of motor energy,A,Annual,NR,Number,ELC,Electricity,IT,Italy,2021,,69178,,,,,
dataflow,ESTAT:ROAD_EQR_CARPDA(1.0),New passenger cars by type of motor energy,A,Annual,NR,Number,ELC,Electricity,IT,Italy,2022,,48960,,,,,
dataflow,ESTAT:ROAD_EQR_CARPDA(1.0),New passenger cars by type of motor energy,A,Annual,NR,Number,ELC,Electricity,IT,Italy,2023,,65800,,,,,
dataflow,ESTAT:ROAD_EQR_CARPDA(1.0),New passenger cars by type of motor energy,A,Annual,NR,Number,ELC,Electricity,IT,Italy,2024,,66606,,,,,
dataflow,ESTAT:ROAD_EQR_CARPDA(1.0),New passenger cars by type of motor energy,A,Annual,NR,Number,ELC,Electricity,LI,Liechtenstein,2015,,30,,,,,
dataflow,ESTAT:ROAD_EQR_CARPDA(1.0),New passenger cars by type of motor energy,A,Annual,NR,Number,ELC,Electricity,LI,Liechtenstein,2016,,46,,,,,
dataflow,ESTAT:ROAD_EQR_CARPDA(1.0),New passenger cars by type of motor energy,A,Annual,NR,Number,ELC,Electricity,LI,Liechtenstein,2017,,57,,,,,
dataflow,ESTAT:ROAD_EQR_CARPDA(1.0),New passenger cars by type of motor energy,A,Annual,NR,Number,ELC,Electricity,LI,Liechtenstein,2018,,48,,,,,
dataflow,ESTAT:ROAD_EQR_CARPDA(1.0),New passenger cars by type of motor energy,A,Annual,NR,Number,ELC,Electricity,LI,Liechtenstein,2019,,97,,,,,
dataflow,ESTAT:ROAD_EQR_CARPDA(1.0),New passenger cars by type of motor energy,A,Annual,NR,Number,ELC,Electricity,LI,Liechtenstein,2020,,164,,,,,
dataflow,ESTAT:ROAD_EQR_CARPDA(1.0),New passenger cars by type of motor energy,A,Annual,NR,Number,ELC,Electricity,LI,Liechtenstein,2021,,292,,,,,
dataflow,ESTAT:ROAD_EQR_CARPDA(1.0),New passenger cars by type of motor energy,A,Annual,NR,Number,ELC,Electricity,LI,Liechtenstein,2022,,317,,,,,
dataflow,ESTAT:ROAD_EQR_CARPDA(1.0),New passenger cars by type of motor energy,A,Annual,NR,Number,ELC,Electricity,LI,Liechtenstein,2023,,338,,,,,
dataflow,ESTAT:ROAD_EQR_CARPDA(1.0),New passenger cars by type of motor energy,A,Annual,NR,Number,ELC,Electricity,LI,Liechtenstein,2024,,362,,,,,
dataflow,ESTAT:ROAD_EQR_CARPDA(1.0),New passenger cars by type of motor energy,A,Annual,NR,Number,ELC,Electricity,LT,Lithuania,2015,,26,,,,,
dataflow,ESTAT:ROAD_EQR_CARPDA(1.0),New passenger cars by type of motor energy,A,Annual,NR,Number,ELC,Electricity,LT,Lithuania,2016,,62,,,,,
dataflow,ESTAT:ROAD_EQR_CARPDA(1.0),New passenger cars by type of motor energy,A,Annual,NR,Number,ELC,Electricity,LT,Lithuania,2017,,43,,,,,
dataflow,ESTAT:ROAD_EQR_CARPDA(1.0),New passenger cars by type of motor energy,A,Annual,NR,Number,ELC,Electricity,LT,Lithuania,2018,,141,,,,,
dataflow,ESTAT:ROAD_EQR_CARPDA(1.0),New passenger cars by type of motor energy,A,Annual,NR,Number,ELC,Electricity,LT,Lithuania,2019,,175,,,,,
dataflow,ESTAT:ROAD_EQR_CARPDA(1.0),New passenger cars by type of motor energy,A,Annual,NR,Number,ELC,Electricity,LT,Lithuania,2020,,480,,,,,
dataflow,ESTAT:ROAD_EQR_CARPDA(1.0),New passenger cars by type of motor energy,A,Annual,NR,Number,ELC,Electricity,LT,Lithuania,2021,,1277,,,,,
dataflow,ESTAT:ROAD_EQR_CARPDA(1.0),New passenger cars by type of motor energy,A,Annual,NR,Number,ELC,Electricity,LT,Lithuania,2022,,1507,,,,,
dataflow,ESTAT:ROAD_EQR_CARPDA(1.0),New passenger cars by type of motor energy,A,Annual,NR,Number,ELC,Electricity,LT,Lithuania,2023,,2210,,,,,
dataflow,ESTAT:ROAD_EQR_CARPDA(1.0),New passenger cars by type of motor energy,A,Annual,NR,Number,ELC,Electricity,LT,Lithuania,2024,,1877,,,,,
dataflow,ESTAT:ROAD_EQR_CARPDA(1.0),New passenger cars by type of motor energy,A,Annual,NR,Number,ELC,Electricity,LU,Luxembourg,2015,,73,,,,,
dataflow,ESTAT:ROAD_EQR_CARPDA(1.0),New passenger cars by type of motor energy,A,Annual,NR,Number,ELC,Electricity,LU,Luxembourg,2016,,145,,,,,
dataflow,ESTAT:ROAD_EQR_CARPDA(1.0),New passenger cars by type of motor energy,A,Annual,NR,Number,ELC,Electricity,LU,Luxembourg,2017,,386,,,,,
dataflow,ESTAT:ROAD_EQR_CARPDA(1.0),New passenger cars by type of motor energy,A,Annual,NR,Number,ELC,Electricity,LU,Luxembourg,2018,,430,,,,,
dataflow,ESTAT:ROAD_EQR_CARPDA(1.0),New passenger cars by type of motor energy,A,Annual,NR,Number,ELC,Electricity,LU,Luxembourg,2019,,986,,,,,
dataflow,ESTAT:ROAD_EQR_CARPDA(1.0),New passenger cars by type of motor energy,A,Annual,NR,Number,ELC,Electricity,LU,Luxembourg,2020,,2473,,,,,
dataflow,ESTAT:ROAD_EQR_CARPDA(1.0),New passenger cars by type of motor energy,A,Annual,NR,Number,ELC,Electricity,LU,Luxembourg,2021,,4649,,,,,
dataflow,ESTAT:ROAD_EQR_CARPDA(1.0),New passenger cars by type of motor energy,A,Annual,NR,Number,ELC,Electricity,LU,Luxembourg,2022,,6391,,,,,
dataflow,ESTAT:ROAD_EQR_CARPDA(1.0),New passenger cars by type of motor energy,A,Annual,NR,Number,ELC,Electricity,LU,Luxembourg,2023,,11048,,,,,
dataflow,ESTAT:ROAD_EQR_CARPDA(1.0),New passenger cars by type of motor energy,A,Annual,NR,Number,ELC,Electricity,LU,Luxembourg,2024,,12777,,,,,
dataflow,ESTAT:ROAD_EQR_CARPDA(1.0),New passenger cars by type of motor energy,A,Annual,NR,Number,ELC,Electricity,LV,Latvia,2015,,17,,,,,
dataflow,ESTAT:ROAD_EQR_CARPDA(1.0),New passenger cars by type of motor energy,A,Annual,NR,Number,ELC,Electricity,LV,Latvia,2016,,19,,,,,
dataflow,ESTAT:ROAD_EQR_CARPDA(1.0),New passenger cars by type of motor energy,A,Annual,NR,Number,ELC,Electricity,LV,Latvia,2017,,41,,,,,
dataflow,ESTAT:ROAD_EQR_CARPDA(1.0),New passenger cars by type of motor energy,A,Annual,NR,Number,ELC,Electricity,LV,Latvia,2018,,78,,,,,
dataflow,ESTAT:ROAD_EQR_CARPDA(1.0),New passenger cars by type of motor energy,A,Annual,NR,Number,ELC,Electricity,LV,Latvia,2019,,116,,,,,
dataflow,ESTAT:ROAD_EQR_CARPDA(1.0),New passenger cars by type of motor energy,A,Annual,NR,Number,ELC,Electricity,LV,Latvia,2020,,351,,,,,
dataflow,ESTAT:ROAD_EQR_CARPDA(1.0),New passenger cars by type of motor energy,A,Annual,NR,Number,ELC,Electricity,LV,Latvia,2021,,480,,,,,
dataflow,ESTAT:ROAD_EQR_CARPDA(1.0),New passenger cars by type of motor energy,A,Annual,NR,Number,ELC,Electricity,LV,Latvia,2022,,1069,,,,,
dataflow,ESTAT:ROAD_EQR_CARPDA(1.0),New passenger cars by type of motor energy,A,Annual,NR,Number,ELC,Electricity,LV,Latvia,2023,,1629,,,,,
dataflow,ESTAT:ROAD_EQR_CARPDA(1.0),New passenger cars by type of motor energy,A,Annual,NR,Number,ELC,Electricity,LV,Latvia,2024,,1260,,,,,
dataflow,ESTAT:ROAD_EQR_CARPDA(1.0),New passenger cars by type of motor energy,A,Annual,NR,Number,ELC,Electricity,MD,Moldova,2015,,13,,,,,
dataflow,ESTAT:ROAD_EQR_CARPDA(1.0),New passenger cars by type of motor energy,A,Annual,NR,Number,ELC,Electricity,MD,Moldova,2016,,14,,,,,
dataflow,ESTAT:ROAD_EQR_CARPDA(1.0),New passenger cars by type of motor energy,A,Annual,NR,Number,ELC,Electricity,MD,Moldova,2017,,37,,,,,
dataflow,ESTAT:ROAD_EQR_CARPDA(1.0),New passenger cars by type of motor energy,A,Annual,NR,Number,ELC,Electricity,MD,Moldova,2018,,42,,,,,
dataflow,ESTAT:ROAD_EQR_CARPDA(1.0),New passenger cars by type of motor energy,A,Annual,NR,Number,ELC,Electricity,MD,Moldova,2019,,185,,,,,
dataflow,ESTAT:ROAD_EQR_CARPDA(1.0),New passenger cars by type of motor energy,A,Annual,NR,Number,ELC,Electricity,MD,Moldova,2020,,211,,,,,
dataflow,ESTAT:ROAD_EQR_CARPDA(1.0),New passenger cars by type of motor energy,A,Annual,NR,Number,ELC,Electricity,MD,Moldova,2021,,396,,,,,
dataflow,ESTAT:ROAD_EQR_CARPDA(1.0),New passenger cars by type of motor energy,A,Annual,NR,Number,ELC,Electricity,MD,Moldova,2022,,729,,,,,
dataflow,ESTAT:ROAD_EQR_CARPDA(1.0),New passenger cars by type of motor energy,A,Annual,NR,Number,ELC,Electricity,MD,Moldova,2023,,1012,,,,,
dataflow,ESTAT:ROAD_EQR_CARPDA(1.0),New passenger cars by type of motor energy,A,Annual,NR,Number,ELC,Electricity,MD,Moldova,2024,,1666,,,,,
dataflow,ESTAT:ROAD_EQR_CARPDA(1.0),New passenger cars by type of motor energy,A,Annual,NR,Number,ELC,Electricity,ME,Montenegro,2017,,4,,,,,
dataflow,ESTAT:ROAD_EQR_CARPDA(1.0),New passenger cars by type of motor energy,A,Annual,NR,Number,ELC,Electricity,ME,Montenegro,2018,,1,,,,,
dataflow,ESTAT:ROAD_EQR_CARPDA(1.0),New passenger cars by type of motor energy,A,Annual,NR,Number,ELC,Electricity,ME,Montenegro,2024,,167,,,,,
dataflow,ESTAT:ROAD_EQR_CARPDA(1.0),New passenger cars by type of motor energy,A,Annual,NR,Number,ELC,Electricity,MT,Malta,2015,,23,,,,,
dataflow,ESTAT:ROAD_EQR_CARPDA(1.0),New passenger cars by type of motor energy,A,Annual,NR,Number,ELC,Electricity,MT,Malta,2016,,19,,,,,
dataflow,ESTAT:ROAD_EQR_CARPDA(1.0),New passenger cars by type of motor energy,A,Annual,NR,Number,ELC,Electricity,MT,Malta,2017,,24,,,,,
dataflow,ESTAT:ROAD_EQR_CARPDA(1.0),New passenger cars by type of motor energy,A,Annual,NR,Number,ELC,Electricity,MT,Malta,2018,,285,,,,,
dataflow,ESTAT:ROAD_EQR_CARPDA(1.0),New passenger cars by type of motor energy,A,Annual,NR,Number,ELC,Electricity,MT,Malta,2019,,281,,,,,
dataflow,ESTAT:ROAD_EQR_CARPDA(1.0),New passenger cars by type of motor energy,A,Annual,NR,Number,ELC,Electricity,MT,Malta,2020,,178,,,,,
dataflow,ESTAT:ROAD_EQR_CARPDA(1.0),New passenger cars by type of motor energy,A,Annual,NR,Number,ELC,Electricity,MT,Malta,2021,,416,,,,,
dataflow,ESTAT:ROAD_EQR_CARPDA(1.0),New passenger cars by type of motor energy,A,Annual,NR,Number,ELC,Electricity,MT,Malta,2022,,990,,,,,
dataflow,ESTAT:ROAD_EQR_CARPDA(1.0),New passenger cars by type of motor energy,A,Annual,NR,Number,ELC,Electricity,MT,Malta,2023,,1516,,,,,
dataflow,ESTAT:ROAD_EQR_CARPDA(1.0),New passenger cars by type of motor energy,A,Annual,NR,Number,ELC,Electricity,MT,Malta,2024,,2893,,,,,
dataflow,ESTAT:ROAD_EQR_CARPDA(1.0),New passenger cars by type of motor energy,A,Annual,NR,Number,ELC,Electricity,NL,Netherlands,2015,,3193,,,,,
dataflow,ESTAT:ROAD_EQR_CARPDA(1.0),New passenger cars by type of motor energy,A,Annual,NR,Number,ELC,Electricity,NL,Netherlands,2016,,3988,,,,,
dataflow,ESTAT:ROAD_EQR_CARPDA(1.0),New passenger cars by type of motor energy,A,Annual,NR,Number,ELC,Electricity,NL,Netherlands,2017,,7958,,,,,
dataflow,ESTAT:ROAD_EQR_CARPDA(1.0),New passenger cars by type of motor energy,A,Annual,NR,Number,ELC,Electricity,NL,Netherlands,2018,,23985,,,,,
dataflow,ESTAT:ROAD_EQR_CARPDA(1.0),New passenger cars by type of motor energy,A,Annual,NR,Number,ELC,Electricity,NL,Netherlands,2019,,61547,,,,,
dataflow,ESTAT:ROAD_EQR_CARPDA(1.0),New passenger cars by type of motor energy,A,Annual,NR,Number,ELC,Electricity,NL,Netherlands,2020,,72859,,,,,
dataflow,ESTAT:ROAD_EQR_CARPDA(1.0),New passenger cars by type of motor energy,A,Annual,NR,Number,ELC,Electricity,NL,Netherlands,2021,,63658,,,,,
dataflow,ESTAT:ROAD_EQR_CARPDA(1.0),New passenger cars by type of motor energy,A,Annual,NR,Number,ELC,Electricity,NL,Netherlands,2022,,73250,,,,,
dataflow,ESTAT:ROAD_EQR_CARPDA(1.0),New passenger cars by type of motor energy,A,Annual,NR,Number,ELC,Electricity,NL,Netherlands,2023,,113968,,,,,
dataflow,ESTAT:ROAD_EQR_CARPDA(1.0),New passenger cars by type of motor energy,A,Annual,NR,Number,ELC,Electricity,NL,Netherlands,2024,,132167,,,,,
dataflow,ESTAT:ROAD_EQR_CARPDA(1.0),New passenger cars by type of motor energy,A,Annual,NR,Number,ELC,Electricity,NO,Norway,2015,,25779,,,,,
dataflow,ESTAT:ROAD_EQR_CARPDA(1.0),New passenger cars by type of motor energy,A,Annual,NR,Number,ELC,Electricity,NO,Norway,2016,,24222,,,,,
dataflow,ESTAT:ROAD_EQR_CARPDA(1.0),New passenger cars by type of motor energy,A,Annual,NR,Number,ELC,Electricity,NO,Norway,2017,,33023,,,,,
dataflow,ESTAT:ROAD_EQR_CARPDA(1.0),New passenger cars by type of motor energy,A,Annual,NR,Number,ELC,Electricity,NO,Norway,2018,,46091,,,,,
dataflow,ESTAT:ROAD_EQR_CARPDA(1.0),New passenger cars by type of motor energy,A,Annual,NR,Number,ELC,Electricity,NO,Norway,2019,,60271,,,,,
dataflow,ESTAT:ROAD_EQR_CARPDA(1.0),New passenger cars by type of motor energy,A,Annual,NR,Number,ELC,Electricity,NO,Norway,2020,,82212,,,,,
dataflow,ESTAT:ROAD_EQR_CARPDA(1.0),New passenger cars by type of motor energy,A,Annual,NR,Number,ELC,Electricity,NO,Norway,2021,,116399,,,,,
dataflow,ESTAT:ROAD_EQR_CARPDA(1.0),New passenger cars by type of motor energy,A,Annual,NR,Number,ELC,Electricity,NO,Norway,2022,,142504,,,,,
dataflow,ESTAT:ROAD_EQR_CARPDA(1.0),New passenger cars by type of motor energy,A,Annual,NR,Number,ELC,Electricity,NO,Norway,2023,,104727,,,,,
dataflow,ESTAT:ROAD_EQR_CARPDA(1.0),New passenger cars by type of motor energy,A,Annual,NR,Number,ELC,Electricity,NO,Norway,2024,,114814,,,,,
dataflow,ESTAT:ROAD_EQR_CARPDA(1.0),New passenger cars by type of motor energy,A,Annual,NR,Number,ELC,Electricity,PL,Poland,2015,,112,,i,value imputed by Eurostat or other receiving agencies,,
dataflow,ESTAT:ROAD_EQR_CARPDA(1.0),New passenger cars by type of motor energy,A,Annual,NR,Number,ELC,Electricity,PL,Poland,2016,,157,,i,value imputed by Eurostat or other receiving agencies,,
dataflow,ESTAT:ROAD_EQR_CARPDA(1.0),New passenger cars by type of motor energy,A,Annual,NR,Number,ELC,Electricity,PL,Poland,2017,,508,,i,value imputed by Eurostat or other receiving agencies,,
dataflow,ESTAT:ROAD_EQR_CARPDA(1.0),New passenger cars by type of motor energy,A,Annual,NR,Number,ELC,Electricity,PL,Poland,2018,,694,,i,value imputed by Eurostat or other receiving agencies,,
dataflow,ESTAT:ROAD_EQR_CARPDA(1.0),New passenger cars by type of motor energy,A,Annual,NR,Number,ELC,Electricity,PL,Poland,2019,,1464,,i,value imputed by Eurostat or other receiving agencies,,
dataflow,ESTAT:ROAD_EQR_CARPDA(1.0),New passenger cars by type of motor energy,A,Annual,NR,Number,ELC,Electricity,PL,Poland,2020,,3679,,i,value imputed by Eurostat or other receiving agencies,,
dataflow,ESTAT:ROAD_EQR_CARPDA(1.0),New passenger cars by type of motor energy,A,Annual,NR,Number,ELC,Electricity,PL,Poland,2021,,7092,,i,value imputed by Eurostat or other receiving agencies,,
dataflow,ESTAT:ROAD_EQR_CARPDA(1.0),New passenger cars by type of motor energy,A,Annual,NR,Number,ELC,Electricity,PL,Poland,2022,,11293,,i,value imputed by Eurostat or other receiving agencies,,
dataflow,ESTAT:ROAD_EQR_CARPDA(1.0),New passenger cars by type of motor energy,A,Annual,NR,Number,ELC,Electricity,PL,Poland,2023,,17078,,i,value imputed by Eurostat or other receiving agencies,,
dataflow,ESTAT:ROAD_EQR_CARPDA(1.0),New passenger cars by type of motor energy,A,Annual,NR,Number,ELC,Electricity,PL,Poland,2024,,16564,,i,value imputed by Eurostat or other receiving agencies,,
dataflow,ESTAT:ROAD_EQR_CARPDA(1.0),New passenger cars by type of motor energy,A,Annual,NR,Number,ELC,Electricity,PT,Portugal,2015,,692,,i,value imputed by Eurostat or other receiving agencies,,
dataflow,ESTAT:ROAD_EQR_CARPDA(1.0),New passenger cars by type of motor energy,A,Annual,NR,Number,ELC,Electricity,PT,Portugal,2016,,820,,i,value imputed by Eurostat or other receiving agencies,,
dataflow,ESTAT:ROAD_EQR_CARPDA(1.0),New passenger cars by type of motor energy,A,Annual,NR,Number,ELC,Electricity,PT,Portugal,2017,,1912,,,,,
dataflow,ESTAT:ROAD_EQR_CARPDA(1.0),New passenger cars by type of motor energy,A,Annual,NR,Number,ELC,Electricity,PT,Portugal,2018,,4458,,,,,
dataflow,ESTAT:ROAD_EQR_CARPDA(1.0),New passenger cars by type of motor energy,A,Annual,NR,Number,ELC,Electricity,PT,Portugal,2019,,6880,,,,,
dataflow,ESTAT:ROAD_EQR_CARPDA(1.0),New passenger cars by type of motor energy,A,Annual,NR,Number,ELC,Electricity,PT,Portugal,2020,,7908,,,,,
dataflow,ESTAT:ROAD_EQR_CARPDA(1.0),New passenger cars by type of motor energy,A,Annual,NR,Number,ELC,Electricity,PT,Portugal,2021,,13546,,,,,
dataflow,ESTAT:ROAD_EQR_CARPDA(1.0),New passenger cars by type of motor energy,A,Annual,NR,Number,ELC,Electricity,PT,Portugal,2022,,18426,,,,,
dataflow,ESTAT:ROAD_EQR_CARPDA(1.0),New passenger cars by type of motor energy,A,Annual,NR,Number,ELC,Electricity,PT,Portugal,2023,,36456,,,,,
dataflow,ESTAT:ROAD_EQR_CARPDA(1.0),New passenger cars by type of motor energy,A,Annual,NR,Number,ELC,Electricity,PT,Portugal,2024,,41772,,,,,
dataflow,ESTAT:ROAD_EQR_CARPDA(1.0),New passenger cars by type of motor energy,A,Annual,NR,Number,ELC,Electricity,RO,Romania,2015,,28,,,,,
dataflow,ESTAT:ROAD_EQR_CARPDA(1.0),New passenger cars by type of motor energy,A,Annual,NR,Number,ELC,Electricity,RO,Romania,2016,,69,,,,,
dataflow,ESTAT:ROAD_EQR_CARPDA(1.0),New passenger cars by type of motor energy,A,Annual,NR,Number,ELC,Electricity,RO,Romania,2017,,232,,,,,
dataflow,ESTAT:ROAD_EQR_CARPDA(1.0),New passenger cars by type of motor energy,A,Annual,NR,Number,ELC,Electricity,RO,Romania,2018,,604,,,,,
dataflow,ESTAT:ROAD_EQR_CARPDA(1.0),New passenger cars by type of motor energy,A,Annual,NR,Number,ELC,Electricity,RO,Romania,2019,,1506,,,,,
dataflow,ESTAT:ROAD_EQR_CARPDA(1.0),New passenger cars by type of motor energy,A,Annual,NR,Number,ELC,Electricity,RO,Romania,2020,,2844,,,,,
dataflow,ESTAT:ROAD_EQR_CARPDA(1.0),New passenger cars by type of motor energy,A,Annual,NR,Number,ELC,Electricity,RO,Romania,2021,,6344,,,,,
dataflow,ESTAT:ROAD_EQR_CARPDA(1.0),New passenger cars by type of motor energy,A,Annual,NR,Number,ELC,Electricity,RO,Romania,2022,,11638,,,,,
dataflow,ESTAT:ROAD_EQR_CARPDA(1.0),New passenger cars by type of motor energy,A,Annual,NR,Number,ELC,Electricity,RO,Romania,2023,,15367,,,,,
dataflow,ESTAT:ROAD_EQR_CARPDA(1.0),New passenger cars by type of motor energy,A,Annual,NR,Number,ELC,Electricity,RO,Romania,2024,,9795,,,,,
dataflow,ESTAT:ROAD_EQR_CARPDA(1.0),New passenger cars by type of motor energy,A,Annual,NR,Number,ELC,Electricity,RS,Serbia,2019,,37,,,,,
dataflow,ESTAT:ROAD_EQR_CARPDA(1.0),New passenger cars by type of motor energy,A,Annual,NR,Number,ELC,Electricity,RS,Serbia,2020,,61,,,,,
dataflow,ESTAT:ROAD_EQR_CARPDA(1.0),New passenger cars by type of motor energy,A,Annual,NR,Number,ELC,Electricity,RS,Serbia,2021,,138,,,,,
dataflow,ESTAT:ROAD_EQR_CARPDA(1.0),New passenger cars by type of motor energy,A,Annual,NR,Number,ELC,Electricity,RS,Serbia,2022,,221,,,,,
dataflow,ESTAT:ROAD_EQR_CARPDA(1.0),New passenger cars by type of motor energy,A,Annual,NR,Number,ELC,Electricity,RS,Serbia,2023,,494,,,,,
dataflow,ESTAT:ROAD_EQR_CARPDA(1.0),New passenger cars by type of motor energy,A,Annual,NR,Number,ELC,Electricity,RS,Serbia,2024,,604,,,,,
dataflow,ESTAT:ROAD_EQR_CARPDA(1.0),New passenger cars by type of motor energy,A,Annual,NR,Number,ELC,Electricity,SE,Sweden,2015,,2916,,,,,
dataflow,ESTAT:ROAD_EQR_CARPDA(1.0),New passenger cars by type of motor energy,A,Annual,NR,Number,ELC,Electricity,SE,Sweden,2016,,2993,,,,,
dataflow,ESTAT:ROAD_EQR_CARPDA(1.0),New passenger cars by type of motor energy,A,Annual,NR,Number,ELC,Electricity,SE,Sweden,2017,,4359,,,,,
dataflow,ESTAT:ROAD_EQR_CARPDA(1.0),New passenger cars by type of motor energy,A,Annual,NR,Number,ELC,Electricity,SE,Sweden,2018,,7147,,,,,
dataflow,ESTAT:ROAD_EQR_CARPDA(1.0),New passenger cars by type of motor energy,A,Annual,NR,Number,ELC,Electricity,SE,Sweden,2019,,15795,,,,,
dataflow,ESTAT:ROAD_EQR_CARPDA(1.0),New passenger cars by type of motor energy,A,Annual,NR,Number,ELC,Electricity,SE,Sweden,2020,,27981,,,,,
dataflow,ESTAT:ROAD_EQR_CARPDA(1.0),New passenger cars by type of motor energy,A,Annual,NR,Number,ELC,Electricity,SE,Sweden,2021,,57590,,,,,
dataflow,ESTAT:ROAD_EQR_CARPDA(1.0),New passenger cars by type of motor energy,A,Annual,NR,Number,ELC,Electricity,SE,Sweden,2022,,95371,,,,,
dataflow,ESTAT:ROAD_EQR_CARPDA(1.0),New passenger cars by type of motor energy,A,Annual,NR,Number,ELC,Electricity,SE,Sweden,2023,,112321,,,,,
dataflow,ESTAT:ROAD_EQR_CARPDA(1.0),New passenger cars by type of motor energy,A,Annual,NR,Number,ELC,Electricity,SE,Sweden,2024,,94546,,,,,
dataflow,ESTAT:ROAD_EQR_CARPDA(1.0),New passenger cars by type of motor energy,A,Annual,NR,Number,ELC,Electricity,SI,Slovenia,2015,,123,,,,,
dataflow,ESTAT:ROAD_EQR_CARPDA(1.0),New passenger cars by type of motor energy,A,Annual,NR,Number,ELC,Electricity,SI,Slovenia,2016,,151,,,,,
dataflow,ESTAT:ROAD_EQR_CARPDA(1.0),New passenger cars by type of motor energy,A,Annual,NR,Number,ELC,Electricity,SI,Slovenia,2017,,297,,,,,
dataflow,ESTAT:ROAD_EQR_CARPDA(1.0),New passenger cars by type of motor energy,A,Annual,NR,Number,ELC,Electricity,SI,Slovenia,2018,,521,,,,,
dataflow,ESTAT:ROAD_EQR_CARPDA(1.0),New passenger cars by type of motor energy,A,Annual,NR,Number,ELC,Electricity,SI,Slovenia,2019,,695,,,,,
dataflow,ESTAT:ROAD_EQR_CARPDA(1.0),New passenger cars by type of motor energy,A,Annual,NR,Number,ELC,Electricity,SI,Slovenia,2020,,1720,,,,,
dataflow,ESTAT:ROAD_EQR_CARPDA(1.0),New passenger cars by type of motor energy,A,Annual,NR,Number,ELC,Electricity,SI,Slovenia,2021,,1742,,,,,
dataflow,ESTAT:ROAD_EQR_CARPDA(1.0),New passenger cars by type of motor energy,A,Annual,NR,Number,ELC,Electricity,SI,Slovenia,2022,,2293,,,,,
dataflow,ESTAT:ROAD_EQR_CARPDA(1.0),New passenger cars by type of motor energy,A,Annual,NR,Number,ELC,Electricity,SI,Slovenia,2023,,4306,,,,,
dataflow,ESTAT:ROAD_EQR_CARPDA(1.0),New passenger cars by type of motor energy,A,Annual,NR,Number,ELC,Electricity,SI,Slovenia,2024,,3154,,,,,
dataflow,ESTAT:ROAD_EQR_CARPDA(1.0),New passenger cars by type of motor energy,A,Annual,NR,Number,ELC,Electricity,SK,Slovakia,2015,,15,,i,value imputed by Eurostat or other receiving agencies,,
dataflow,ESTAT:ROAD_EQR_CARPDA(1.0),New passenger cars by type of motor energy,A,Annual,NR,Number,ELC,Electricity,SK,Slovakia,2016,,55,,i,value imputed by Eurostat or other receiving agencies,,
dataflow,ESTAT:ROAD_EQR_CARPDA(1.0),New passenger cars by type of motor energy,A,Annual,NR,Number,ELC,Electricity,SK,Slovakia,2017,,214,,i,value imputed by Eurostat or other receiving agencies,,
dataflow,ESTAT:ROAD_EQR_CARPDA(1.0),New passenger cars by type of motor energy,A,Annual,NR,Number,ELC,Electricity,SK,Slovakia,2018,,301,,i,value imputed by Eurostat or other receiving agencies,,
dataflow,ESTAT:ROAD_EQR_CARPDA(1.0),New passenger cars by type of motor energy,A,Annual,NR,Number,ELC,Electricity,SK,Slovakia,2019,,166,,i,value imputed by Eurostat or other receiving agencies,,
dataflow,ESTAT:ROAD_EQR_CARPDA(1.0),New passenger cars by type of motor energy,A,Annual,NR,Number,ELC,Electricity,SK,Slovakia,2020,,918,,i,value imputed by Eurostat or other receiving agencies,,
dataflow,ESTAT:ROAD_EQR_CARPDA(1.0),New passenger cars by type of motor energy,A,Annual,NR,Number,ELC,Electricity,SK,Slovakia,2021,,1105,,i,value imputed by Eurostat or other receiving agencies,,
dataflow,ESTAT:ROAD_EQR_CARPDA(1.0),New passenger cars by type of motor energy,A,Annual,NR,Number,ELC,Electricity,SK,Slovakia,2022,,1508,,i,value imputed by Eurostat or other receiving agencies,,
dataflow,ESTAT:ROAD_EQR_CARPDA(1.0),New passenger cars by type of motor energy,A,Annual,NR,Number,ELC,Electricity,SK,Slovakia,2023,,2517,,i,value imputed by Eurostat or other receiving agencies,,
dataflow,ESTAT:ROAD_EQR_CARPDA(1.0),New passenger cars by type of motor energy,A,Annual,NR,Number,ELC,Electricity,SK,Slovakia,2024,,2227,,i,value imputed by Eurostat or other receiving agencies,,
dataflow,ESTAT:ROAD_EQR_CARPDA(1.0),New passenger cars by type of motor energy,A,Annual,NR,Number,ELC,Electricity,TR,Türkiye,2015,,154,,,,,
dataflow,ESTAT:ROAD_EQR_CARPDA(1.0),New passenger cars by type of motor energy,A,Annual,NR,Number,ELC,Electricity,TR,Türkiye,2016,,77,,,,,
dataflow,ESTAT:ROAD_EQR_CARPDA(1.0),New passenger cars by type of motor energy,A,Annual,NR,Number,ELC,Electricity,TR,Türkiye,2017,,117,,,,,
dataflow,ESTAT:ROAD_EQR_CARPDA(1.0),New passenger cars by type of motor energy,A,Annual,NR,Number,ELC,Electricity,TR,Türkiye,2018,,206,,,,,
dataflow,ESTAT:ROAD_EQR_CARPDA(1.0),New passenger cars by type of motor energy,A,Annual,NR,Number,ELC,Electricity,TR,Türkiye,2019,,228,,,,,
dataflow,ESTAT:ROAD_EQR_CARPDA(1.0),New passenger cars by type of motor energy,A,Annual,NR,Number,ELC,Electricity,TR,Türkiye,2020,,1617,,,,,
dataflow,ESTAT:ROAD_EQR_CARPDA(1.0),New passenger cars by type of motor energy,A,Annual,NR,Number,ELC,Electricity,TR,Türkiye,2021,,3575,,,,,
dataflow,ESTAT:ROAD_EQR_CARPDA(1.0),New passenger cars by type of motor energy,A,Annual,NR,Number,ELC,Electricity,TR,Türkiye,2022,,8312,,,,,
dataflow,ESTAT:ROAD_EQR_CARPDA(1.0),New passenger cars by type of motor energy,A,Annual,NR,Number,ELC,Electricity,TR,Türkiye,2023,,65558,,,,,
dataflow,ESTAT:ROAD_EQR_CARPDA(1.0),New passenger cars by type of motor energy,A,Annual,NR,Number,ELC,Electricity,TR,Türkiye,2024,,103850,,,,,
dataflow,ESTAT:ROAD_EQR_CARPDA(1.0),New passenger cars by type of motor energy,A,Annual,NR,Number,ELC,Electricity,UA,Ukraine,2019,,7261,,,,,
dataflow,ESTAT:ROAD_EQR_CARPDA(1.0),New passenger cars by type of motor energy,A,Annual,NR,Number,ELC,Electricity,UA,Ukraine,2020,,641,,,,,
dataflow,ESTAT:ROAD_EQR_CARPDA(1.0),New passenger cars by type of motor energy,A,Annual,NR,Number,ELC,Electricity,UA,Ukraine,2021,,1210,,,,,
dataflow,ESTAT:ROAD_EQR_CARPDA(1.0),New passenger cars by type of motor energy,A,Annual,NR,Number,ELC,Electricity,UA,Ukraine,2022,,2255,,,,,
dataflow,ESTAT:ROAD_EQR_CARPDA(1.0),New passenger cars by type of motor energy,A,Annual,NR,Number,ELC,Electricity,UA,Ukraine,2023,,7261,,,,,
dataflow,ESTAT:ROAD_EQR_CARPDA(1.0),New passenger cars by type of motor energy,A,Annual,NR,Number,ELC,Electricity,UA,Ukraine,2024,,10231,,,,,
dataflow,ESTAT:ROAD_EQR_CARPDA(1.0),New passenger cars by type of motor energy,A,Annual,NR,Number,ELC,Electricity,UK,United Kingdom,2015,,10063,,,,,
dataflow,ESTAT:ROAD_EQR_CARPDA(1.0),New passenger cars by type of motor energy,A,Annual,NR,Number,ELC,Electricity,UK,United Kingdom,2016,,10544,,,,,
dataflow,ESTAT:ROAD_EQR_CARPDA(1.0),New passenger cars by type of motor energy,A,Annual,NR,Number,ELC,Electricity,UK,United Kingdom,2017,,13727,,,,,
dataflow,ESTAT:ROAD_EQR_CARPDA(1.0),New passenger cars by type of motor energy,A,Annual,NR,Number,ELC,Electricity,UK,United Kingdom,2018,,15579,,,,,
dataflow,ESTAT:ROAD_EQR_CARPDA(1.0),New passenger cars by type of motor energy,A,Annual,NR,Number,ELC,Electricity,UK,United Kingdom,2021,,188143,,,,,
dataflow,ESTAT:ROAD_EQR_CARPDA(1.0),New passenger cars by type of motor energy,A,Annual,NR,Number,ELC,Electricity,UK,United Kingdom,2022,,263197,,,,,
dataflow,ESTAT:ROAD_EQR_CARPDA(1.0),New passenger cars by type of motor energy,A,Annual,NR,Number,ELC,Electricity,UK,United Kingdom,2023,,308941,,,,,
dataflow,ESTAT:ROAD_EQR_CARPDA(1.0),New passenger cars by type of motor energy,A,Annual,NR,Number,ELC,Electricity,UK,United Kingdom,2024,,375191,,,,,
dataflow,ESTAT:ROAD_EQR_CARPDA(1.0),New passenger cars by type of motor energy,A,Annual,NR,Number,ELC,Electricity,XK,Kosovo*,2017,,2,,,,,
dataflow,ESTAT:ROAD_EQR_CARPDA(1.0),New passenger cars by type of motor energy,A,Annual,NR,Number,ELC,Electricity,XK,Kosovo*,2018,,1,,,,,
dataflow,ESTAT:ROAD_EQR_CARPDA(1.0),New passenger cars by type of motor energy,A,Annual,NR,Number,ELC,Electricity,XK,Kosovo*,2019,,0,,,,,
dataflow,ESTAT:ROAD_EQR_CARPDA(1.0),New passenger cars by type of motor energy,A,Annual,NR,Number,ELC,Electricity,XK,Kosovo*,2021,,20,,,,,
dataflow,ESTAT:ROAD_EQR_CARPDA(1.0),New passenger cars by type of motor energy,A,Annual,NR,Number,ELC_DIE_PI,Plug-in hybrid diesel-electric  ,AL,Albania,2020,,0,,,,,
dataflow,ESTAT:ROAD_EQR_CARPDA(1.0),New passenger cars by type of motor energy,A,Annual,NR,Number,ELC_DIE_PI,Plug-in hybrid diesel-electric  ,AT,Austria,2015,,170,,,,,
dataflow,ESTAT:ROAD_EQR_CARPDA(1.0),New passenger cars by type of motor energy,A,Annual,NR,Number,ELC_DIE_PI,Plug-in hybrid diesel-electric  ,AT,Austria,2016,,150,,,,,
dataflow,ESTAT:ROAD_EQR_CARPDA(1.0),New passenger cars by type of motor energy,A,Annual,NR,Number,ELC_DIE_PI,Plug-in hybrid diesel-electric  ,AT,Austria,2017,,89,,,,,
dataflow,ESTAT:ROAD_EQR_CARPDA(1.0),New passenger cars by type of motor energy,A,Annual,NR,Number,ELC_DIE_PI,Plug-in hybrid diesel-electric  ,AT,Austria,2018,,40,,,,,
dataflow,ESTAT:ROAD_EQR_CARPDA(1.0),New passenger cars by type of motor energy,A,Annual,NR,Number,ELC_DIE_PI,Plug-in hybrid diesel-electric  ,AT,Austria,2019,,45,,,,,
dataflow,ESTAT:ROAD_EQR_CARPDA(1.0),New passenger cars by type of motor energy,A,Annual,NR,Number,ELC_DIE_PI,Plug-in hybrid diesel-electric  ,AT,Austria,2020,,439,,,,,
dataflow,ESTAT:ROAD_EQR_CARPDA(1.0),New passenger cars by type of motor energy,A,Annual,NR,Number,ELC_DIE_PI,Plug-in hybrid diesel-electric  ,AT,Austria,2021,,1026,,,,,
dataflow,ESTAT:ROAD_EQR_CARPDA(1.0),New passenger cars by type of motor energy,A,Annual,NR,Number,ELC_DIE_PI,Plug-in hybrid diesel-electric  ,AT,Austria,2022,,802,,,,,
dataflow,ESTAT:ROAD_EQR_CARPDA(1.0),New passenger cars by type of motor energy,A,Annual,NR,Number,ELC_DIE_PI,Plug-in hybrid diesel-electric  ,AT,Austria,2023,,694,,,,,
dataflow,ESTAT:ROAD_EQR_CARPDA(1.0),New passenger cars by type of motor energy,A,Annual,NR,Number,ELC_DIE_PI,Plug-in hybrid diesel-electric  ,AT,Austria,2024,,1867,,,,,
dataflow,ESTAT:ROAD_EQR_CARPDA(1.0),New passenger cars by type of motor energy,A,Annual,NR,Number,ELC_DIE_PI,Plug-in hybrid diesel-electric  ,BA,Bosnia and Herzegovina,2015,,0,,,,,
dataflow,ESTAT:ROAD_EQR_CARPDA(1.0),New passenger cars by type of motor energy,A,Annual,NR,Number,ELC_DIE_PI,Plug-in hybrid diesel-electric  ,BA,Bosnia and Herzegovina,2017,,0,,,,,
dataflow,ESTAT:ROAD_EQR_CARPDA(1.0),New passenger cars by type of motor energy,A,Annual,NR,Number,ELC_DIE_PI,Plug-in hybrid diesel-electric  ,BA,Bosnia and Herzegovina,2019,,0,,,,,
dataflow,ESTAT:ROAD_EQR_CARPDA(1.0),New passenger cars by type of motor energy,A,Annual,NR,Number,ELC_DIE_PI,Plug-in hybrid diesel-electric  ,BA,Bosnia and Herzegovina,2021,,0,,,,,
dataflow,ESTAT:ROAD_EQR_CARPDA(1.0),New passenger cars by type of motor energy,A,Annual,NR,Number,ELC_DIE_PI,Plug-in hybrid diesel-electric  ,BE,Belgium,2022,,7031,,i,value imputed by Eurostat or other receiving agencies,,
dataflow,ESTAT:ROAD_EQR_CARPDA(1.0),New passenger cars by type of motor energy,A,Annual,NR,Number,ELC_DIE_PI,Plug-in hybrid diesel-electric  ,BE,Belgium,2023,,6040,,i,value imputed by Eurostat or other receiving agencies,,
dataflow,ESTAT:ROAD_EQR_CARPDA(1.0),New passenger cars by type of motor energy,A,Annual,NR,Number,ELC_DIE_PI,Plug-in hybrid diesel-electric  ,BE,Belgium,2024,,4036,,i,value imputed by Eurostat or other receiving agencies,,
dataflow,ESTAT:ROAD_EQR_CARPDA(1.0),New passenger cars by type of motor energy,A,Annual,NR,Number,ELC_DIE_PI,Plug-in hybrid diesel-electric  ,BG,Bulgaria,2023,,0,,i,value imputed by Eurostat or other receiving agencies,,
dataflow,ESTAT:ROAD_EQR_CARPDA(1.0),New passenger cars by type of motor energy,A,Annual,NR,Number,ELC_DIE_PI,Plug-in hybrid diesel-electric  ,BG,Bulgaria,2024,,0,,i,value imputed by Eurostat or other receiving agencies,,
dataflow,ESTAT:ROAD_EQR_CARPDA(1.0),New passenger cars by type of motor energy,A,Annual,NR,Number,ELC_DIE_PI,Plug-in hybrid diesel-electric  ,CH,Switzerland,2015,,266,,,,,
dataflow,ESTAT:ROAD_EQR_CARPDA(1.0),New passenger cars by type of motor energy,A,Annual,NR,Number,ELC_DIE_PI,Plug-in hybrid diesel-electric  ,CH,Switzerland,2016,,145,,,,,
dataflow,ESTAT:ROAD_EQR_CARPDA(1.0),New passenger cars by type of motor energy,A,Annual,NR,Number,ELC_DIE_PI,Plug-in hybrid diesel-electric  ,CH,Switzerland,2017,,100,,,,,
dataflow,ESTAT:ROAD_EQR_CARPDA(1.0),New passenger cars by type of motor energy,A,Annual,NR,Number,ELC_DIE_PI,Plug-in hybrid diesel-electric  ,CH,Switzerland,2018,,61,,,,,
dataflow,ESTAT:ROAD_EQR_CARPDA(1.0),New passenger cars by type of motor energy,A,Annual,NR,Number,ELC_DIE_PI,Plug-in hybrid diesel-electric  ,CH,Switzerland,2019,,10,,,,,
dataflow,ESTAT:ROAD_EQR_CARPDA(1.0),New passenger cars by type of motor energy,A,Annual,NR,Number,ELC_DIE_PI,Plug-in hybrid diesel-electric  ,CH,Switzerland,2020,,161,,,,,
dataflow,ESTAT:ROAD_EQR_CARPDA(1.0),New passenger cars by type of motor energy,A,Annual,NR,Number,ELC_DIE_PI,Plug-in hybrid diesel-electric  ,CH,Switzerland,2021,,572,,,,,
dataflow,ESTAT:ROAD_EQR_CARPDA(1.0),New passenger cars by type of motor energy,A,Annual,NR,Number,ELC_DIE_PI,Plug-in hybrid diesel-electric  ,CH,Switzerland,2022,,272,,,,,
dataflow,ESTAT:ROAD_EQR_CARPDA(1.0),New passenger cars by type of motor energy,A,Annual,NR,Number,ELC_DIE_PI,Plug-in hybrid diesel-electric  ,CH,Switzerland,2023,,4,,,,,
dataflow,ESTAT:ROAD_EQR_CARPDA(1.0),New passenger cars by type of motor energy,A,Annual,NR,Number,ELC_DIE_PI,Plug-in hybrid diesel-electric  ,CH,Switzerland,2024,,1,,,,,
dataflow,ESTAT:ROAD_EQR_CARPDA(1.0),New passenger cars by type of motor energy,A,Annual,NR,Number,ELC_DIE_PI,Plug-in hybrid diesel-electric  ,CY,Cyprus,2023,,6,,,,,
dataflow,ESTAT:ROAD_EQR_CARPDA(1.0),New passenger cars by type of motor energy,A,Annual,NR,Number,ELC_DIE_PI,Plug-in hybrid diesel-electric  ,CY,Cyprus,2024,,13,,,,,
dataflow,ESTAT:ROAD_EQR_CARPDA(1.0),New passenger cars by type of motor energy,A,Annual,NR,Number,ELC_DIE_PI,Plug-in hybrid diesel-electric  ,CZ,Czechia,2022,,281,,i,value imputed by Eurostat or other receiving agencies,,
dataflow,ESTAT:ROAD_EQR_CARPDA(1.0),New passenger cars by type of motor energy,A,Annual,NR,Number,ELC_DIE_PI,Plug-in hybrid diesel-electric  ,CZ,Czechia,2023,,470,,i,value imputed by Eurostat or other receiving agencies,,
dataflow,ESTAT:ROAD_EQR_CARPDA(1.0),New passenger cars by type of motor energy,A,Annual,NR,Number,ELC_DIE_PI,Plug-in hybrid diesel-electric  ,CZ,Czechia,2024,,432,,i,value imputed by Eurostat or other receiving agencies,,
dataflow,ESTAT:ROAD_EQR_CARPDA(1.0),New passenger cars by type of motor energy,A,Annual,NR,Number,ELC_DIE_PI,Plug-in hybrid diesel-electric  ,DE,Germany,2017,,1191,,,,,
dataflow,ESTAT:ROAD_EQR_CARPDA(1.0),New passenger cars by type of motor energy,A,Annual,NR,Number,ELC_DIE_PI,Plug-in hybrid diesel-electric  ,DE,Germany,2018,,583,,,,,
dataflow,ESTAT:ROAD_EQR_CARPDA(1.0),New passenger cars by type of motor energy,A,Annual,NR,Number,ELC_DIE_PI,Plug-in hybrid diesel-electric  ,DE,Germany,2019,,7432,,,,,
dataflow,ESTAT:ROAD_EQR_CARPDA(1.0),New passenger cars by type of motor energy,A,Annual,NR,Number,ELC_DIE_PI,Plug-in hybrid diesel-electric  ,DE,Germany,2020,,22431,,,,,
dataflow,ESTAT:ROAD_EQR_CARPDA(1.0),New passenger cars by type of motor energy,A,Annual,NR,Number,ELC_DIE_PI,Plug-in hybrid diesel-electric  ,DE,Germany,2021,,23581,,,,,
dataflow,ESTAT:ROAD_EQR_CARPDA(1.0),New passenger cars by type of motor energy,A,Annual,NR,Number,ELC_DIE_PI,Plug-in hybrid diesel-electric  ,DE,Germany,2022,,17009,,,,,
dataflow,ESTAT:ROAD_EQR_CARPDA(1.0),New passenger cars by type of motor energy,A,Annual,NR,Number,ELC_DIE_PI,Plug-in hybrid diesel-electric  ,DE,Germany,2023,,9109,,,,,
dataflow,ESTAT:ROAD_EQR_CARPDA(1.0),New passenger cars by type of motor energy,A,Annual,NR,Number,ELC_DIE_PI,Plug-in hybrid diesel-electric  ,DE,Germany,2024,,17250,,,,,
dataflow,ESTAT:ROAD_EQR_CARPDA(1.0),New passenger cars by type of motor energy,A,Annual,NR,Number,ELC_DIE_PI,Plug-in hybrid diesel-electric  ,DK,Denmark,2015,,0,,,,,
dataflow,ESTAT:ROAD_EQR_CARPDA(1.0),New passenger cars by type of motor energy,A,Annual,NR,Number,ELC_DIE_PI,Plug-in hybrid diesel-electric  ,DK,Denmark,2016,,5,,,,,
dataflow,ESTAT:ROAD_EQR_CARPDA(1.0),New passenger cars by type of motor energy,A,Annual,NR,Number,ELC_DIE_PI,Plug-in hybrid diesel-electric  ,DK,Denmark,2017,,1,,,,,
dataflow,ESTAT:ROAD_EQR_CARPDA(1.0),New passenger cars by type of motor energy,A,Annual,NR,Number,ELC_DIE_PI,Plug-in hybrid diesel-electric  ,DK,Denmark,2018,,1,,,,,
dataflow,ESTAT:ROAD_EQR_CARPDA(1.0),New passenger cars by type of motor energy,A,Annual,NR,Number,ELC_DIE_PI,Plug-in hybrid diesel-electric  ,DK,Denmark,2019,,113,,,,,
dataflow,ESTAT:ROAD_EQR_CARPDA(1.0),New passenger cars by type of motor energy,A,Annual,NR,Number,ELC_DIE_PI,Plug-in hybrid diesel-electric  ,DK,Denmark,2020,,488,,,,,
dataflow,ESTAT:ROAD_EQR_CARPDA(1.0),New passenger cars by type of motor energy,A,Annual,NR,Number,ELC_DIE_PI,Plug-in hybrid diesel-electric  ,DK,Denmark,2021,,1128,,,,,
dataflow,ESTAT:ROAD_EQR_CARPDA(1.0),New passenger cars by type of motor energy,A,Annual,NR,Number,ELC_DIE_PI,Plug-in hybrid diesel-electric  ,DK,Denmark,2022,,849,,,,,
dataflow,ESTAT:ROAD_EQR_CARPDA(1.0),New passenger cars by type of motor energy,A,Annual,NR,Number,ELC_DIE_PI,Plug-in hybrid diesel-electric  ,DK,Denmark,2023,,273,,,,,
dataflow,ESTAT:ROAD_EQR_CARPDA(1.0),New passenger cars by type of motor energy,A,Annual,NR,Number,ELC_DIE_PI,Plug-in hybrid diesel-electric  ,DK,Denmark,2024,,110,,,,,
dataflow,ESTAT:ROAD_EQR_CARPDA(1.0),New passenger cars by type of motor energy,A,Annual,NR,Number,ELC_DIE_PI,Plug-in hybrid diesel-electric  ,EE,Estonia,2021,,18,,,,,
dataflow,ESTAT:ROAD_EQR_CARPDA(1.0),New passenger cars by type of motor energy,A,Annual,NR,Number,ELC_DIE_PI,Plug-in hybrid diesel-electric  ,EE,Estonia,2022,,29,,,,,
dataflow,ESTAT:ROAD_EQR_CARPDA(1.0),New passenger cars by type of motor energy,A,Annual,NR,Number,ELC_DIE_PI,Plug-in hybrid diesel-electric  ,EE,Estonia,2023,,20,,,,,
dataflow,ESTAT:ROAD_EQR_CARPDA(1.0),New passenger cars by type of motor energy,A,Annual,NR,Number,ELC_DIE_PI,Plug-in hybrid diesel-electric  ,EE,Estonia,2024,,26,,,,,
dataflow,ESTAT:ROAD_EQR_CARPDA(1.0),New passenger cars by type of motor energy,A,Annual,NR,Number,ELC_DIE_PI,Plug-in hybrid diesel-electric  ,EL,Greece,2022,,0,,i,value imputed by Eurostat or other receiving agencies,,
dataflow,ESTAT:ROAD_EQR_CARPDA(1.0),New passenger cars by type of motor energy,A,Annual,NR,Number,ELC_DIE_PI,Plug-in hybrid diesel-electric  ,EL,Greece,2023,,361,,i,value imputed by Eurostat or other receiving agencies,,
dataflow,ESTAT:ROAD_EQR_CARPDA(1.0),New passenger cars by type of motor energy,A,Annual,NR,Number,ELC_DIE_PI,Plug-in hybrid diesel-electric  ,EL,Greece,2024,,223,,i,value imputed by Eurostat or other receiving agencies,,
dataflow,ESTAT:ROAD_EQR_CARPDA(1.0),New passenger cars by type of motor energy,A,Annual,NR,Number,ELC_DIE_PI,Plug-in hybrid diesel-electric  ,ES,Spain,2015,,9,,,,,
dataflow,ESTAT:ROAD_EQR_CARPDA(1.0),New passenger cars by type of motor energy,A,Annual,NR,Number,ELC_DIE_PI,Plug-in hybrid diesel-electric  ,ES,Spain,2016,,10,,,,,
dataflow,ESTAT:ROAD_EQR_CARPDA(1.0),New passenger cars by type of motor energy,A,Annual,NR,Number,ELC_DIE_PI,Plug-in hybrid diesel-electric  ,ES,Spain,2017,,8,,,,,
dataflow,ESTAT:ROAD_EQR_CARPDA(1.0),New passenger cars by type of motor energy,A,Annual,NR,Number,ELC_DIE_PI,Plug-in hybrid diesel-electric  ,ES,Spain,2018,,6,,,,,
dataflow,ESTAT:ROAD_EQR_CARPDA(1.0),New passenger cars by type of motor energy,A,Annual,NR,Number,ELC_DIE_PI,Plug-in hybrid diesel-electric  ,ES,Spain,2019,,77,,,,,
dataflow,ESTAT:ROAD_EQR_CARPDA(1.0),New passenger cars by type of motor energy,A,Annual,NR,Number,ELC_DIE_PI,Plug-in hybrid diesel-electric  ,ES,Spain,2020,,1252,,,,,
dataflow,ESTAT:ROAD_EQR_CARPDA(1.0),New passenger cars by type of motor energy,A,Annual,NR,Number,ELC_DIE_PI,Plug-in hybrid diesel-electric  ,ES,Spain,2021,,2169,,,,,
dataflow,ESTAT:ROAD_EQR_CARPDA(1.0),New passenger cars by type of motor energy,A,Annual,NR,Number,ELC_DIE_PI,Plug-in hybrid diesel-electric  ,ES,Spain,2022,,2129,,,,,
dataflow,ESTAT:ROAD_EQR_CARPDA(1.0),New passenger cars by type of motor energy,A,Annual,NR,Number,ELC_DIE_PI,Plug-in hybrid diesel-electric  ,ES,Spain,2023,,1742,,,,,
dataflow,ESTAT:ROAD_EQR_CARPDA(1.0),New passenger cars by type of motor energy,A,Annual,NR,Number,ELC_DIE_PI,Plug-in hybrid diesel-electric  ,ES,Spain,2024,,4528,,,,,
dataflow,ESTAT:ROAD_EQR_CARPDA(1.0),New passenger cars by type of motor energy,A,Annual,NR,Number,ELC_DIE_PI,Plug-in hybrid diesel-electric  ,FI,Finland,2015,,15,,,,,
dataflow,ESTAT:ROAD_EQR_CARPDA(1.0),New passenger cars by type of motor energy,A,Annual,NR,Number,ELC_DIE_PI,Plug-in hybrid diesel-electric  ,FI,Finland,2016,,93,,,,,
dataflow,ESTAT:ROAD_EQR_CARPDA(1.0),New passenger cars by type of motor energy,A,Annual,NR,Number,ELC_DIE_PI,Plug-in hybrid diesel-electric  ,FI,Finland,2017,,152,,,,,
dataflow,ESTAT:ROAD_EQR_CARPDA(1.0),New passenger cars by type of motor energy,A,Annual,NR,Number,ELC_DIE_PI,Plug-in hybrid diesel-electric  ,FI,Finland,2018,,135,,,,,
dataflow,ESTAT:ROAD_EQR_CARPDA(1.0),New passenger cars by type of motor energy,A,Annual,NR,Number,ELC_DIE_PI,Plug-in hybrid diesel-electric  ,FI,Finland,2019,,159,,,,,
dataflow,ESTAT:ROAD_EQR_CARPDA(1.0),New passenger cars by type of motor energy,A,Annual,NR,Number,ELC_DIE_PI,Plug-in hybrid diesel-electric  ,FI,Finland,2020,,435,,,,,
dataflow,ESTAT:ROAD_EQR_CARPDA(1.0),New passenger cars by type of motor energy,A,Annual,NR,Number,ELC_DIE_PI,Plug-in hybrid diesel-electric  ,FI,Finland,2021,,620,,,,,
dataflow,ESTAT:ROAD_EQR_CARPDA(1.0),New passenger cars by type of motor energy,A,Annual,NR,Number,ELC_DIE_PI,Plug-in hybrid diesel-electric  ,FI,Finland,2022,,401,,,,,
dataflow,ESTAT:ROAD_EQR_CARPDA(1.0),New passenger cars by type of motor energy,A,Annual,NR,Number,ELC_DIE_PI,Plug-in hybrid diesel-electric  ,FI,Finland,2023,,220,,,,,
dataflow,ESTAT:ROAD_EQR_CARPDA(1.0),New passenger cars by type of motor energy,A,Annual,NR,Number,ELC_DIE_PI,Plug-in hybrid diesel-electric  ,FI,Finland,2024,,196,,,,,
dataflow,ESTAT:ROAD_EQR_CARPDA(1.0),New passenger cars by type of motor energy,A,Annual,NR,Number,ELC_DIE_PI,Plug-in hybrid diesel-electric  ,FR,France,2015,,90,,,,,
dataflow,ESTAT:ROAD_EQR_CARPDA(1.0),New passenger cars by type of motor energy,A,Annual,NR,Number,ELC_DIE_PI,Plug-in hybrid diesel-electric  ,FR,France,2016,,261,,,,,
dataflow,ESTAT:ROAD_EQR_CARPDA(1.0),New passenger cars by type of motor energy,A,Annual,NR,Number,ELC_DIE_PI,Plug-in hybrid diesel-electric  ,FR,France,2017,,288,,,,,
dataflow,ESTAT:ROAD_EQR_CARPDA(1.0),New passenger cars by type of motor energy,A,Annual,NR,Number,ELC_DIE_PI,Plug-in hybrid diesel-electric  ,FR,France,2018,,246,,,,,
dataflow,ESTAT:ROAD_EQR_CARPDA(1.0),New passenger cars by type of motor energy,A,Annual,NR,Number,ELC_DIE_PI,Plug-in hybrid diesel-electric  ,FR,France,2019,,779,,,,,
dataflow,ESTAT:ROAD_EQR_CARPDA(1.0),New passenger cars by type of motor energy,A,Annual,NR,Number,ELC_DIE_PI,Plug-in hybrid diesel-electric  ,FR,France,2020,,2396,,,,,
dataflow,ESTAT:ROAD_EQR_CARPDA(1.0),New passenger cars by type of motor energy,A,Annual,NR,Number,ELC_DIE_PI,Plug-in hybrid diesel-electric  ,FR,France,2021,,7236,,,,,
dataflow,ESTAT:ROAD_EQR_CARPDA(1.0),New passenger cars by type of motor energy,A,Annual,NR,Number,ELC_DIE_PI,Plug-in hybrid diesel-electric  ,FR,France,2022,,6240,,,,,
dataflow,ESTAT:ROAD_EQR_CARPDA(1.0),New passenger cars by type of motor energy,A,Annual,NR,Number,ELC_DIE_PI,Plug-in hybrid diesel-electric  ,FR,France,2023,,4463,,i,value imputed by Eurostat or other receiving agencies,,
dataflow,ESTAT:ROAD_EQR_CARPDA(1.0),New passenger cars by type of motor energy,A,Annual,NR,Number,ELC_DIE_PI,Plug-in hybrid diesel-electric  ,FR,France,2024,,7020,,,,,
dataflow,ESTAT:ROAD_EQR_CARPDA(1.0),New passenger cars by type of motor energy,A,Annual,NR,Number,ELC_DIE_PI,Plug-in hybrid diesel-electric  ,GE,Georgia,2019,,0,,,,,
dataflow,ESTAT:ROAD_EQR_CARPDA(1.0),New passenger cars by type of motor energy,A,Annual,NR,Number,ELC_DIE_PI,Plug-in hybrid diesel-electric  ,GE,Georgia,2024,,0,,,,,
dataflow,ESTAT:ROAD_EQR_CARPDA(1.0),New passenger cars by type of motor energy,A,Annual,NR,Number,ELC_DIE_PI,Plug-in hybrid diesel-electric  ,HR,Croatia,2023,,0,,i,value imputed by Eurostat or other receiving agencies,,
dataflow,ESTAT:ROAD_EQR_CARPDA(1.0),New passenger cars by type of motor energy,A,Annual,NR,Number,ELC_DIE_PI,Plug-in hybrid diesel-electric  ,HR,Croatia,2024,,0,,i,value imputed by Eurostat or other receiving agencies,,
dataflow,ESTAT:ROAD_EQR_CARPDA(1.0),New passenger cars by type of motor energy,A,Annual,NR,Number,ELC_DIE_PI,Plug-in hybrid diesel-electric  ,HU,Hungary,2020,,336,,i,value imputed by Eurostat or other receiving agencies,,
dataflow,ESTAT:ROAD_EQR_CARPDA(1.0),New passenger cars by type of motor energy,A,Annual,NR,Number,ELC_DIE_PI,Plug-in hybrid diesel-electric  ,HU,Hungary,2021,,645,,i,value imputed by Eurostat or other receiving agencies,,
dataflow,ESTAT:ROAD_EQR_CARPDA(1.0),New passenger cars by type of motor energy,A,Annual,NR,Number,ELC_DIE_PI,Plug-in hybrid diesel-electric  ,HU,Hungary,2022,,643,,i,value imputed by Eurostat or other receiving agencies,,
dataflow,ESTAT:ROAD_EQR_CARPDA(1.0),New passenger cars by type of motor energy,A,Annual,NR,Number,ELC_DIE_PI,Plug-in hybrid diesel-electric  ,HU,Hungary,2023,,738,,i,value imputed by Eurostat or other receiving agencies,,
dataflow,ESTAT:ROAD_EQR_CARPDA(1.0),New passenger cars by type of motor energy,A,Annual,NR,Number,ELC_DIE_PI,Plug-in hybrid diesel-electric  ,HU,Hungary,2024,,758,,i,value imputed by Eurostat or other receiving agencies,,
dataflow,ESTAT:ROAD_EQR_CARPDA(1.0),New passenger cars by type of motor energy,A,Annual,NR,Number,ELC_DIE_PI,Plug-in hybrid diesel-electric  ,IE,Ireland,2017,,3,,,,,
dataflow,ESTAT:ROAD_EQR_CARPDA(1.0),New passenger cars by type of motor energy,A,Annual,NR,Number,ELC_DIE_PI,Plug-in hybrid diesel-electric  ,IE,Ireland,2018,,10,,,,,
dataflow,ESTAT:ROAD_EQR_CARPDA(1.0),New passenger cars by type of motor energy,A,Annual,NR,Number,ELC_DIE_PI,Plug-in hybrid diesel-electric  ,IE,Ireland,2019,,4,,,,,
dataflow,ESTAT:ROAD_EQR_CARPDA(1.0),New passenger cars by type of motor energy,A,Annual,NR,Number,ELC_DIE_PI,Plug-in hybrid diesel-electric  ,IE,Ireland,2020,,34,,,,,
dataflow,ESTAT:ROAD_EQR_CARPDA(1.0),New passenger cars by type of motor energy,A,Annual,NR,Number,ELC_DIE_PI,Plug-in hybrid diesel-electric  ,IE,Ireland,2021,,271,,,,,
dataflow,ESTAT:ROAD_EQR_CARPDA(1.0),New passenger cars by type of motor energy,A,Annual,NR,Number,ELC_DIE_PI,Plug-in hybrid diesel-electric  ,IE,Ireland,2022,,574,,,,,
dataflow,ESTAT:ROAD_EQR_CARPDA(1.0),New passenger cars by type of motor energy,A,Annual,NR,Number,ELC_DIE_PI,Plug-in hybrid diesel-electric  ,IE,Ireland,2023,,302,,,,,
dataflow,ESTAT:ROAD_EQR_CARPDA(1.0),New passenger cars by type of motor energy,A,Annual,NR,Number,ELC_DIE_PI,Plug-in hybrid diesel-electric  ,IE,Ireland,2024,,404,,,,,
dataflow,ESTAT:ROAD_EQR_CARPDA(1.0),New passenger cars by type of motor energy,A,Annual,NR,Number,ELC_DIE_PI,Plug-in hybrid diesel-electric  ,IS,Iceland,2017,,123,,,,,
dataflow,ESTAT:ROAD_EQR_CARPDA(1.0),New passenger cars by type of motor energy,A,Annual,NR,Number,ELC_DIE_PI,Plug-in hybrid diesel-electric  ,IS,Iceland,2018,,209,,,,,
dataflow,ESTAT:ROAD_EQR_CARPDA(1.0),New passenger cars by type of motor energy,A,Annual,NR,Number,ELC_DIE_PI,Plug-in hybrid diesel-electric  ,IS,Iceland,2019,,167,,,,,
dataflow,ESTAT:ROAD_EQR_CARPDA(1.0),New passenger cars by type of motor energy,A,Annual,NR,Number,ELC_DIE_PI,Plug-in hybrid diesel-electric  ,IS,Iceland,2020,,104,,,,,
dataflow,ESTAT:ROAD_EQR_CARPDA(1.0),New passenger cars by type of motor energy,A,Annual,NR,Number,ELC_DIE_PI,Plug-in hybrid diesel-electric  ,IS,Iceland,2021,,179,,,,,
dataflow,ESTAT:ROAD_EQR_CARPDA(1.0),New passenger cars by type of motor energy,A,Annual,NR,Number,ELC_DIE_PI,Plug-in hybrid diesel-electric  ,IS,Iceland,2022,,137,,i,value imputed by Eurostat or other receiving agencies,,
dataflow,ESTAT:ROAD_EQR_CARPDA(1.0),New passenger cars by type of motor energy,A,Annual,NR,Number,ELC_DIE_PI,Plug-in hybrid diesel-electric  ,IS,Iceland,2023,,64,,i,value imputed by Eurostat or other receiving agencies,,
dataflow,ESTAT:ROAD_EQR_CARPDA(1.0),New passenger cars by type of motor energy,A,Annual,NR,Number,ELC_DIE_PI,Plug-in hybrid diesel-electric  ,IS,Iceland,2024,,60,,i,value imputed by Eurostat or other receiving agencies,,
dataflow,ESTAT:ROAD_EQR_CARPDA(1.0),New passenger cars by type of motor energy,A,Annual,NR,Number,ELC_DIE_PI,Plug-in hybrid diesel-electric  ,IT,Italy,2021,,8894,,i,value imputed by Eurostat or other receiving agencies,,
dataflow,ESTAT:ROAD_EQR_CARPDA(1.0),New passenger cars by type of motor energy,A,Annual,NR,Number,ELC_DIE_PI,Plug-in hybrid diesel-electric  ,IT,Italy,2022,,8232,,i,value imputed by Eurostat or other receiving agencies,,
dataflow,ESTAT:ROAD_EQR_CARPDA(1.0),New passenger cars by type of motor energy,A,Annual,NR,Number,ELC_DIE_PI,Plug-in hybrid diesel-electric  ,IT,Italy,2023,,8789,,i,value imputed by Eurostat or other receiving agencies,,
dataflow,ESTAT:ROAD_EQR_CARPDA(1.0),New passenger cars by type of motor energy,A,Annual,NR,Number,ELC_DIE_PI,Plug-in hybrid diesel-electric  ,IT,Italy,2024,,6595,,i,value imputed by Eurostat or other receiving agencies,,
dataflow,ESTAT:ROAD_EQR_CARPDA(1.0),New passenger cars by type of motor energy,A,Annual,NR,Number,ELC_DIE_PI,Plug-in hybrid diesel-electric  ,LT,Lithuania,2023,,0,,i,value imputed by Eurostat or other receiving agencies,,
dataflow,ESTAT:ROAD_EQR_CARPDA(1.0),New passenger cars by type of motor energy,A,Annual,NR,Number,ELC_DIE_PI,Plug-in hybrid diesel-electric  ,LT,Lithuania,2024,,0,,i,value imputed by Eurostat or other receiving agencies,,
dataflow,ESTAT:ROAD_EQR_CARPDA(1.0),New passenger cars by type of motor energy,A,Annual,NR,Number,ELC_DIE_PI,Plug-in hybrid diesel-electric  ,LU,Luxembourg,2015,,0,,,,,
dataflow,ESTAT:ROAD_EQR_CARPDA(1.0),New passenger cars by type of motor energy,A,Annual,NR,Number,ELC_DIE_PI,Plug-in hybrid diesel-electric  ,LU,Luxembourg,2016,,0,,,,,
dataflow,ESTAT:ROAD_EQR_CARPDA(1.0),New passenger cars by type of motor energy,A,Annual,NR,Number,ELC_DIE_PI,Plug-in hybrid diesel-electric  ,LU,Luxembourg,2017,,14,,,,,
dataflow,ESTAT:ROAD_EQR_CARPDA(1.0),New passenger cars by type of motor energy,A,Annual,NR,Number,ELC_DIE_PI,Plug-in hybrid diesel-electric  ,LU,Luxembourg,2018,,10,,,,,
dataflow,ESTAT:ROAD_EQR_CARPDA(1.0),New passenger cars by type of motor energy,A,Annual,NR,Number,ELC_DIE_PI,Plug-in hybrid diesel-electric  ,LU,Luxembourg,2019,,69,,,,,
dataflow,ESTAT:ROAD_EQR_CARPDA(1.0),New passenger cars by type of motor energy,A,Annual,NR,Number,ELC_DIE_PI,Plug-in hybrid diesel-electric  ,LU,Luxembourg,2020,,320,,,,,
dataflow,ESTAT:ROAD_EQR_CARPDA(1.0),New passenger cars by type of motor energy,A,Annual,NR,Number,ELC_DIE_PI,Plug-in hybrid diesel-electric  ,LU,Luxembourg,2021,,619,,,,,
dataflow,ESTAT:ROAD_EQR_CARPDA(1.0),New passenger cars by type of motor energy,A,Annual,NR,Number,ELC_DIE_PI,Plug-in hybrid diesel-electric  ,LU,Luxembourg,2022,,410,,,,,
dataflow,ESTAT:ROAD_EQR_CARPDA(1.0),New passenger cars by type of motor energy,A,Annual,NR,Number,ELC_DIE_PI,Plug-in hybrid diesel-electric  ,LU,Luxembourg,2023,,168,,,,,
dataflow,ESTAT:ROAD_EQR_CARPDA(1.0),New passenger cars by type of motor energy,A,Annual,NR,Number,ELC_DIE_PI,Plug-in hybrid diesel-electric  ,LU,Luxembourg,2024,,184,,,,,
dataflow,ESTAT:ROAD_EQR_CARPDA(1.0),New passenger cars by type of motor energy,A,Annual,NR,Number,ELC_DIE_PI,Plug-in hybrid diesel-electric  ,LV,Latvia,2015,,0,,,,,
dataflow,ESTAT:ROAD_EQR_CARPDA(1.0),New passenger cars by type of motor energy,A,Annual,NR,Number,ELC_DIE_PI,Plug-in hybrid diesel-electric  ,LV,Latvia,2016,,0,,,,,
dataflow,ESTAT:ROAD_EQR_CARPDA(1.0),New passenger cars by type of motor energy,A,Annual,NR,Number,ELC_DIE_PI,Plug-in hybrid diesel-electric  ,LV,Latvia,2018,,0,,,,,
dataflow,ESTAT:ROAD_EQR_CARPDA(1.0),New passenger cars by type of motor energy,A,Annual,NR,Number,ELC_DIE_PI,Plug-in hybrid diesel-electric  ,LV,Latvia,2019,,0,,,,,
dataflow,ESTAT:ROAD_EQR_CARPDA(1.0),New passenger cars by type of motor energy,A,Annual,NR,Number,ELC_DIE_PI,Plug-in hybrid diesel-electric  ,LV,Latvia,2020,,0,,,,,
dataflow,ESTAT:ROAD_EQR_CARPDA(1.0),New passenger cars by type of motor energy,A,Annual,NR,Number,ELC_DIE_PI,Plug-in hybrid diesel-electric  ,LV,Latvia,2023,,0,,i,value imputed by Eurostat or other receiving agencies,,
dataflow,ESTAT:ROAD_EQR_CARPDA(1.0),New passenger cars by type of motor energy,A,Annual,NR,Number,ELC_DIE_PI,Plug-in hybrid diesel-electric  ,LV,Latvia,2024,,0,,,,,
dataflow,ESTAT:ROAD_EQR_CARPDA(1.0),New passenger cars by type of motor energy,A,Annual,NR,Number,ELC_DIE_PI,Plug-in hybrid diesel-electric  ,MT,Malta,2019,,0,,,,,
dataflow,ESTAT:ROAD_EQR_CARPDA(1.0),New passenger cars by type of motor energy,A,Annual,NR,Number,ELC_DIE_PI,Plug-in hybrid diesel-electric  ,MT,Malta,2020,,0,,,,,
dataflow,ESTAT:ROAD_EQR_CARPDA(1.0),New passenger cars by type of motor energy,A,Annual,NR,Number,ELC_DIE_PI,Plug-in hybrid diesel-electric  ,MT,Malta,2021,,5,,,,,
dataflow,ESTAT:ROAD_EQR_CARPDA(1.0),New passenger cars by type of motor energy,A,Annual,NR,Number,ELC_DIE_PI,Plug-in hybrid diesel-electric  ,MT,Malta,2022,,10,,,,,
dataflow,ESTAT:ROAD_EQR_CARPDA(1.0),New passenger cars by type of motor energy,A,Annual,NR,Number,ELC_DIE_PI,Plug-in hybrid diesel-electric  ,MT,Malta,2023,,16,,,,,
dataflow,ESTAT:ROAD_EQR_CARPDA(1.0),New passenger cars by type of motor energy,A,Annual,NR,Number,ELC_DIE_PI,Plug-in hybrid diesel-electric  ,MT,Malta,2024,,16,,,,,
dataflow,ESTAT:ROAD_EQR_CARPDA(1.0),New passenger cars by type of motor energy,A,Annual,NR,Number,ELC_DIE_PI,Plug-in hybrid diesel-electric  ,NO,Norway,2016,,1112,,,,,
dataflow,ESTAT:ROAD_EQR_CARPDA(1.0),New passenger cars by type of motor energy,A,Annual,NR,Number,ELC_DIE_PI,Plug-in hybrid diesel-electric  ,NO,Norway,2017,,2455,,,,,
dataflow,ESTAT:ROAD_EQR_CARPDA(1.0),New passenger cars by type of motor energy,A,Annual,NR,Number,ELC_DIE_PI,Plug-in hybrid diesel-electric  ,NO,Norway,2018,,1880,,,,,
dataflow,ESTAT:ROAD_EQR_CARPDA(1.0),New passenger cars by type of motor energy,A,Annual,NR,Number,ELC_DIE_PI,Plug-in hybrid diesel-electric  ,NO,Norway,2019,,977,,,,,
dataflow,ESTAT:ROAD_EQR_CARPDA(1.0),New passenger cars by type of motor energy,A,Annual,NR,Number,ELC_DIE_PI,Plug-in hybrid diesel-electric  ,NO,Norway,2020,,1672,,,,,
dataflow,ESTAT:ROAD_EQR_CARPDA(1.0),New passenger cars by type of motor energy,A,Annual,NR,Number,ELC_DIE_PI,Plug-in hybrid diesel-electric  ,NO,Norway,2021,,1581,,,,,
dataflow,ESTAT:ROAD_EQR_CARPDA(1.0),New passenger cars by type of motor energy,A,Annual,NR,Number,ELC_DIE_PI,Plug-in hybrid diesel-electric  ,NO,Norway,2022,,535,,,,,
dataflow,ESTAT:ROAD_EQR_CARPDA(1.0),New passenger cars by type of motor energy,A,Annual,NR,Number,ELC_DIE_PI,Plug-in hybrid diesel-electric  ,NO,Norway,2023,,200,,,,,
dataflow,ESTAT:ROAD_EQR_CARPDA(1.0),New passenger cars by type of motor energy,A,Annual,NR,Number,ELC_DIE_PI,Plug-in hybrid diesel-electric  ,NO,Norway,2024,,20,,,,,
dataflow,ESTAT:ROAD_EQR_CARPDA(1.0),New passenger cars by type of motor energy,A,Annual,NR,Number,ELC_DIE_PI,Plug-in hybrid diesel-electric  ,PL,Poland,2015,,47,,i,value imputed by Eurostat or other receiving agencies,,
dataflow,ESTAT:ROAD_EQR_CARPDA(1.0),New passenger cars by type of motor energy,A,Annual,NR,Number,ELC_DIE_PI,Plug-in hybrid diesel-electric  ,PL,Poland,2016,,111,,i,value imputed by Eurostat or other receiving agencies,,
dataflow,ESTAT:ROAD_EQR_CARPDA(1.0),New passenger cars by type of motor energy,A,Annual,NR,Number,ELC_DIE_PI,Plug-in hybrid diesel-electric  ,PL,Poland,2017,,148,,i,value imputed by Eurostat or other receiving agencies,,
dataflow,ESTAT:ROAD_EQR_CARPDA(1.0),New passenger cars by type of motor energy,A,Annual,NR,Number,ELC_DIE_PI,Plug-in hybrid diesel-electric  ,PL,Poland,2018,,176,,i,value imputed by Eurostat or other receiving agencies,,
dataflow,ESTAT:ROAD_EQR_CARPDA(1.0),New passenger cars by type of motor energy,A,Annual,NR,Number,ELC_DIE_PI,Plug-in hybrid diesel-electric  ,PL,Poland,2019,,309,,i,value imputed by Eurostat or other receiving agencies,,
dataflow,ESTAT:ROAD_EQR_CARPDA(1.0),New passenger cars by type of motor energy,A,Annual,NR,Number,ELC_DIE_PI,Plug-in hybrid diesel-electric  ,PL,Poland,2020,,979,,i,value imputed by Eurostat or other receiving agencies,,
dataflow,ESTAT:ROAD_EQR_CARPDA(1.0),New passenger cars by type of motor energy,A,Annual,NR,Number,ELC_DIE_PI,Plug-in hybrid diesel-electric  ,PL,Poland,2021,,2093,,i,value imputed by Eurostat or other receiving agencies,,
dataflow,ESTAT:ROAD_EQR_CARPDA(1.0),New passenger cars by type of motor energy,A,Annual,NR,Number,ELC_DIE_PI,Plug-in hybrid diesel-electric  ,PL,Poland,2022,,1812,,i,value imputed by Eurostat or other receiving agencies,,
dataflow,ESTAT:ROAD_EQR_CARPDA(1.0),New passenger cars by type of motor energy,A,Annual,NR,Number,ELC_DIE_PI,Plug-in hybrid diesel-electric  ,PL,Poland,2023,,2451,,i,value imputed by Eurostat or other receiving agencies,,
dataflow,ESTAT:ROAD_EQR_CARPDA(1.0),New passenger cars by type of motor energy,A,Annual,NR,Number,ELC_DIE_PI,Plug-in hybrid diesel-electric  ,PL,Poland,2024,,2792,,,,,
dataflow,ESTAT:ROAD_EQR_CARPDA(1.0),New passenger cars by type of motor energy,A,Annual,NR,Number,ELC_DIE_PI,Plug-in hybrid diesel-electric  ,PT,Portugal,2017,,135,,,,,
dataflow,ESTAT:ROAD_EQR_CARPDA(1.0),New passenger cars by type of motor energy,A,Annual,NR,Number,ELC_DIE_PI,Plug-in hybrid diesel-electric  ,PT,Portugal,2018,,96,,,,,
dataflow,ESTAT:ROAD_EQR_CARPDA(1.0),New passenger cars by type of motor energy,A,Annual,NR,Number,ELC_DIE_PI,Plug-in hybrid diesel-electric  ,PT,Portugal,2019,,1151,,,,,
dataflow,ESTAT:ROAD_EQR_CARPDA(1.0),New passenger cars by type of motor energy,A,Annual,NR,Number,ELC_DIE_PI,Plug-in hybrid diesel-electric  ,PT,Portugal,2020,,1920,,,,,
dataflow,ESTAT:ROAD_EQR_CARPDA(1.0),New passenger cars by type of motor energy,A,Annual,NR,Number,ELC_DIE_PI,Plug-in hybrid diesel-electric  ,PT,Portugal,2021,,2134,,,,,
dataflow,ESTAT:ROAD_EQR_CARPDA(1.0),New passenger cars by type of motor energy,A,Annual,NR,Number,ELC_DIE_PI,Plug-in hybrid diesel-electric  ,PT,Portugal,2022,,1289,,,,,
dataflow,ESTAT:ROAD_EQR_CARPDA(1.0),New passenger cars by type of motor energy,A,Annual,NR,Number,ELC_DIE_PI,Plug-in hybrid diesel-electric  ,PT,Portugal,2023,,1320,,,,,
dataflow,ESTAT:ROAD_EQR_CARPDA(1.0),New passenger cars by type of motor energy,A,Annual,NR,Number,ELC_DIE_PI,Plug-in hybrid diesel-electric  ,PT,Portugal,2024,,2475,,,,,
dataflow,ESTAT:ROAD_EQR_CARPDA(1.0),New passenger cars by type of motor energy,A,Annual,NR,Number,ELC_DIE_PI,Plug-in hybrid diesel-electric  ,RO,Romania,2020,,83,,i,value imputed by Eurostat or other receiving agencies,,
dataflow,ESTAT:ROAD_EQR_CARPDA(1.0),New passenger cars by type of motor energy,A,Annual,NR,Number,ELC_DIE_PI,Plug-in hybrid diesel-electric  ,RO,Romania,2021,,314,,i,value imputed by Eurostat or other receiving agencies,,
dataflow,ESTAT:ROAD_EQR_CARPDA(1.0),New passenger cars by type of motor energy,A,Annual,NR,Number,ELC_DIE_PI,Plug-in hybrid diesel-electric  ,RO,Romania,2022,,266,,i,value imputed by Eurostat or other receiving agencies,,
dataflow,ESTAT:ROAD_EQR_CARPDA(1.0),New passenger cars by type of motor energy,A,Annual,NR,Number,ELC_DIE_PI,Plug-in hybrid diesel-electric  ,RO,Romania,2023,,273,,i,value imputed by Eurostat or other receiving agencies,,
dataflow,ESTAT:ROAD_EQR_CARPDA(1.0),New passenger cars by type of motor energy,A,Annual,NR,Number,ELC_DIE_PI,Plug-in hybrid diesel-electric  ,RO,Romania,2024,,636,,i,value imputed by Eurostat or other receiving agencies,,
dataflow,ESTAT:ROAD_EQR_CARPDA(1.0),New passenger cars by type of motor energy,A,Annual,NR,Number,ELC_DIE_PI,Plug-in hybrid diesel-electric  ,SE,Sweden,2015,,579,,,,,
dataflow,ESTAT:ROAD_EQR_CARPDA(1.0),New passenger cars by type of motor energy,A,Annual,NR,Number,ELC_DIE_PI,Plug-in hybrid diesel-electric  ,SE,Sweden,2016,,1326,,,,,
dataflow,ESTAT:ROAD_EQR_CARPDA(1.0),New passenger cars by type of motor energy,A,Annual,NR,Number,ELC_DIE_PI,Plug-in hybrid diesel-electric  ,SE,Sweden,2017,,1115,,,,,
dataflow,ESTAT:ROAD_EQR_CARPDA(1.0),New passenger cars by type of motor energy,A,Annual,NR,Number,ELC_DIE_PI,Plug-in hybrid diesel-electric  ,SE,Sweden,2018,,1270,,,,,
dataflow,ESTAT:ROAD_EQR_CARPDA(1.0),New passenger cars by type of motor energy,A,Annual,NR,Number,ELC_DIE_PI,Plug-in hybrid diesel-electric  ,SE,Sweden,2019,,913,,,,,
dataflow,ESTAT:ROAD_EQR_CARPDA(1.0),New passenger cars by type of motor energy,A,Annual,NR,Number,ELC_DIE_PI,Plug-in hybrid diesel-electric  ,SE,Sweden,2020,,2970,,,,,
dataflow,ESTAT:ROAD_EQR_CARPDA(1.0),New passenger cars by type of motor energy,A,Annual,NR,Number,ELC_DIE_PI,Plug-in hybrid diesel-electric  ,SE,Sweden,2021,,3979,,,,,
dataflow,ESTAT:ROAD_EQR_CARPDA(1.0),New passenger cars by type of motor energy,A,Annual,NR,Number,ELC_DIE_PI,Plug-in hybrid diesel-electric  ,SE,Sweden,2022,,2620,,,,,
dataflow,ESTAT:ROAD_EQR_CARPDA(1.0),New passenger cars by type of motor energy,A,Annual,NR,Number,ELC_DIE_PI,Plug-in hybrid diesel-electric  ,SE,Sweden,2023,,1705,,,,,
dataflow,ESTAT:ROAD_EQR_CARPDA(1.0),New passenger cars by type of motor energy,A,Annual,NR,Number,ELC_DIE_PI,Plug-in hybrid diesel-electric  ,SE,Sweden,2024,,3373,,,,,
dataflow,ESTAT:ROAD_EQR_CARPDA(1.0),New passenger cars by type of motor energy,A,Annual,NR,Number,ELC_DIE_PI,Plug-in hybrid diesel-electric  ,SI,Slovenia,2022,,0,,i,value imputed by Eurostat or other receiving agencies,,
dataflow,ESTAT:ROAD_EQR_CARPDA(1.0),New passenger cars by type of motor energy,A,Annual,NR,Number,ELC_DIE_PI,Plug-in hybrid diesel-electric  ,SI,Slovenia,2023,,0,,i,value imputed by Eurostat or other receiving agencies,,
dataflow,ESTAT:ROAD_EQR_CARPDA(1.0),New passenger cars by type of motor energy,A,Annual,NR,Number,ELC_DIE_PI,Plug-in hybrid diesel-electric  ,SI,Slovenia,2024,,0,,i,value imputed by Eurostat or other receiving agencies,,
dataflow,ESTAT:ROAD_EQR_CARPDA(1.0),New passenger cars by type of motor energy,A,Annual,NR,Number,ELC_DIE_PI,Plug-in hybrid diesel-electric  ,SK,Slovakia,2022,,100,,i,value imputed by Eurostat or other receiving agencies,,
dataflow,ESTAT:ROAD_EQR_CARPDA(1.0),New passenger cars by type of motor energy,A,Annual,NR,Number,ELC_DIE_PI,Plug-in hybrid diesel-electric  ,SK,Slovakia,2023,,0,,i,value imputed by Eurostat or other receiving agencies,,
dataflow,ESTAT:ROAD_EQR_CARPDA(1.0),New passenger cars by type of motor energy,A,Annual,NR,Number,ELC_DIE_PI,Plug-in hybrid diesel-electric  ,SK,Slovakia,2024,,143,,i,value imputed by Eurostat or other receiving agencies,,
dataflow,ESTAT:ROAD_EQR_CARPDA(1.0),New passenger cars by type of motor energy,A,Annual,NR,Number,ELC_DIE_PI,Plug-in hybrid diesel-electric  ,TR,Türkiye,2017,,0,,,,,
dataflow,ESTAT:ROAD_EQR_CARPDA(1.0),New passenger cars by type of motor energy,A,Annual,NR,Number,ELC_DIE_PI,Plug-in hybrid diesel-electric  ,TR,Türkiye,2018,,0,,,,,
dataflow,ESTAT:ROAD_EQR_CARPDA(1.0),New passenger cars by type of motor energy,A,Annual,NR,Number,ELC_DIE_PI,Plug-in hybrid diesel-electric  ,TR,Türkiye,2019,,0,,,,,
dataflow,ESTAT:ROAD_EQR_CARPDA(1.0),New passenger cars by type of motor energy,A,Annual,NR,Number,ELC_DIE_PI,Plug-in hybrid diesel-electric  ,TR,Türkiye,2020,,0,,,,,
dataflow,ESTAT:ROAD_EQR_CARPDA(1.0),New passenger cars by type of motor energy,A,Annual,NR,Number,ELC_DIE_PI,Plug-in hybrid diesel-electric  ,TR,Türkiye,2021,,0,,,,,
dataflow,ESTAT:ROAD_EQR_CARPDA(1.0),New passenger cars by type of motor energy,A,Annual,NR,Number,ELC_DIE_PI,Plug-in hybrid diesel-electric  ,TR,Türkiye,2023,,0,,,,,
dataflow,ESTAT:ROAD_EQR_CARPDA(1.0),New passenger cars by type of motor energy,A,Annual,NR,Number,ELC_DIE_PI,Plug-in hybrid diesel-electric  ,TR,Türkiye,2024,,0,,,,,
dataflow,ESTAT:ROAD_EQR_CARPDA(1.0),New passenger cars by type of motor energy,A,Annual,NR,Number,ELC_DIE_PI,Plug-in hybrid diesel-electric  ,UK,United Kingdom,2017,,618,,,,,
dataflow,ESTAT:ROAD_EQR_CARPDA(1.0),New passenger cars by type of motor energy,A,Annual,NR,Number,ELC_DIE_PI,Plug-in hybrid diesel-electric  ,UK,United Kingdom,2018,,229,,,,,
dataflow,ESTAT:ROAD_EQR_CARPDA(1.0),New passenger cars by type of motor energy,A,Annual,NR,Number,ELC_DIE_PI,Plug-in hybrid diesel-electric  ,UK,United Kingdom,2021,,4070,,,,,
dataflow,ESTAT:ROAD_EQR_CARPDA(1.0),New passenger cars by type of motor energy,A,Annual,NR,Number,ELC_DIE_PI,Plug-in hybrid diesel-electric  ,UK,United Kingdom,2022,,2306,,,,,
dataflow,ESTAT:ROAD_EQR_CARPDA(1.0),New passenger cars by type of motor energy,A,Annual,NR,Number,ELC_DIE_PI,Plug-in hybrid diesel-electric  ,XK,Kosovo*,2018,,0,,,,,
dataflow,ESTAT:ROAD_EQR_CARPDA(1.0),New passenger cars by type of motor energy,A,Annual,NR,Number,ELC_DIE_PI,Plug-in hybrid diesel-electric  ,XK,Kosovo*,2019,,0,,,,,
dataflow,ESTAT:ROAD_EQR_CARPDA(1.0),New passenger cars by type of motor energy,A,Annual,NR,Number,ELC_DIE_PI,Plug-in hybrid diesel-electric  ,XK,Kosovo*,2021,,1,,,,,
dataflow,ESTAT:ROAD_EQR_CARPDA(1.0),New passenger cars by type of motor energy,A,Annual,NR,Number,ELC_PET_HYB,Hybrid electric-petrol,AL,Albania,2019,,134,,,,,
dataflow,ESTAT:ROAD_EQR_CARPDA(1.0),New passenger cars by type of motor energy,A,Annual,NR,Number,ELC_PET_HYB,Hybrid electric-petrol,AL,Albania,2020,,193,,,,,
dataflow,ESTAT:ROAD_EQR_CARPDA(1.0),New passenger cars by type of motor energy,A,Annual,NR,Number,ELC_PET_HYB,Hybrid electric-petrol,AL,Albania,2021,,423,,,,,
dataflow,ESTAT:ROAD_EQR_CARPDA(1.0),New passenger cars by type of motor energy,A,Annual,NR,Number,ELC_PET_HYB,Hybrid electric-petrol,AL,Albania,2022,,528,,,,,
dataflow,ESTAT:ROAD_EQR_CARPDA(1.0),New passenger cars by type of motor energy,A,Annual,NR,Number,ELC_PET_HYB,Hybrid electric-petrol,AL,Albania,2023,,871,,,,,
dataflow,ESTAT:ROAD_EQR_CARPDA(1.0),New passenger cars by type of motor energy,A,Annual,NR,Number,ELC_PET_HYB,Hybrid electric-petrol,AL,Albania,2024,,1542,,,,,
dataflow,ESTAT:ROAD_EQR_CARPDA(1.0),New passenger cars by type of motor energy,A,Annual,NR,Number,ELC_PET_HYB,Hybrid electric-petrol,AT,Austria,2015,,1893,,,,,
dataflow,ESTAT:ROAD_EQR_CARPDA(1.0),New passenger cars by type of motor energy,A,Annual,NR,Number,ELC_PET_HYB,Hybrid electric-petrol,AT,Austria,2016,,3305,,,,,
dataflow,ESTAT:ROAD_EQR_CARPDA(1.0),New passenger cars by type of motor energy,A,Annual,NR,Number,ELC_PET_HYB,Hybrid electric-petrol,AT,Austria,2017,,6529,,,,,
dataflow,ESTAT:ROAD_EQR_CARPDA(1.0),New passenger cars by type of motor energy,A,Annual,NR,Number,ELC_PET_HYB,Hybrid electric-petrol,AT,Austria,2018,,6135,,,,,
dataflow,ESTAT:ROAD_EQR_CARPDA(1.0),New passenger cars by type of motor energy,A,Annual,NR,Number,ELC_PET_HYB,Hybrid electric-petrol,AT,Austria,2019,,10237,,,,,
dataflow,ESTAT:ROAD_EQR_CARPDA(1.0),New passenger cars by type of motor energy,A,Annual,NR,Number,ELC_PET_HYB,Hybrid electric-petrol,AT,Austria,2020,,18178,,,,,
dataflow,ESTAT:ROAD_EQR_CARPDA(1.0),New passenger cars by type of motor energy,A,Annual,NR,Number,ELC_PET_HYB,Hybrid electric-petrol,AT,Austria,2021,,29451,,,,,
dataflow,ESTAT:ROAD_EQR_CARPDA(1.0),New passenger cars by type of motor energy,A,Annual,NR,Number,ELC_PET_HYB,Hybrid electric-petrol,AT,Austria,2022,,28238,,,,,
dataflow,ESTAT:ROAD_EQR_CARPDA(1.0),New passenger cars by type of motor energy,A,Annual,NR,Number,ELC_PET_HYB,Hybrid electric-petrol,AT,Austria,2023,,36705,,,,,
dataflow,ESTAT:ROAD_EQR_CARPDA(1.0),New passenger cars by type of motor energy,A,Annual,NR,Number,ELC_PET_HYB,Hybrid electric-petrol,AT,Austria,2024,,51611,,,,,
dataflow,ESTAT:ROAD_EQR_CARPDA(1.0),New passenger cars by type of motor energy,A,Annual,NR,Number,ELC_PET_HYB,Hybrid electric-petrol,BA,Bosnia and Herzegovina,2015,,2,,,,,
dataflow,ESTAT:ROAD_EQR_CARPDA(1.0),New passenger cars by type of motor energy,A,Annual,NR,Number,ELC_PET_HYB,Hybrid electric-petrol,BA,Bosnia and Herzegovina,2016,,56,,,,,
dataflow,ESTAT:ROAD_EQR_CARPDA(1.0),New passenger cars by type of motor energy,A,Annual,NR,Number,ELC_PET_HYB,Hybrid electric-petrol,BA,Bosnia and Herzegovina,2017,,136,,,,,
dataflow,ESTAT:ROAD_EQR_CARPDA(1.0),New passenger cars by type of motor energy,A,Annual,NR,Number,ELC_PET_HYB,Hybrid electric-petrol,BA,Bosnia and Herzegovina,2018,,127,,,,,
dataflow,ESTAT:ROAD_EQR_CARPDA(1.0),New passenger cars by type of motor energy,A,Annual,NR,Number,ELC_PET_HYB,Hybrid electric-petrol,BA,Bosnia and Herzegovina,2019,,191,,,,,
dataflow,ESTAT:ROAD_EQR_CARPDA(1.0),New passenger cars by type of motor energy,A,Annual,NR,Number,ELC_PET_HYB,Hybrid electric-petrol,BA,Bosnia and Herzegovina,2020,,151,,,,,
dataflow,ESTAT:ROAD_EQR_CARPDA(1.0),New passenger cars by type of motor energy,A,Annual,NR,Number,ELC_PET_HYB,Hybrid electric-petrol,BA,Bosnia and Herzegovina,2021,,315,,,,,
dataflow,ESTAT:ROAD_EQR_CARPDA(1.0),New passenger cars by type of motor energy,A,Annual,NR,Number,ELC_PET_HYB,Hybrid electric-petrol,BA,Bosnia and Herzegovina,2022,,455,,,,,
dataflow,ESTAT:ROAD_EQR_CARPDA(1.0),New passenger cars by type of motor energy,A,Annual,NR,Number,ELC_PET_HYB,Hybrid electric-petrol,BA,Bosnia and Herzegovina,2023,,923,,,,,
dataflow,ESTAT:ROAD_EQR_CARPDA(1.0),New passenger cars by type of motor energy,A,Annual,NR,Number,ELC_PET_HYB,Hybrid electric-petrol,BA,Bosnia and Herzegovina,2024,,1270,,,,,
dataflow,ESTAT:ROAD_EQR_CARPDA(1.0),New passenger cars by type of motor energy,A,Annual,NR,Number,ELC_PET_HYB,Hybrid electric-petrol,BE,Belgium,2015,,8352,,,,,
dataflow,ESTAT:ROAD_EQR_CARPDA(1.0),New passenger cars by type of motor energy,A,Annual,NR,Number,ELC_PET_HYB,Hybrid electric-petrol,BE,Belgium,2016,,15692,,,,,
dataflow,ESTAT:ROAD_EQR_CARPDA(1.0),New passenger cars by type of motor energy,A,Annual,NR,Number,ELC_PET_HYB,Hybrid electric-petrol,BE,Belgium,2017,,23458,,,,,
dataflow,ESTAT:ROAD_EQR_CARPDA(1.0),New passenger cars by type of motor energy,A,Annual,NR,Number,ELC_PET_HYB,Hybrid electric-petrol,BE,Belgium,2018,,23510,,,,,
dataflow,ESTAT:ROAD_EQR_CARPDA(1.0),New passenger cars by type of motor energy,A,Annual,NR,Number,ELC_PET_HYB,Hybrid electric-petrol,BE,Belgium,2019,,28998,,,,,
dataflow,ESTAT:ROAD_EQR_CARPDA(1.0),New passenger cars by type of motor energy,A,Annual,NR,Number,ELC_PET_HYB,Hybrid electric-petrol,BE,Belgium,2020,,56502,,,,,
dataflow,ESTAT:ROAD_EQR_CARPDA(1.0),New passenger cars by type of motor energy,A,Annual,NR,Number,ELC_PET_HYB,Hybrid electric-petrol,BE,Belgium,2021,,93969,,,,,
dataflow,ESTAT:ROAD_EQR_CARPDA(1.0),New passenger cars by type of motor energy,A,Annual,NR,Number,ELC_PET_HYB,Hybrid electric-petrol,BE,Belgium,2022,,65146,,i,value imputed by Eurostat or other receiving agencies,,
dataflow,ESTAT:ROAD_EQR_CARPDA(1.0),New passenger cars by type of motor energy,A,Annual,NR,Number,ELC_PET_HYB,Hybrid electric-petrol,BE,Belgium,2023,,86480,,,,,
dataflow,ESTAT:ROAD_EQR_CARPDA(1.0),New passenger cars by type of motor energy,A,Annual,NR,Number,ELC_PET_HYB,Hybrid electric-petrol,BE,Belgium,2024,,103003,,b,break in time series,,
dataflow,ESTAT:ROAD_EQR_CARPDA(1.0),New passenger cars by type of motor energy,A,Annual,NR,Number,ELC_PET_HYB,Hybrid electric-petrol,BG,Bulgaria,2020,,429,,i,value imputed by Eurostat or other receiving agencies,,
dataflow,ESTAT:ROAD_EQR_CARPDA(1.0),New passenger cars by type of motor energy,A,Annual,NR,Number,ELC_PET_HYB,Hybrid electric-petrol,BG,Bulgaria,2021,,636,,i,value imputed by Eurostat or other receiving agencies,,
dataflow,ESTAT:ROAD_EQR_CARPDA(1.0),New passenger cars by type of motor energy,A,Annual,NR,Number,ELC_PET_HYB,Hybrid electric-petrol,BG,Bulgaria,2022,,386,,i,value imputed by Eurostat or other receiving agencies,,
dataflow,ESTAT:ROAD_EQR_CARPDA(1.0),New passenger cars by type of motor energy,A,Annual,NR,Number,ELC_PET_HYB,Hybrid electric-petrol,BG,Bulgaria,2023,,693,,i,value imputed by Eurostat or other receiving agencies,,
dataflow,ESTAT:ROAD_EQR_CARPDA(1.0),New passenger cars by type of motor energy,A,Annual,NR,Number,ELC_PET_HYB,Hybrid electric-petrol,BG,Bulgaria,2024,,1005,,i,value imputed by Eurostat or other receiving agencies,,
dataflow,ESTAT:ROAD_EQR_CARPDA(1.0),New passenger cars by type of motor energy,A,Annual,NR,Number,ELC_PET_HYB,Hybrid electric-petrol,CH,Switzerland,2015,,2089,,,,,
dataflow,ESTAT:ROAD_EQR_CARPDA(1.0),New passenger cars by type of motor energy,A,Annual,NR,Number,ELC_PET_HYB,Hybrid electric-petrol,CH,Switzerland,2016,,7274,,,,,
dataflow,ESTAT:ROAD_EQR_CARPDA(1.0),New passenger cars by type of motor energy,A,Annual,NR,Number,ELC_PET_HYB,Hybrid electric-petrol,CH,Switzerland,2017,,8293,,,,,
dataflow,ESTAT:ROAD_EQR_CARPDA(1.0),New passenger cars by type of motor energy,A,Annual,NR,Number,ELC_PET_HYB,Hybrid electric-petrol,CH,Switzerland,2018,,10553,,,,,
dataflow,ESTAT:ROAD_EQR_CARPDA(1.0),New passenger cars by type of motor energy,A,Annual,NR,Number,ELC_PET_HYB,Hybrid electric-petrol,CH,Switzerland,2019,,18285,,,,,
dataflow,ESTAT:ROAD_EQR_CARPDA(1.0),New passenger cars by type of motor energy,A,Annual,NR,Number,ELC_PET_HYB,Hybrid electric-petrol,CH,Switzerland,2020,,27513,,,,,
dataflow,ESTAT:ROAD_EQR_CARPDA(1.0),New passenger cars by type of motor energy,A,Annual,NR,Number,ELC_PET_HYB,Hybrid electric-petrol,CH,Switzerland,2021,,44741,,,,,
dataflow,ESTAT:ROAD_EQR_CARPDA(1.0),New passenger cars by type of motor energy,A,Annual,NR,Number,ELC_PET_HYB,Hybrid electric-petrol,CH,Switzerland,2022,,47102,,,,,
dataflow,ESTAT:ROAD_EQR_CARPDA(1.0),New passenger cars by type of motor energy,A,Annual,NR,Number,ELC_PET_HYB,Hybrid electric-petrol,CH,Switzerland,2023,,63355,,,,,
dataflow,ESTAT:ROAD_EQR_CARPDA(1.0),New passenger cars by type of motor energy,A,Annual,NR,Number,ELC_PET_HYB,Hybrid electric-petrol,CH,Switzerland,2024,,80648,,,,,
dataflow,ESTAT:ROAD_EQR_CARPDA(1.0),New passenger cars by type of motor energy,A,Annual,NR,Number,ELC_PET_HYB,Hybrid electric-petrol,CY,Cyprus,2015,,202,,,,,
dataflow,ESTAT:ROAD_EQR_CARPDA(1.0),New passenger cars by type of motor energy,A,Annual,NR,Number,ELC_PET_HYB,Hybrid electric-petrol,CY,Cyprus,2016,,381,,,,,
dataflow,ESTAT:ROAD_EQR_CARPDA(1.0),New passenger cars by type of motor energy,A,Annual,NR,Number,ELC_PET_HYB,Hybrid electric-petrol,CY,Cyprus,2017,,759,,,,,
dataflow,ESTAT:ROAD_EQR_CARPDA(1.0),New passenger cars by type of motor energy,A,Annual,NR,Number,ELC_PET_HYB,Hybrid electric-petrol,CY,Cyprus,2018,,983,,,,,
dataflow,ESTAT:ROAD_EQR_CARPDA(1.0),New passenger cars by type of motor energy,A,Annual,NR,Number,ELC_PET_HYB,Hybrid electric-petrol,CY,Cyprus,2019,,1052,,,,,
dataflow,ESTAT:ROAD_EQR_CARPDA(1.0),New passenger cars by type of motor energy,A,Annual,NR,Number,ELC_PET_HYB,Hybrid electric-petrol,CY,Cyprus,2020,,1424,,,,,
dataflow,ESTAT:ROAD_EQR_CARPDA(1.0),New passenger cars by type of motor energy,A,Annual,NR,Number,ELC_PET_HYB,Hybrid electric-petrol,CY,Cyprus,2021,,2990,,i,value imputed by Eurostat or other receiving agencies,,
dataflow,ESTAT:ROAD_EQR_CARPDA(1.0),New passenger cars by type of motor energy,A,Annual,NR,Number,ELC_PET_HYB,Hybrid electric-petrol,CY,Cyprus,2022,,4022,,i,value imputed by Eurostat or other receiving agencies,,
dataflow,ESTAT:ROAD_EQR_CARPDA(1.0),New passenger cars by type of motor energy,A,Annual,NR,Number,ELC_PET_HYB,Hybrid electric-petrol,CY,Cyprus,2023,,5157,,,,,
dataflow,ESTAT:ROAD_EQR_CARPDA(1.0),New passenger cars by type of motor energy,A,Annual,NR,Number,ELC_PET_HYB,Hybrid electric-petrol,CY,Cyprus,2024,,5987,,,,,
dataflow,ESTAT:ROAD_EQR_CARPDA(1.0),New passenger cars by type of motor energy,A,Annual,NR,Number,ELC_PET_HYB,Hybrid electric-petrol,CZ,Czechia,2020,,12769,,i,value imputed by Eurostat or other receiving agencies,,
dataflow,ESTAT:ROAD_EQR_CARPDA(1.0),New passenger cars by type of motor energy,A,Annual,NR,Number,ELC_PET_HYB,Hybrid electric-petrol,CZ,Czechia,2021,,3078,,,,,
dataflow,ESTAT:ROAD_EQR_CARPDA(1.0),New passenger cars by type of motor energy,A,Annual,NR,Number,ELC_PET_HYB,Hybrid electric-petrol,CZ,Czechia,2022,,13191,,i,value imputed by Eurostat or other receiving agencies,,
dataflow,ESTAT:ROAD_EQR_CARPDA(1.0),New passenger cars by type of motor energy,A,Annual,NR,Number,ELC_PET_HYB,Hybrid electric-petrol,CZ,Czechia,2023,,27412,,i,value imputed by Eurostat or other receiving agencies,,
dataflow,ESTAT:ROAD_EQR_CARPDA(1.0),New passenger cars by type of motor energy,A,Annual,NR,Number,ELC_PET_HYB,Hybrid electric-petrol,CZ,Czechia,2024,,2624,,i,value imputed by Eurostat or other receiving agencies,,
dataflow,ESTAT:ROAD_EQR_CARPDA(1.0),New passenger cars by type of motor energy,A,Annual,NR,Number,ELC_PET_HYB,Hybrid electric-petrol,DE,Germany,2017,,54009,,,,,
dataflow,ESTAT:ROAD_EQR_CARPDA(1.0),New passenger cars by type of motor energy,A,Annual,NR,Number,ELC_PET_HYB,Hybrid electric-petrol,DE,Germany,2018,,81503,,,,,
dataflow,ESTAT:ROAD_EQR_CARPDA(1.0),New passenger cars by type of motor energy,A,Annual,NR,Number,ELC_PET_HYB,Hybrid electric-petrol,DE,Germany,2019,,123799,,,,,
dataflow,ESTAT:ROAD_EQR_CARPDA(1.0),New passenger cars by type of motor energy,A,Annual,NR,Number,ELC_PET_HYB,Hybrid electric-petrol,DE,Germany,2020,,220385,,,,,
dataflow,ESTAT:ROAD_EQR_CARPDA(1.0),New passenger cars by type of motor energy,A,Annual,NR,Number,ELC_PET_HYB,Hybrid electric-petrol,DE,Germany,2021,,285898,,,,,
dataflow,ESTAT:ROAD_EQR_CARPDA(1.0),New passenger cars by type of motor energy,A,Annual,NR,Number,ELC_PET_HYB,Hybrid electric-petrol,DE,Germany,2022,,312090,,,,,
dataflow,ESTAT:ROAD_EQR_CARPDA(1.0),New passenger cars by type of motor energy,A,Annual,NR,Number,ELC_PET_HYB,Hybrid electric-petrol,DE,Germany,2023,,456426,,,,,
dataflow,ESTAT:ROAD_EQR_CARPDA(1.0),New passenger cars by type of motor energy,A,Annual,NR,Number,ELC_PET_HYB,Hybrid electric-petrol,DE,Germany,2024,,571488,,,,,
dataflow,ESTAT:ROAD_EQR_CARPDA(1.0),New passenger cars by type of motor energy,A,Annual,NR,Number,ELC_PET_HYB,Hybrid electric-petrol,DK,Denmark,2020,,9415,,i,value imputed by Eurostat or other receiving agencies,,
dataflow,ESTAT:ROAD_EQR_CARPDA(1.0),New passenger cars by type of motor energy,A,Annual,NR,Number,ELC_PET_HYB,Hybrid electric-petrol,DK,Denmark,2021,,8539,,i,value imputed by Eurostat or other receiving agencies,,
dataflow,ESTAT:ROAD_EQR_CARPDA(1.0),New passenger cars by type of motor energy,A,Annual,NR,Number,ELC_PET_HYB,Hybrid electric-petrol,DK,Denmark,2022,,22790,,i,value imputed by Eurostat or other receiving agencies,,
dataflow,ESTAT:ROAD_EQR_CARPDA(1.0),New passenger cars by type of motor energy,A,Annual,NR,Number,ELC_PET_HYB,Hybrid electric-petrol,DK,Denmark,2023,,24237,,i,value imputed by Eurostat or other receiving agencies,,
dataflow,ESTAT:ROAD_EQR_CARPDA(1.0),New passenger cars by type of motor energy,A,Annual,NR,Number,ELC_PET_HYB,Hybrid electric-petrol,DK,Denmark,2024,,25631,,i,value imputed by Eurostat or other receiving agencies,,
dataflow,ESTAT:ROAD_EQR_CARPDA(1.0),New passenger cars by type of motor energy,A,Annual,NR,Number,ELC_PET_HYB,Hybrid electric-petrol,EE,Estonia,2015,,351,,,,,
dataflow,ESTAT:ROAD_EQR_CARPDA(1.0),New passenger cars by type of motor energy,A,Annual,NR,Number,ELC_PET_HYB,Hybrid electric-petrol,EE,Estonia,2016,,771,,,,,
dataflow,ESTAT:ROAD_EQR_CARPDA(1.0),New passenger cars by type of motor energy,A,Annual,NR,Number,ELC_PET_HYB,Hybrid electric-petrol,EE,Estonia,2017,,1186,,,,,
dataflow,ESTAT:ROAD_EQR_CARPDA(1.0),New passenger cars by type of motor energy,A,Annual,NR,Number,ELC_PET_HYB,Hybrid electric-petrol,EE,Estonia,2018,,1512,,,,,
dataflow,ESTAT:ROAD_EQR_CARPDA(1.0),New passenger cars by type of motor energy,A,Annual,NR,Number,ELC_PET_HYB,Hybrid electric-petrol,EE,Estonia,2019,,2582,,,,,
dataflow,ESTAT:ROAD_EQR_CARPDA(1.0),New passenger cars by type of motor energy,A,Annual,NR,Number,ELC_PET_HYB,Hybrid electric-petrol,EE,Estonia,2020,,2582,,,,,
dataflow,ESTAT:ROAD_EQR_CARPDA(1.0),New passenger cars by type of motor energy,A,Annual,NR,Number,ELC_PET_HYB,Hybrid electric-petrol,EE,Estonia,2021,,5376,,,,,
dataflow,ESTAT:ROAD_EQR_CARPDA(1.0),New passenger cars by type of motor energy,A,Annual,NR,Number,ELC_PET_HYB,Hybrid electric-petrol,EE,Estonia,2022,,5933,,,,,
dataflow,ESTAT:ROAD_EQR_CARPDA(1.0),New passenger cars by type of motor energy,A,Annual,NR,Number,ELC_PET_HYB,Hybrid electric-petrol,EE,Estonia,2023,,7908,,,,,
dataflow,ESTAT:ROAD_EQR_CARPDA(1.0),New passenger cars by type of motor energy,A,Annual,NR,Number,ELC_PET_HYB,Hybrid electric-petrol,EE,Estonia,2024,,10369,,,,,
dataflow,ESTAT:ROAD_EQR_CARPDA(1.0),New passenger cars by type of motor energy,A,Annual,NR,Number,ELC_PET_HYB,Hybrid electric-petrol,EL,Greece,2021,,26319,,e,estimated,,
dataflow,ESTAT:ROAD_EQR_CARPDA(1.0),New passenger cars by type of motor energy,A,Annual,NR,Number,ELC_PET_HYB,Hybrid electric-petrol,EL,Greece,2022,,27607,,i,value imputed by Eurostat or other receiving agencies,,
dataflow,ESTAT:ROAD_EQR_CARPDA(1.0),New passenger cars by type of motor energy,A,Annual,NR,Number,ELC_PET_HYB,Hybrid electric-petrol,EL,Greece,2023,,39792,,i,value imputed by Eurostat or other receiving agencies,,
dataflow,ESTAT:ROAD_EQR_CARPDA(1.0),New passenger cars by type of motor energy,A,Annual,NR,Number,ELC_PET_HYB,Hybrid electric-petrol,EL,Greece,2024,,56254,,i,value imputed by Eurostat or other receiving agencies,,
dataflow,ESTAT:ROAD_EQR_CARPDA(1.0),New passenger cars by type of motor energy,A,Annual,NR,Number,ELC_PET_HYB,Hybrid electric-petrol,ES,Spain,2015,,7156,,,,,
dataflow,ESTAT:ROAD_EQR_CARPDA(1.0),New passenger cars by type of motor energy,A,Annual,NR,Number,ELC_PET_HYB,Hybrid electric-petrol,ES,Spain,2016,,30431,,,,,
dataflow,ESTAT:ROAD_EQR_CARPDA(1.0),New passenger cars by type of motor energy,A,Annual,NR,Number,ELC_PET_HYB,Hybrid electric-petrol,ES,Spain,2017,,55236,,,,,
dataflow,ESTAT:ROAD_EQR_CARPDA(1.0),New passenger cars by type of motor energy,A,Annual,NR,Number,ELC_PET_HYB,Hybrid electric-petrol,ES,Spain,2018,,73544,,,,,
dataflow,ESTAT:ROAD_EQR_CARPDA(1.0),New passenger cars by type of motor energy,A,Annual,NR,Number,ELC_PET_HYB,Hybrid electric-petrol,ES,Spain,2019,,92605,,,,,
dataflow,ESTAT:ROAD_EQR_CARPDA(1.0),New passenger cars by type of motor energy,A,Annual,NR,Number,ELC_PET_HYB,Hybrid electric-petrol,ES,Spain,2020,,112546,,,,,
dataflow,ESTAT:ROAD_EQR_CARPDA(1.0),New passenger cars by type of motor energy,A,Annual,NR,Number,ELC_PET_HYB,Hybrid electric-petrol,ES,Spain,2021,,182089,,,,,
dataflow,ESTAT:ROAD_EQR_CARPDA(1.0),New passenger cars by type of motor energy,A,Annual,NR,Number,ELC_PET_HYB,Hybrid electric-petrol,ES,Spain,2022,,207950,,,,,
dataflow,ESTAT:ROAD_EQR_CARPDA(1.0),New passenger cars by type of motor energy,A,Annual,NR,Number,ELC_PET_HYB,Hybrid electric-petrol,ES,Spain,2023,,263300,,,,,
dataflow,ESTAT:ROAD_EQR_CARPDA(1.0),New passenger cars by type of motor energy,A,Annual,NR,Number,ELC_PET_HYB,Hybrid electric-petrol,ES,Spain,2024,,350144,,,,,
dataflow,ESTAT:ROAD_EQR_CARPDA(1.0),New passenger cars by type of motor energy,A,Annual,NR,Number,ELC_PET_HYB,Hybrid electric-petrol,EU27_2020,European Union - 27 countries (from 2020),2022,,1789708,,,,,
dataflow,ESTAT:ROAD_EQR_CARPDA(1.0),New passenger cars by type of motor energy,A,Annual,NR,Number,ELC_PET_HYB,Hybrid electric-petrol,EU27_2020,European Union - 27 countries (from 2020),2023,,2310511,,,,,
dataflow,ESTAT:ROAD_EQR_CARPDA(1.0),New passenger cars by type of motor energy,A,Annual,NR,Number,ELC_PET_HYB,Hybrid electric-petrol,EU27_2020,European Union - 27 countries (from 2020),2024,,2849919,,,,,
dataflow,ESTAT:ROAD_EQR_CARPDA(1.0),New passenger cars by type of motor energy,A,Annual,NR,Number,ELC_PET_HYB,Hybrid electric-petrol,FI,Finland,2015,,2817,,,,,
dataflow,ESTAT:ROAD_EQR_CARPDA(1.0),New passenger cars by type of motor energy,A,Annual,NR,Number,ELC_PET_HYB,Hybrid electric-petrol,FI,Finland,2016,,4668,,,,,
dataflow,ESTAT:ROAD_EQR_CARPDA(1.0),New passenger cars by type of motor energy,A,Annual,NR,Number,ELC_PET_HYB,Hybrid electric-petrol,FI,Finland,2017,,8512,,,,,
dataflow,ESTAT:ROAD_EQR_CARPDA(1.0),New passenger cars by type of motor energy,A,Annual,NR,Number,ELC_PET_HYB,Hybrid electric-petrol,FI,Finland,2018,,11631,,,,,
dataflow,ESTAT:ROAD_EQR_CARPDA(1.0),New passenger cars by type of motor energy,A,Annual,NR,Number,ELC_PET_HYB,Hybrid electric-petrol,FI,Finland,2019,,14582,,,,,
dataflow,ESTAT:ROAD_EQR_CARPDA(1.0),New passenger cars by type of motor energy,A,Annual,NR,Number,ELC_PET_HYB,Hybrid electric-petrol,FI,Finland,2020,,17373,,,,,
dataflow,ESTAT:ROAD_EQR_CARPDA(1.0),New passenger cars by type of motor energy,A,Annual,NR,Number,ELC_PET_HYB,Hybrid electric-petrol,FI,Finland,2021,,25874,,,,,
dataflow,ESTAT:ROAD_EQR_CARPDA(1.0),New passenger cars by type of motor energy,A,Annual,NR,Number,ELC_PET_HYB,Hybrid electric-petrol,FI,Finland,2022,,24083,,,,,
dataflow,ESTAT:ROAD_EQR_CARPDA(1.0),New passenger cars by type of motor energy,A,Annual,NR,Number,ELC_PET_HYB,Hybrid electric-petrol,FI,Finland,2023,,19097,,i,value imputed by Eurostat or other receiving agencies,,
dataflow,ESTAT:ROAD_EQR_CARPDA(1.0),New passenger cars by type of motor energy,A,Annual,NR,Number,ELC_PET_HYB,Hybrid electric-petrol,FI,Finland,2024,,22114,,,,,
dataflow,ESTAT:ROAD_EQR_CARPDA(1.0),New passenger cars by type of motor energy,A,Annual,NR,Number,ELC_PET_HYB,Hybrid electric-petrol,FR,France,2015,,35950,,,,,
dataflow,ESTAT:ROAD_EQR_CARPDA(1.0),New passenger cars by type of motor energy,A,Annual,NR,Number,ELC_PET_HYB,Hybrid electric-petrol,FR,France,2016,,46301,,,,,
dataflow,ESTAT:ROAD_EQR_CARPDA(1.0),New passenger cars by type of motor energy,A,Annual,NR,Number,ELC_PET_HYB,Hybrid electric-petrol,FR,France,2017,,70320,,,,,
dataflow,ESTAT:ROAD_EQR_CARPDA(1.0),New passenger cars by type of motor energy,A,Annual,NR,Number,ELC_PET_HYB,Hybrid electric-petrol,FR,France,2018,,90727,,,,,
dataflow,ESTAT:ROAD_EQR_CARPDA(1.0),New passenger cars by type of motor energy,A,Annual,NR,Number,ELC_PET_HYB,Hybrid electric-petrol,FR,France,2019,,97951,,,,,
dataflow,ESTAT:ROAD_EQR_CARPDA(1.0),New passenger cars by type of motor energy,A,Annual,NR,Number,ELC_PET_HYB,Hybrid electric-petrol,FR,France,2020,,149738,,,,,
dataflow,ESTAT:ROAD_EQR_CARPDA(1.0),New passenger cars by type of motor energy,A,Annual,NR,Number,ELC_PET_HYB,Hybrid electric-petrol,FR,France,2021,,262497,,,,,
dataflow,ESTAT:ROAD_EQR_CARPDA(1.0),New passenger cars by type of motor energy,A,Annual,NR,Number,ELC_PET_HYB,Hybrid electric-petrol,FR,France,2022,,316690,,,,,
dataflow,ESTAT:ROAD_EQR_CARPDA(1.0),New passenger cars by type of motor energy,A,Annual,NR,Number,ELC_PET_HYB,Hybrid electric-petrol,FR,France,2023,,420146,,,,,
dataflow,ESTAT:ROAD_EQR_CARPDA(1.0),New passenger cars by type of motor energy,A,Annual,NR,Number,ELC_PET_HYB,Hybrid electric-petrol,FR,France,2024,,585851,,,,,
dataflow,ESTAT:ROAD_EQR_CARPDA(1.0),New passenger cars by type of motor energy,A,Annual,NR,Number,ELC_PET_HYB,Hybrid electric-petrol,GE,Georgia,2017,,198,,,,,
dataflow,ESTAT:ROAD_EQR_CARPDA(1.0),New passenger cars by type of motor energy,A,Annual,NR,Number,ELC_PET_HYB,Hybrid electric-petrol,GE,Georgia,2018,,204,,,,,
dataflow,ESTAT:ROAD_EQR_CARPDA(1.0),New passenger cars by type of motor energy,A,Annual,NR,Number,ELC_PET_HYB,Hybrid electric-petrol,GE,Georgia,2019,,438,,,,,
dataflow,ESTAT:ROAD_EQR_CARPDA(1.0),New passenger cars by type of motor energy,A,Annual,NR,Number,ELC_PET_HYB,Hybrid electric-petrol,GE,Georgia,2020,,418,,,,,
dataflow,ESTAT:ROAD_EQR_CARPDA(1.0),New passenger cars by type of motor energy,A,Annual,NR,Number,ELC_PET_HYB,Hybrid electric-petrol,GE,Georgia,2021,,692,,,,,
dataflow,ESTAT:ROAD_EQR_CARPDA(1.0),New passenger cars by type of motor energy,A,Annual,NR,Number,ELC_PET_HYB,Hybrid electric-petrol,GE,Georgia,2022,,836,,,,,
dataflow,ESTAT:ROAD_EQR_CARPDA(1.0),New passenger cars by type of motor energy,A,Annual,NR,Number,ELC_PET_HYB,Hybrid electric-petrol,GE,Georgia,2023,,1430,,,,,
dataflow,ESTAT:ROAD_EQR_CARPDA(1.0),New passenger cars by type of motor energy,A,Annual,NR,Number,ELC_PET_HYB,Hybrid electric-petrol,GE,Georgia,2024,,1998,,,,,
dataflow,ESTAT:ROAD_EQR_CARPDA(1.0),New passenger cars by type of motor energy,A,Annual,NR,Number,ELC_PET_HYB,Hybrid electric-petrol,HR,Croatia,2020,,2180,,i,value imputed by Eurostat or other receiving agencies,,
dataflow,ESTAT:ROAD_EQR_CARPDA(1.0),New passenger cars by type of motor energy,A,Annual,NR,Number,ELC_PET_HYB,Hybrid electric-petrol,HR,Croatia,2022,,6780,,,,,
dataflow,ESTAT:ROAD_EQR_CARPDA(1.0),New passenger cars by type of motor energy,A,Annual,NR,Number,ELC_PET_HYB,Hybrid electric-petrol,HR,Croatia,2023,,10411,,,,,
dataflow,ESTAT:ROAD_EQR_CARPDA(1.0),New passenger cars by type of motor energy,A,Annual,NR,Number,ELC_PET_HYB,Hybrid electric-petrol,HR,Croatia,2024,,5248,,,,,
dataflow,ESTAT:ROAD_EQR_CARPDA(1.0),New passenger cars by type of motor energy,A,Annual,NR,Number,ELC_PET_HYB,Hybrid electric-petrol,HU,Hungary,2015,,829,,,,,
dataflow,ESTAT:ROAD_EQR_CARPDA(1.0),New passenger cars by type of motor energy,A,Annual,NR,Number,ELC_PET_HYB,Hybrid electric-petrol,HU,Hungary,2016,,1810,,,,,
dataflow,ESTAT:ROAD_EQR_CARPDA(1.0),New passenger cars by type of motor energy,A,Annual,NR,Number,ELC_PET_HYB,Hybrid electric-petrol,HU,Hungary,2017,,3960,,,,,
dataflow,ESTAT:ROAD_EQR_CARPDA(1.0),New passenger cars by type of motor energy,A,Annual,NR,Number,ELC_PET_HYB,Hybrid electric-petrol,HU,Hungary,2018,,6163,,,,,
dataflow,ESTAT:ROAD_EQR_CARPDA(1.0),New passenger cars by type of motor energy,A,Annual,NR,Number,ELC_PET_HYB,Hybrid electric-petrol,HU,Hungary,2019,,9197,,,,,
dataflow,ESTAT:ROAD_EQR_CARPDA(1.0),New passenger cars by type of motor energy,A,Annual,NR,Number,ELC_PET_HYB,Hybrid electric-petrol,HU,Hungary,2020,,28216,,i,value imputed by Eurostat or other receiving agencies,,
dataflow,ESTAT:ROAD_EQR_CARPDA(1.0),New passenger cars by type of motor energy,A,Annual,NR,Number,ELC_PET_HYB,Hybrid electric-petrol,HU,Hungary,2021,,40823,,i,value imputed by Eurostat or other receiving agencies,,
dataflow,ESTAT:ROAD_EQR_CARPDA(1.0),New passenger cars by type of motor energy,A,Annual,NR,Number,ELC_PET_HYB,Hybrid electric-petrol,HU,Hungary,2022,,36898,,i,value imputed by Eurostat or other receiving agencies,,
dataflow,ESTAT:ROAD_EQR_CARPDA(1.0),New passenger cars by type of motor energy,A,Annual,NR,Number,ELC_PET_HYB,Hybrid electric-petrol,HU,Hungary,2023,,39039,,i,value imputed by Eurostat or other receiving agencies,,
dataflow,ESTAT:ROAD_EQR_CARPDA(1.0),New passenger cars by type of motor energy,A,Annual,NR,Number,ELC_PET_HYB,Hybrid electric-petrol,HU,Hungary,2024,,50963,,i,value imputed by Eurostat or other receiving agencies,,
dataflow,ESTAT:ROAD_EQR_CARPDA(1.0),New passenger cars by type of motor energy,A,Annual,NR,Number,ELC_PET_HYB,Hybrid electric-petrol,IE,Ireland,2017,,4482,,,,,
dataflow,ESTAT:ROAD_EQR_CARPDA(1.0),New passenger cars by type of motor energy,A,Annual,NR,Number,ELC_PET_HYB,Hybrid electric-petrol,IE,Ireland,2018,,6977,,,,,
dataflow,ESTAT:ROAD_EQR_CARPDA(1.0),New passenger cars by type of motor energy,A,Annual,NR,Number,ELC_PET_HYB,Hybrid electric-petrol,IE,Ireland,2019,,10789,,,,,
dataflow,ESTAT:ROAD_EQR_CARPDA(1.0),New passenger cars by type of motor energy,A,Annual,NR,Number,ELC_PET_HYB,Hybrid electric-petrol,IE,Ireland,2020,,10553,,,,,
dataflow,ESTAT:ROAD_EQR_CARPDA(1.0),New passenger cars by type of motor energy,A,Annual,NR,Number,ELC_PET_HYB,Hybrid electric-petrol,IE,Ireland,2021,,17110,,,,,
dataflow,ESTAT:ROAD_EQR_CARPDA(1.0),New passenger cars by type of motor energy,A,Annual,NR,Number,ELC_PET_HYB,Hybrid electric-petrol,IE,Ireland,2022,,20331,,,,,
dataflow,ESTAT:ROAD_EQR_CARPDA(1.0),New passenger cars by type of motor energy,A,Annual,NR,Number,ELC_PET_HYB,Hybrid electric-petrol,IE,Ireland,2023,,19541,,,,,
dataflow,ESTAT:ROAD_EQR_CARPDA(1.0),New passenger cars by type of motor energy,A,Annual,NR,Number,ELC_PET_HYB,Hybrid electric-petrol,IE,Ireland,2024,,26025,,,,,
dataflow,ESTAT:ROAD_EQR_CARPDA(1.0),New passenger cars by type of motor energy,A,Annual,NR,Number,ELC_PET_HYB,Hybrid electric-petrol,IS,Iceland,2017,,1158,,,,,
dataflow,ESTAT:ROAD_EQR_CARPDA(1.0),New passenger cars by type of motor energy,A,Annual,NR,Number,ELC_PET_HYB,Hybrid electric-petrol,IS,Iceland,2018,,991,,,,,
dataflow,ESTAT:ROAD_EQR_CARPDA(1.0),New passenger cars by type of motor energy,A,Annual,NR,Number,ELC_PET_HYB,Hybrid electric-petrol,IS,Iceland,2019,,1062,,,,,
dataflow,ESTAT:ROAD_EQR_CARPDA(1.0),New passenger cars by type of motor energy,A,Annual,NR,Number,ELC_PET_HYB,Hybrid electric-petrol,IS,Iceland,2021,,1981,,,,,
dataflow,ESTAT:ROAD_EQR_CARPDA(1.0),New passenger cars by type of motor energy,A,Annual,NR,Number,ELC_PET_HYB,Hybrid electric-petrol,IS,Iceland,2022,,2402,,i,value imputed by Eurostat or other receiving agencies,,
dataflow,ESTAT:ROAD_EQR_CARPDA(1.0),New passenger cars by type of motor energy,A,Annual,NR,Number,ELC_PET_HYB,Hybrid electric-petrol,IS,Iceland,2023,,2325,,i,value imputed by Eurostat or other receiving agencies,,
dataflow,ESTAT:ROAD_EQR_CARPDA(1.0),New passenger cars by type of motor energy,A,Annual,NR,Number,ELC_PET_HYB,Hybrid electric-petrol,IS,Iceland,2024,,1682,,i,value imputed by Eurostat or other receiving agencies,,
dataflow,ESTAT:ROAD_EQR_CARPDA(1.0),New passenger cars by type of motor energy,A,Annual,NR,Number,ELC_PET_HYB,Hybrid electric-petrol,IT,Italy,2021,,363948,,i,value imputed by Eurostat or other receiving agencies,,
dataflow,ESTAT:ROAD_EQR_CARPDA(1.0),New passenger cars by type of motor energy,A,Annual,NR,Number,ELC_PET_HYB,Hybrid electric-petrol,IT,Italy,2022,,400850,,i,value imputed by Eurostat or other receiving agencies,,
dataflow,ESTAT:ROAD_EQR_CARPDA(1.0),New passenger cars by type of motor energy,A,Annual,NR,Number,ELC_PET_HYB,Hybrid electric-petrol,IT,Italy,2023,,498069,,,,,
dataflow,ESTAT:ROAD_EQR_CARPDA(1.0),New passenger cars by type of motor energy,A,Annual,NR,Number,ELC_PET_HYB,Hybrid electric-petrol,IT,Italy,2024,,553291,,i,value imputed by Eurostat or other receiving agencies,,
dataflow,ESTAT:ROAD_EQR_CARPDA(1.0),New passenger cars by type of motor energy,A,Annual,NR,Number,ELC_PET_HYB,Hybrid electric-petrol,LI,Liechtenstein,2015,,55,,,,,
dataflow,ESTAT:ROAD_EQR_CARPDA(1.0),New passenger cars by type of motor energy,A,Annual,NR,Number,ELC_PET_HYB,Hybrid electric-petrol,LI,Liechtenstein,2016,,62,,,,,
dataflow,ESTAT:ROAD_EQR_CARPDA(1.0),New passenger cars by type of motor energy,A,Annual,NR,Number,ELC_PET_HYB,Hybrid electric-petrol,LI,Liechtenstein,2017,,84,,,,,
dataflow,ESTAT:ROAD_EQR_CARPDA(1.0),New passenger cars by type of motor energy,A,Annual,NR,Number,ELC_PET_HYB,Hybrid electric-petrol,LI,Liechtenstein,2018,,106,,,,,
dataflow,ESTAT:ROAD_EQR_CARPDA(1.0),New passenger cars by type of motor energy,A,Annual,NR,Number,ELC_PET_HYB,Hybrid electric-petrol,LI,Liechtenstein,2019,,139,,,,,
dataflow,ESTAT:ROAD_EQR_CARPDA(1.0),New passenger cars by type of motor energy,A,Annual,NR,Number,ELC_PET_HYB,Hybrid electric-petrol,LI,Liechtenstein,2020,,263,,,,,
dataflow,ESTAT:ROAD_EQR_CARPDA(1.0),New passenger cars by type of motor energy,A,Annual,NR,Number,ELC_PET_HYB,Hybrid electric-petrol,LI,Liechtenstein,2021,,394,,,,,
dataflow,ESTAT:ROAD_EQR_CARPDA(1.0),New passenger cars by type of motor energy,A,Annual,NR,Number,ELC_PET_HYB,Hybrid electric-petrol,LI,Liechtenstein,2022,,376,,,,,
dataflow,ESTAT:ROAD_EQR_CARPDA(1.0),New passenger cars by type of motor energy,A,Annual,NR,Number,ELC_PET_HYB,Hybrid electric-petrol,LI,Liechtenstein,2023,,362,,i,value imputed by Eurostat or other receiving agencies,,
dataflow,ESTAT:ROAD_EQR_CARPDA(1.0),New passenger cars by type of motor energy,A,Annual,NR,Number,ELC_PET_HYB,Hybrid electric-petrol,LI,Liechtenstein,2024,,413,,i,value imputed by Eurostat or other receiving agencies,,
dataflow,ESTAT:ROAD_EQR_CARPDA(1.0),New passenger cars by type of motor energy,A,Annual,NR,Number,ELC_PET_HYB,Hybrid electric-petrol,LT,Lithuania,2015,,94,,,,,
dataflow,ESTAT:ROAD_EQR_CARPDA(1.0),New passenger cars by type of motor energy,A,Annual,NR,Number,ELC_PET_HYB,Hybrid electric-petrol,LT,Lithuania,2016,,235,,,,,
dataflow,ESTAT:ROAD_EQR_CARPDA(1.0),New passenger cars by type of motor energy,A,Annual,NR,Number,ELC_PET_HYB,Hybrid electric-petrol,LT,Lithuania,2017,,501,,,,,
dataflow,ESTAT:ROAD_EQR_CARPDA(1.0),New passenger cars by type of motor energy,A,Annual,NR,Number,ELC_PET_HYB,Hybrid electric-petrol,LT,Lithuania,2018,,2304,,,,,
dataflow,ESTAT:ROAD_EQR_CARPDA(1.0),New passenger cars by type of motor energy,A,Annual,NR,Number,ELC_PET_HYB,Hybrid electric-petrol,LT,Lithuania,2019,,3200,,,,,
dataflow,ESTAT:ROAD_EQR_CARPDA(1.0),New passenger cars by type of motor energy,A,Annual,NR,Number,ELC_PET_HYB,Hybrid electric-petrol,LT,Lithuania,2020,,7998,,,,,
dataflow,ESTAT:ROAD_EQR_CARPDA(1.0),New passenger cars by type of motor energy,A,Annual,NR,Number,ELC_PET_HYB,Hybrid electric-petrol,LT,Lithuania,2021,,9085,,i,value imputed by Eurostat or other receiving agencies,,
dataflow,ESTAT:ROAD_EQR_CARPDA(1.0),New passenger cars by type of motor energy,A,Annual,NR,Number,ELC_PET_HYB,Hybrid electric-petrol,LT,Lithuania,2022,,8009,,i,value imputed by Eurostat or other receiving agencies,,
dataflow,ESTAT:ROAD_EQR_CARPDA(1.0),New passenger cars by type of motor energy,A,Annual,NR,Number,ELC_PET_HYB,Hybrid electric-petrol,LT,Lithuania,2023,,9767,,i,value imputed by Eurostat or other receiving agencies,,
dataflow,ESTAT:ROAD_EQR_CARPDA(1.0),New passenger cars by type of motor energy,A,Annual,NR,Number,ELC_PET_HYB,Hybrid electric-petrol,LT,Lithuania,2024,,11514,,,,,
dataflow,ESTAT:ROAD_EQR_CARPDA(1.0),New passenger cars by type of motor energy,A,Annual,NR,Number,ELC_PET_HYB,Hybrid electric-petrol,LU,Luxembourg,2015,,401,,,,,
dataflow,ESTAT:ROAD_EQR_CARPDA(1.0),New passenger cars by type of motor energy,A,Annual,NR,Number,ELC_PET_HYB,Hybrid electric-petrol,LU,Luxembourg,2016,,615,,,,,
dataflow,ESTAT:ROAD_EQR_CARPDA(1.0),New passenger cars by type of motor energy,A,Annual,NR,Number,ELC_PET_HYB,Hybrid electric-petrol,LU,Luxembourg,2017,,850,,,,,
dataflow,ESTAT:ROAD_EQR_CARPDA(1.0),New passenger cars by type of motor energy,A,Annual,NR,Number,ELC_PET_HYB,Hybrid electric-petrol,LU,Luxembourg,2018,,941,,,,,
dataflow,ESTAT:ROAD_EQR_CARPDA(1.0),New passenger cars by type of motor energy,A,Annual,NR,Number,ELC_PET_HYB,Hybrid electric-petrol,LU,Luxembourg,2019,,1439,,,,,
dataflow,ESTAT:ROAD_EQR_CARPDA(1.0),New passenger cars by type of motor energy,A,Annual,NR,Number,ELC_PET_HYB,Hybrid electric-petrol,LU,Luxembourg,2020,,2594,,,,,
dataflow,ESTAT:ROAD_EQR_CARPDA(1.0),New passenger cars by type of motor energy,A,Annual,NR,Number,ELC_PET_HYB,Hybrid electric-petrol,LU,Luxembourg,2021,,4468,,,,,
dataflow,ESTAT:ROAD_EQR_CARPDA(1.0),New passenger cars by type of motor energy,A,Annual,NR,Number,ELC_PET_HYB,Hybrid electric-petrol,LU,Luxembourg,2022,,5336,,,,,
dataflow,ESTAT:ROAD_EQR_CARPDA(1.0),New passenger cars by type of motor energy,A,Annual,NR,Number,ELC_PET_HYB,Hybrid electric-petrol,LU,Luxembourg,2023,,6859,,,,,
dataflow,ESTAT:ROAD_EQR_CARPDA(1.0),New passenger cars by type of motor energy,A,Annual,NR,Number,ELC_PET_HYB,Hybrid electric-petrol,LU,Luxembourg,2024,,8264,,,,,
dataflow,ESTAT:ROAD_EQR_CARPDA(1.0),New passenger cars by type of motor energy,A,Annual,NR,Number,ELC_PET_HYB,Hybrid electric-petrol,LV,Latvia,2015,,9,,,,,
dataflow,ESTAT:ROAD_EQR_CARPDA(1.0),New passenger cars by type of motor energy,A,Annual,NR,Number,ELC_PET_HYB,Hybrid electric-petrol,LV,Latvia,2016,,18,,,,,
dataflow,ESTAT:ROAD_EQR_CARPDA(1.0),New passenger cars by type of motor energy,A,Annual,NR,Number,ELC_PET_HYB,Hybrid electric-petrol,LV,Latvia,2017,,17,,,,,
dataflow,ESTAT:ROAD_EQR_CARPDA(1.0),New passenger cars by type of motor energy,A,Annual,NR,Number,ELC_PET_HYB,Hybrid electric-petrol,LV,Latvia,2018,,18,,,,,
dataflow,ESTAT:ROAD_EQR_CARPDA(1.0),New passenger cars by type of motor energy,A,Annual,NR,Number,ELC_PET_HYB,Hybrid electric-petrol,LV,Latvia,2019,,14,,,,,
dataflow,ESTAT:ROAD_EQR_CARPDA(1.0),New passenger cars by type of motor energy,A,Annual,NR,Number,ELC_PET_HYB,Hybrid electric-petrol,LV,Latvia,2020,,78,,,,,
dataflow,ESTAT:ROAD_EQR_CARPDA(1.0),New passenger cars by type of motor energy,A,Annual,NR,Number,ELC_PET_HYB,Hybrid electric-petrol,LV,Latvia,2021,,147,,,,,
dataflow,ESTAT:ROAD_EQR_CARPDA(1.0),New passenger cars by type of motor energy,A,Annual,NR,Number,ELC_PET_HYB,Hybrid electric-petrol,LV,Latvia,2022,,4532,,,,,
dataflow,ESTAT:ROAD_EQR_CARPDA(1.0),New passenger cars by type of motor energy,A,Annual,NR,Number,ELC_PET_HYB,Hybrid electric-petrol,LV,Latvia,2023,,5509,,,,,
dataflow,ESTAT:ROAD_EQR_CARPDA(1.0),New passenger cars by type of motor energy,A,Annual,NR,Number,ELC_PET_HYB,Hybrid electric-petrol,LV,Latvia,2024,,6393,,,,,
dataflow,ESTAT:ROAD_EQR_CARPDA(1.0),New passenger cars by type of motor energy,A,Annual,NR,Number,ELC_PET_HYB,Hybrid electric-petrol,ME,Montenegro,2017,,16,,,,,
dataflow,ESTAT:ROAD_EQR_CARPDA(1.0),New passenger cars by type of motor energy,A,Annual,NR,Number,ELC_PET_HYB,Hybrid electric-petrol,ME,Montenegro,2018,,25,,,,,
dataflow,ESTAT:ROAD_EQR_CARPDA(1.0),New passenger cars by type of motor energy,A,Annual,NR,Number,ELC_PET_HYB,Hybrid electric-petrol,ME,Montenegro,2019,,28,,,,,
dataflow,ESTAT:ROAD_EQR_CARPDA(1.0),New passenger cars by type of motor energy,A,Annual,NR,Number,ELC_PET_HYB,Hybrid electric-petrol,ME,Montenegro,2020,,34,,,,,
dataflow,ESTAT:ROAD_EQR_CARPDA(1.0),New passenger cars by type of motor energy,A,Annual,NR,Number,ELC_PET_HYB,Hybrid electric-petrol,ME,Montenegro,2021,,137,,,,,
dataflow,ESTAT:ROAD_EQR_CARPDA(1.0),New passenger cars by type of motor energy,A,Annual,NR,Number,ELC_PET_HYB,Hybrid electric-petrol,ME,Montenegro,2022,,775,,,,,
dataflow,ESTAT:ROAD_EQR_CARPDA(1.0),New passenger cars by type of motor energy,A,Annual,NR,Number,ELC_PET_HYB,Hybrid electric-petrol,ME,Montenegro,2023,,596,,,,,
dataflow,ESTAT:ROAD_EQR_CARPDA(1.0),New passenger cars by type of motor energy,A,Annual,NR,Number,ELC_PET_HYB,Hybrid electric-petrol,ME,Montenegro,2024,,1057,,,,,
dataflow,ESTAT:ROAD_EQR_CARPDA(1.0),New passenger cars by type of motor energy,A,Annual,NR,Number,ELC_PET_HYB,Hybrid electric-petrol,MT,Malta,2015,,48,,,,,
dataflow,ESTAT:ROAD_EQR_CARPDA(1.0),New passenger cars by type of motor energy,A,Annual,NR,Number,ELC_PET_HYB,Hybrid electric-petrol,MT,Malta,2016,,119,,,,,
dataflow,ESTAT:ROAD_EQR_CARPDA(1.0),New passenger cars by type of motor energy,A,Annual,NR,Number,ELC_PET_HYB,Hybrid electric-petrol,MT,Malta,2017,,225,,,,,
dataflow,ESTAT:ROAD_EQR_CARPDA(1.0),New passenger cars by type of motor energy,A,Annual,NR,Number,ELC_PET_HYB,Hybrid electric-petrol,MT,Malta,2018,,522,,,,,
dataflow,ESTAT:ROAD_EQR_CARPDA(1.0),New passenger cars by type of motor energy,A,Annual,NR,Number,ELC_PET_HYB,Hybrid electric-petrol,MT,Malta,2019,,715,,,,,
dataflow,ESTAT:ROAD_EQR_CARPDA(1.0),New passenger cars by type of motor energy,A,Annual,NR,Number,ELC_PET_HYB,Hybrid electric-petrol,MT,Malta,2020,,426,,,,,
dataflow,ESTAT:ROAD_EQR_CARPDA(1.0),New passenger cars by type of motor energy,A,Annual,NR,Number,ELC_PET_HYB,Hybrid electric-petrol,MT,Malta,2021,,872,,,,,
dataflow,ESTAT:ROAD_EQR_CARPDA(1.0),New passenger cars by type of motor energy,A,Annual,NR,Number,ELC_PET_HYB,Hybrid electric-petrol,MT,Malta,2022,,1316,,,,,
dataflow,ESTAT:ROAD_EQR_CARPDA(1.0),New passenger cars by type of motor energy,A,Annual,NR,Number,ELC_PET_HYB,Hybrid electric-petrol,MT,Malta,2023,,1731,,,,,
dataflow,ESTAT:ROAD_EQR_CARPDA(1.0),New passenger cars by type of motor energy,A,Annual,NR,Number,ELC_PET_HYB,Hybrid electric-petrol,MT,Malta,2024,,1458,,,,,
dataflow,ESTAT:ROAD_EQR_CARPDA(1.0),New passenger cars by type of motor energy,A,Annual,NR,Number,ELC_PET_HYB,Hybrid electric-petrol,NL,Netherlands,2015,,56219,,,,,
dataflow,ESTAT:ROAD_EQR_CARPDA(1.0),New passenger cars by type of motor energy,A,Annual,NR,Number,ELC_PET_HYB,Hybrid electric-petrol,NL,Netherlands,2016,,29916,,,,,
dataflow,ESTAT:ROAD_EQR_CARPDA(1.0),New passenger cars by type of motor energy,A,Annual,NR,Number,ELC_PET_HYB,Hybrid electric-petrol,NL,Netherlands,2017,,20732,,,,,
dataflow,ESTAT:ROAD_EQR_CARPDA(1.0),New passenger cars by type of motor energy,A,Annual,NR,Number,ELC_PET_HYB,Hybrid electric-petrol,NL,Netherlands,2018,,26173,,,,,
dataflow,ESTAT:ROAD_EQR_CARPDA(1.0),New passenger cars by type of motor energy,A,Annual,NR,Number,ELC_PET_HYB,Hybrid electric-petrol,NL,Netherlands,2019,,33741,,,,,
dataflow,ESTAT:ROAD_EQR_CARPDA(1.0),New passenger cars by type of motor energy,A,Annual,NR,Number,ELC_PET_HYB,Hybrid electric-petrol,NL,Netherlands,2020,,62474,,,,,
dataflow,ESTAT:ROAD_EQR_CARPDA(1.0),New passenger cars by type of motor energy,A,Annual,NR,Number,ELC_PET_HYB,Hybrid electric-petrol,NL,Netherlands,2021,,102529,,,,,
dataflow,ESTAT:ROAD_EQR_CARPDA(1.0),New passenger cars by type of motor energy,A,Annual,NR,Number,ELC_PET_HYB,Hybrid electric-petrol,NL,Netherlands,2022,,112390,,,,,
dataflow,ESTAT:ROAD_EQR_CARPDA(1.0),New passenger cars by type of motor energy,A,Annual,NR,Number,ELC_PET_HYB,Hybrid electric-petrol,NL,Netherlands,2023,,137077,,,,,
dataflow,ESTAT:ROAD_EQR_CARPDA(1.0),New passenger cars by type of motor energy,A,Annual,NR,Number,ELC_PET_HYB,Hybrid electric-petrol,NL,Netherlands,2024,,160173,,,,,
dataflow,ESTAT:ROAD_EQR_CARPDA(1.0),New passenger cars by type of motor energy,A,Annual,NR,Number,ELC_PET_HYB,Hybrid electric-petrol,NO,Norway,2016,,17372,,,,,
dataflow,ESTAT:ROAD_EQR_CARPDA(1.0),New passenger cars by type of motor energy,A,Annual,NR,Number,ELC_PET_HYB,Hybrid electric-petrol,NO,Norway,2017,,20805,,,,,
dataflow,ESTAT:ROAD_EQR_CARPDA(1.0),New passenger cars by type of motor energy,A,Annual,NR,Number,ELC_PET_HYB,Hybrid electric-petrol,NO,Norway,2018,,17237,,,,,
dataflow,ESTAT:ROAD_EQR_CARPDA(1.0),New passenger cars by type of motor energy,A,Annual,NR,Number,ELC_PET_HYB,Hybrid electric-petrol,NO,Norway,2019,,18356,,,,,
dataflow,ESTAT:ROAD_EQR_CARPDA(1.0),New passenger cars by type of motor energy,A,Annual,NR,Number,ELC_PET_HYB,Hybrid electric-petrol,NO,Norway,2020,,14352,,,,,
dataflow,ESTAT:ROAD_EQR_CARPDA(1.0),New passenger cars by type of motor energy,A,Annual,NR,Number,ELC_PET_HYB,Hybrid electric-petrol,NO,Norway,2021,,13646,,,,,
dataflow,ESTAT:ROAD_EQR_CARPDA(1.0),New passenger cars by type of motor energy,A,Annual,NR,Number,ELC_PET_HYB,Hybrid electric-petrol,NO,Norway,2022,,12261,,,,,
dataflow,ESTAT:ROAD_EQR_CARPDA(1.0),New passenger cars by type of motor energy,A,Annual,NR,Number,ELC_PET_HYB,Hybrid electric-petrol,NO,Norway,2023,,8274,,,,,
dataflow,ESTAT:ROAD_EQR_CARPDA(1.0),New passenger cars by type of motor energy,A,Annual,NR,Number,ELC_PET_HYB,Hybrid electric-petrol,NO,Norway,2024,,7530,,,,,
dataflow,ESTAT:ROAD_EQR_CARPDA(1.0),New passenger cars by type of motor energy,A,Annual,NR,Number,ELC_PET_HYB,Hybrid electric-petrol,PL,Poland,2015,,2138,,i,value imputed by Eurostat or other receiving agencies,,
dataflow,ESTAT:ROAD_EQR_CARPDA(1.0),New passenger cars by type of motor energy,A,Annual,NR,Number,ELC_PET_HYB,Hybrid electric-petrol,PL,Poland,2016,,3788,,i,value imputed by Eurostat or other receiving agencies,,
dataflow,ESTAT:ROAD_EQR_CARPDA(1.0),New passenger cars by type of motor energy,A,Annual,NR,Number,ELC_PET_HYB,Hybrid electric-petrol,PL,Poland,2017,,6338,,i,value imputed by Eurostat or other receiving agencies,,
dataflow,ESTAT:ROAD_EQR_CARPDA(1.0),New passenger cars by type of motor energy,A,Annual,NR,Number,ELC_PET_HYB,Hybrid electric-petrol,PL,Poland,2018,,9113,,i,value imputed by Eurostat or other receiving agencies,,
dataflow,ESTAT:ROAD_EQR_CARPDA(1.0),New passenger cars by type of motor energy,A,Annual,NR,Number,ELC_PET_HYB,Hybrid electric-petrol,PL,Poland,2019,,15713,,i,value imputed by Eurostat or other receiving agencies,,
dataflow,ESTAT:ROAD_EQR_CARPDA(1.0),New passenger cars by type of motor energy,A,Annual,NR,Number,ELC_PET_HYB,Hybrid electric-petrol,PL,Poland,2020,,28785,,i,value imputed by Eurostat or other receiving agencies,,
dataflow,ESTAT:ROAD_EQR_CARPDA(1.0),New passenger cars by type of motor energy,A,Annual,NR,Number,ELC_PET_HYB,Hybrid electric-petrol,PL,Poland,2021,,44788,,i,value imputed by Eurostat or other receiving agencies,,
dataflow,ESTAT:ROAD_EQR_CARPDA(1.0),New passenger cars by type of motor energy,A,Annual,NR,Number,ELC_PET_HYB,Hybrid electric-petrol,PL,Poland,2022,,53314,,i,value imputed by Eurostat or other receiving agencies,,
dataflow,ESTAT:ROAD_EQR_CARPDA(1.0),New passenger cars by type of motor energy,A,Annual,NR,Number,ELC_PET_HYB,Hybrid electric-petrol,PL,Poland,2023,,75674,,i,value imputed by Eurostat or other receiving agencies,,
dataflow,ESTAT:ROAD_EQR_CARPDA(1.0),New passenger cars by type of motor energy,A,Annual,NR,Number,ELC_PET_HYB,Hybrid electric-petrol,PL,Poland,2024,,98947,,,,,
dataflow,ESTAT:ROAD_EQR_CARPDA(1.0),New passenger cars by type of motor energy,A,Annual,NR,Number,ELC_PET_HYB,Hybrid electric-petrol,PT,Portugal,2017,,4317,,,,,
dataflow,ESTAT:ROAD_EQR_CARPDA(1.0),New passenger cars by type of motor energy,A,Annual,NR,Number,ELC_PET_HYB,Hybrid electric-petrol,PT,Portugal,2018,,6726,,,,,
dataflow,ESTAT:ROAD_EQR_CARPDA(1.0),New passenger cars by type of motor energy,A,Annual,NR,Number,ELC_PET_HYB,Hybrid electric-petrol,PT,Portugal,2019,,8546,,,,,
dataflow,ESTAT:ROAD_EQR_CARPDA(1.0),New passenger cars by type of motor energy,A,Annual,NR,Number,ELC_PET_HYB,Hybrid electric-petrol,PT,Portugal,2020,,9635,,,,,
dataflow,ESTAT:ROAD_EQR_CARPDA(1.0),New passenger cars by type of motor energy,A,Annual,NR,Number,ELC_PET_HYB,Hybrid electric-petrol,PT,Portugal,2021,,14969,,,,,
dataflow,ESTAT:ROAD_EQR_CARPDA(1.0),New passenger cars by type of motor energy,A,Annual,NR,Number,ELC_PET_HYB,Hybrid electric-petrol,PT,Portugal,2022,,19822,,,,,
dataflow,ESTAT:ROAD_EQR_CARPDA(1.0),New passenger cars by type of motor energy,A,Annual,NR,Number,ELC_PET_HYB,Hybrid electric-petrol,PT,Portugal,2023,,25199,,,,,
dataflow,ESTAT:ROAD_EQR_CARPDA(1.0),New passenger cars by type of motor energy,A,Annual,NR,Number,ELC_PET_HYB,Hybrid electric-petrol,PT,Portugal,2024,,31965,,,,,
dataflow,ESTAT:ROAD_EQR_CARPDA(1.0),New passenger cars by type of motor energy,A,Annual,NR,Number,ELC_PET_HYB,Hybrid electric-petrol,RO,Romania,2015,,43,,,,,
dataflow,ESTAT:ROAD_EQR_CARPDA(1.0),New passenger cars by type of motor energy,A,Annual,NR,Number,ELC_PET_HYB,Hybrid electric-petrol,RO,Romania,2016,,955,,,,,
dataflow,ESTAT:ROAD_EQR_CARPDA(1.0),New passenger cars by type of motor energy,A,Annual,NR,Number,ELC_PET_HYB,Hybrid electric-petrol,RO,Romania,2017,,1890,,,,,
dataflow,ESTAT:ROAD_EQR_CARPDA(1.0),New passenger cars by type of motor energy,A,Annual,NR,Number,ELC_PET_HYB,Hybrid electric-petrol,RO,Romania,2018,,3713,,,,,
dataflow,ESTAT:ROAD_EQR_CARPDA(1.0),New passenger cars by type of motor energy,A,Annual,NR,Number,ELC_PET_HYB,Hybrid electric-petrol,RO,Romania,2019,,6754,,,,,
dataflow,ESTAT:ROAD_EQR_CARPDA(1.0),New passenger cars by type of motor energy,A,Annual,NR,Number,ELC_PET_HYB,Hybrid electric-petrol,RO,Romania,2020,,12181,,i,value imputed by Eurostat or other receiving agencies,,
dataflow,ESTAT:ROAD_EQR_CARPDA(1.0),New passenger cars by type of motor energy,A,Annual,NR,Number,ELC_PET_HYB,Hybrid electric-petrol,RO,Romania,2021,,24728,,i,value imputed by Eurostat or other receiving agencies,,
dataflow,ESTAT:ROAD_EQR_CARPDA(1.0),New passenger cars by type of motor energy,A,Annual,NR,Number,ELC_PET_HYB,Hybrid electric-petrol,RO,Romania,2022,,28602,,i,value imputed by Eurostat or other receiving agencies,,
dataflow,ESTAT:ROAD_EQR_CARPDA(1.0),New passenger cars by type of motor energy,A,Annual,NR,Number,ELC_PET_HYB,Hybrid electric-petrol,RO,Romania,2023,,37436,,i,value imputed by Eurostat or other receiving agencies,,
dataflow,ESTAT:ROAD_EQR_CARPDA(1.0),New passenger cars by type of motor energy,A,Annual,NR,Number,ELC_PET_HYB,Hybrid electric-petrol,RO,Romania,2024,,47943,,i,value imputed by Eurostat or other receiving agencies,,
dataflow,ESTAT:ROAD_EQR_CARPDA(1.0),New passenger cars by type of motor energy,A,Annual,NR,Number,ELC_PET_HYB,Hybrid electric-petrol,RS,Serbia,2019,,337,,,,,
dataflow,ESTAT:ROAD_EQR_CARPDA(1.0),New passenger cars by type of motor energy,A,Annual,NR,Number,ELC_PET_HYB,Hybrid electric-petrol,RS,Serbia,2020,,1249,,,,,
dataflow,ESTAT:ROAD_EQR_CARPDA(1.0),New passenger cars by type of motor energy,A,Annual,NR,Number,ELC_PET_HYB,Hybrid electric-petrol,RS,Serbia,2021,,2890,,,,,
dataflow,ESTAT:ROAD_EQR_CARPDA(1.0),New passenger cars by type of motor energy,A,Annual,NR,Number,ELC_PET_HYB,Hybrid electric-petrol,RS,Serbia,2022,,4219,,,,,
dataflow,ESTAT:ROAD_EQR_CARPDA(1.0),New passenger cars by type of motor energy,A,Annual,NR,Number,ELC_PET_HYB,Hybrid electric-petrol,RS,Serbia,2023,,6371,,,,,
dataflow,ESTAT:ROAD_EQR_CARPDA(1.0),New passenger cars by type of motor energy,A,Annual,NR,Number,ELC_PET_HYB,Hybrid electric-petrol,RS,Serbia,2024,,10203,,,,,
dataflow,ESTAT:ROAD_EQR_CARPDA(1.0),New passenger cars by type of motor energy,A,Annual,NR,Number,ELC_PET_HYB,Hybrid electric-petrol,SE,Sweden,2015,,8634,,,,,
dataflow,ESTAT:ROAD_EQR_CARPDA(1.0),New passenger cars by type of motor energy,A,Annual,NR,Number,ELC_PET_HYB,Hybrid electric-petrol,SE,Sweden,2016,,13621,,,,,
dataflow,ESTAT:ROAD_EQR_CARPDA(1.0),New passenger cars by type of motor energy,A,Annual,NR,Number,ELC_PET_HYB,Hybrid electric-petrol,SE,Sweden,2017,,18380,,,,,
dataflow,ESTAT:ROAD_EQR_CARPDA(1.0),New passenger cars by type of motor energy,A,Annual,NR,Number,ELC_PET_HYB,Hybrid electric-petrol,SE,Sweden,2018,,21006,,,,,
dataflow,ESTAT:ROAD_EQR_CARPDA(1.0),New passenger cars by type of motor energy,A,Annual,NR,Number,ELC_PET_HYB,Hybrid electric-petrol,SE,Sweden,2019,,28089,,,,,
dataflow,ESTAT:ROAD_EQR_CARPDA(1.0),New passenger cars by type of motor energy,A,Annual,NR,Number,ELC_PET_HYB,Hybrid electric-petrol,SE,Sweden,2020,,36863,,,,,
dataflow,ESTAT:ROAD_EQR_CARPDA(1.0),New passenger cars by type of motor energy,A,Annual,NR,Number,ELC_PET_HYB,Hybrid electric-petrol,SE,Sweden,2021,,47249,,,,,
dataflow,ESTAT:ROAD_EQR_CARPDA(1.0),New passenger cars by type of motor energy,A,Annual,NR,Number,ELC_PET_HYB,Hybrid electric-petrol,SE,Sweden,2022,,42514,,,,,
dataflow,ESTAT:ROAD_EQR_CARPDA(1.0),New passenger cars by type of motor energy,A,Annual,NR,Number,ELC_PET_HYB,Hybrid electric-petrol,SE,Sweden,2023,,26466,,b,break in time series,,
dataflow,ESTAT:ROAD_EQR_CARPDA(1.0),New passenger cars by type of motor energy,A,Annual,NR,Number,ELC_PET_HYB,Hybrid electric-petrol,SE,Sweden,2024,,25414,,,,,
dataflow,ESTAT:ROAD_EQR_CARPDA(1.0),New passenger cars by type of motor energy,A,Annual,NR,Number,ELC_PET_HYB,Hybrid electric-petrol,SI,Slovenia,2020,,1719,,i,value imputed by Eurostat or other receiving agencies,,
dataflow,ESTAT:ROAD_EQR_CARPDA(1.0),New passenger cars by type of motor energy,A,Annual,NR,Number,ELC_PET_HYB,Hybrid electric-petrol,SI,Slovenia,2021,,5783,,i,value imputed by Eurostat or other receiving agencies,,
dataflow,ESTAT:ROAD_EQR_CARPDA(1.0),New passenger cars by type of motor energy,A,Annual,NR,Number,ELC_PET_HYB,Hybrid electric-petrol,SI,Slovenia,2022,,6275,,i,value imputed by Eurostat or other receiving agencies,,
dataflow,ESTAT:ROAD_EQR_CARPDA(1.0),New passenger cars by type of motor energy,A,Annual,NR,Number,ELC_PET_HYB,Hybrid electric-petrol,SI,Slovenia,2023,,10018,,i,value imputed by Eurostat or other receiving agencies,,
dataflow,ESTAT:ROAD_EQR_CARPDA(1.0),New passenger cars by type of motor energy,A,Annual,NR,Number,ELC_PET_HYB,Hybrid electric-petrol,SI,Slovenia,2024,,12479,,i,value imputed by Eurostat or other receiving agencies,,
dataflow,ESTAT:ROAD_EQR_CARPDA(1.0),New passenger cars by type of motor energy,A,Annual,NR,Number,ELC_PET_HYB,Hybrid electric-petrol,SK,Slovakia,2020,,7263,,i,value imputed by Eurostat or other receiving agencies,,
dataflow,ESTAT:ROAD_EQR_CARPDA(1.0),New passenger cars by type of motor energy,A,Annual,NR,Number,ELC_PET_HYB,Hybrid electric-petrol,SK,Slovakia,2021,,15148,,i,value imputed by Eurostat or other receiving agencies,,
dataflow,ESTAT:ROAD_EQR_CARPDA(1.0),New passenger cars by type of motor energy,A,Annual,NR,Number,ELC_PET_HYB,Hybrid electric-petrol,SK,Slovakia,2022,,14613,,i,value imputed by Eurostat or other receiving agencies,,
dataflow,ESTAT:ROAD_EQR_CARPDA(1.0),New passenger cars by type of motor energy,A,Annual,NR,Number,ELC_PET_HYB,Hybrid electric-petrol,SK,Slovakia,2023,,20362,,i,value imputed by Eurostat or other receiving agencies,,
dataflow,ESTAT:ROAD_EQR_CARPDA(1.0),New passenger cars by type of motor energy,A,Annual,NR,Number,ELC_PET_HYB,Hybrid electric-petrol,SK,Slovakia,2024,,23761,,i,value imputed by Eurostat or other receiving agencies,,
dataflow,ESTAT:ROAD_EQR_CARPDA(1.0),New passenger cars by type of motor energy,A,Annual,NR,Number,ELC_PET_HYB,Hybrid electric-petrol,TR,Türkiye,2015,,128,,,,,
dataflow,ESTAT:ROAD_EQR_CARPDA(1.0),New passenger cars by type of motor energy,A,Annual,NR,Number,ELC_PET_HYB,Hybrid electric-petrol,TR,Türkiye,2016,,138,,,,,
dataflow,ESTAT:ROAD_EQR_CARPDA(1.0),New passenger cars by type of motor energy,A,Annual,NR,Number,ELC_PET_HYB,Hybrid electric-petrol,TR,Türkiye,2017,,385,,,,,
dataflow,ESTAT:ROAD_EQR_CARPDA(1.0),New passenger cars by type of motor energy,A,Annual,NR,Number,ELC_PET_HYB,Hybrid electric-petrol,TR,Türkiye,2018,,3616,,,,,
dataflow,ESTAT:ROAD_EQR_CARPDA(1.0),New passenger cars by type of motor energy,A,Annual,NR,Number,ELC_PET_HYB,Hybrid electric-petrol,TR,Türkiye,2019,,12110,,,,,
dataflow,ESTAT:ROAD_EQR_CARPDA(1.0),New passenger cars by type of motor energy,A,Annual,NR,Number,ELC_PET_HYB,Hybrid electric-petrol,TR,Türkiye,2020,,18347,,,,,
dataflow,ESTAT:ROAD_EQR_CARPDA(1.0),New passenger cars by type of motor energy,A,Annual,NR,Number,ELC_PET_HYB,Hybrid electric-petrol,TR,Türkiye,2021,,48237,,,,,
dataflow,ESTAT:ROAD_EQR_CARPDA(1.0),New passenger cars by type of motor energy,A,Annual,NR,Number,ELC_PET_HYB,Hybrid electric-petrol,TR,Türkiye,2022,,42095,,,,,
dataflow,ESTAT:ROAD_EQR_CARPDA(1.0),New passenger cars by type of motor energy,A,Annual,NR,Number,ELC_PET_HYB,Hybrid electric-petrol,TR,Türkiye,2023,,78753,,,,,
dataflow,ESTAT:ROAD_EQR_CARPDA(1.0),New passenger cars by type of motor energy,A,Annual,NR,Number,ELC_PET_HYB,Hybrid electric-petrol,TR,Türkiye,2024,,161683,,,,,
dataflow,ESTAT:ROAD_EQR_CARPDA(1.0),New passenger cars by type of motor energy,A,Annual,NR,Number,ELC_PET_HYB,Hybrid electric-petrol,UA,Ukraine,2019,,8264,,,,,
dataflow,ESTAT:ROAD_EQR_CARPDA(1.0),New passenger cars by type of motor energy,A,Annual,NR,Number,ELC_PET_HYB,Hybrid electric-petrol,UA,Ukraine,2020,,4230,,,,,
dataflow,ESTAT:ROAD_EQR_CARPDA(1.0),New passenger cars by type of motor energy,A,Annual,NR,Number,ELC_PET_HYB,Hybrid electric-petrol,UA,Ukraine,2021,,8235,,,,,
dataflow,ESTAT:ROAD_EQR_CARPDA(1.0),New passenger cars by type of motor energy,A,Annual,NR,Number,ELC_PET_HYB,Hybrid electric-petrol,UA,Ukraine,2022,,3888,,,,,
dataflow,ESTAT:ROAD_EQR_CARPDA(1.0),New passenger cars by type of motor energy,A,Annual,NR,Number,ELC_PET_HYB,Hybrid electric-petrol,UA,Ukraine,2023,,8264,,,,,
dataflow,ESTAT:ROAD_EQR_CARPDA(1.0),New passenger cars by type of motor energy,A,Annual,NR,Number,ELC_PET_HYB,Hybrid electric-petrol,UA,Ukraine,2024,,10760,,,,,
dataflow,ESTAT:ROAD_EQR_CARPDA(1.0),New passenger cars by type of motor energy,A,Annual,NR,Number,ELC_PET_HYB,Hybrid electric-petrol,UK,United Kingdom,2015,,58716,,,,,
dataflow,ESTAT:ROAD_EQR_CARPDA(1.0),New passenger cars by type of motor energy,A,Annual,NR,Number,ELC_PET_HYB,Hybrid electric-petrol,UK,United Kingdom,2016,,76970,,,,,
dataflow,ESTAT:ROAD_EQR_CARPDA(1.0),New passenger cars by type of motor energy,A,Annual,NR,Number,ELC_PET_HYB,Hybrid electric-petrol,UK,United Kingdom,2017,,70123,,,,,
dataflow,ESTAT:ROAD_EQR_CARPDA(1.0),New passenger cars by type of motor energy,A,Annual,NR,Number,ELC_PET_HYB,Hybrid electric-petrol,UK,United Kingdom,2018,,86207,,,,,
dataflow,ESTAT:ROAD_EQR_CARPDA(1.0),New passenger cars by type of motor energy,A,Annual,NR,Number,ELC_PET_HYB,Hybrid electric-petrol,UK,United Kingdom,2021,,226410,,,,,
dataflow,ESTAT:ROAD_EQR_CARPDA(1.0),New passenger cars by type of motor energy,A,Annual,NR,Number,ELC_PET_HYB,Hybrid electric-petrol,UK,United Kingdom,2022,,296033,,,,,
dataflow,ESTAT:ROAD_EQR_CARPDA(1.0),New passenger cars by type of motor energy,A,Annual,NR,Number,ELC_PET_HYB,Hybrid electric-petrol,UK,United Kingdom,2023,,432352,,,,,
dataflow,ESTAT:ROAD_EQR_CARPDA(1.0),New passenger cars by type of motor energy,A,Annual,NR,Number,ELC_PET_HYB,Hybrid electric-petrol,UK,United Kingdom,2024,,556587,,,,,
dataflow,ESTAT:ROAD_EQR_CARPDA(1.0),New passenger cars by type of motor energy,A,Annual,NR,Number,ELC_PET_HYB,Hybrid electric-petrol,XK,Kosovo*,2018,,96,,,,,
dataflow,ESTAT:ROAD_EQR_CARPDA(1.0),New passenger cars by type of motor energy,A,Annual,NR,Number,ELC_PET_HYB,Hybrid electric-petrol,XK,Kosovo*,2019,,0,,,,,
dataflow,ESTAT:ROAD_EQR_CARPDA(1.0),New passenger cars by type of motor energy,A,Annual,NR,Number,ELC_PET_HYB,Hybrid electric-petrol,XK,Kosovo*,2021,,231,,,,,
dataflow,ESTAT:ROAD_EQR_CARPDA(1.0),New passenger cars by type of motor energy,A,Annual,NR,Number,ELC_PET_PI,Plug-in hybrid petrol-electric  ,AL,Albania,2020,,4563,,,,,
dataflow,ESTAT:ROAD_EQR_CARPDA(1.0),New passenger cars by type of motor energy,A,Annual,NR,Number,ELC_PET_PI,Plug-in hybrid petrol-electric  ,AT,Austria,2015,,931,,,,,
dataflow,ESTAT:ROAD_EQR_CARPDA(1.0),New passenger cars by type of motor energy,A,Annual,NR,Number,ELC_PET_PI,Plug-in hybrid petrol-electric  ,AT,Austria,2016,,1087,,,,,
dataflow,ESTAT:ROAD_EQR_CARPDA(1.0),New passenger cars by type of motor energy,A,Annual,NR,Number,ELC_PET_PI,Plug-in hybrid petrol-electric  ,AT,Austria,2017,,1632,,,,,
dataflow,ESTAT:ROAD_EQR_CARPDA(1.0),New passenger cars by type of motor energy,A,Annual,NR,Number,ELC_PET_PI,Plug-in hybrid petrol-electric  ,AT,Austria,2018,,2218,,,,,
dataflow,ESTAT:ROAD_EQR_CARPDA(1.0),New passenger cars by type of motor energy,A,Annual,NR,Number,ELC_PET_PI,Plug-in hybrid petrol-electric  ,AT,Austria,2019,,2111,,,,,
dataflow,ESTAT:ROAD_EQR_CARPDA(1.0),New passenger cars by type of motor energy,A,Annual,NR,Number,ELC_PET_PI,Plug-in hybrid petrol-electric  ,AT,Austria,2020,,7202,,,,,
dataflow,ESTAT:ROAD_EQR_CARPDA(1.0),New passenger cars by type of motor energy,A,Annual,NR,Number,ELC_PET_PI,Plug-in hybrid petrol-electric  ,AT,Austria,2021,,13600,,,,,
dataflow,ESTAT:ROAD_EQR_CARPDA(1.0),New passenger cars by type of motor energy,A,Annual,NR,Number,ELC_PET_PI,Plug-in hybrid petrol-electric  ,AT,Austria,2022,,12466,,,,,
dataflow,ESTAT:ROAD_EQR_CARPDA(1.0),New passenger cars by type of motor energy,A,Annual,NR,Number,ELC_PET_PI,Plug-in hybrid petrol-electric  ,AT,Austria,2023,,16262,,,,,
dataflow,ESTAT:ROAD_EQR_CARPDA(1.0),New passenger cars by type of motor energy,A,Annual,NR,Number,ELC_PET_PI,Plug-in hybrid petrol-electric  ,AT,Austria,2024,,15061,,,,,
dataflow,ESTAT:ROAD_EQR_CARPDA(1.0),New passenger cars by type of motor energy,A,Annual,NR,Number,ELC_PET_PI,Plug-in hybrid petrol-electric  ,BA,Bosnia and Herzegovina,2019,,0,,,,,
dataflow,ESTAT:ROAD_EQR_CARPDA(1.0),New passenger cars by type of motor energy,A,Annual,NR,Number,ELC_PET_PI,Plug-in hybrid petrol-electric  ,BA,Bosnia and Herzegovina,2021,,0,,,,,
dataflow,ESTAT:ROAD_EQR_CARPDA(1.0),New passenger cars by type of motor energy,A,Annual,NR,Number,ELC_PET_PI,Plug-in hybrid petrol-electric  ,BE,Belgium,2022,,52238,,i,value imputed by Eurostat or other receiving agencies,,
dataflow,ESTAT:ROAD_EQR_CARPDA(1.0),New passenger cars by type of motor energy,A,Annual,NR,Number,ELC_PET_PI,Plug-in hybrid petrol-electric  ,BE,Belgium,2023,,94268,,i,value imputed by Eurostat or other receiving agencies,,
dataflow,ESTAT:ROAD_EQR_CARPDA(1.0),New passenger cars by type of motor energy,A,Annual,NR,Number,ELC_PET_PI,Plug-in hybrid petrol-electric  ,BE,Belgium,2024,,62998,,i,value imputed by Eurostat or other receiving agencies,,
dataflow,ESTAT:ROAD_EQR_CARPDA(1.0),New passenger cars by type of motor energy,A,Annual,NR,Number,ELC_PET_PI,Plug-in hybrid petrol-electric  ,BG,Bulgaria,2020,,41,,i,value imputed by Eurostat or other receiving agencies,,
dataflow,ESTAT:ROAD_EQR_CARPDA(1.0),New passenger cars by type of motor energy,A,Annual,NR,Number,ELC_PET_PI,Plug-in hybrid petrol-electric  ,BG,Bulgaria,2021,,97,,i,value imputed by Eurostat or other receiving agencies,,
dataflow,ESTAT:ROAD_EQR_CARPDA(1.0),New passenger cars by type of motor energy,A,Annual,NR,Number,ELC_PET_PI,Plug-in hybrid petrol-electric  ,BG,Bulgaria,2022,,141,,i,value imputed by Eurostat or other receiving agencies,,
dataflow,ESTAT:ROAD_EQR_CARPDA(1.0),New passenger cars by type of motor energy,A,Annual,NR,Number,ELC_PET_PI,Plug-in hybrid petrol-electric  ,BG,Bulgaria,2023,,355,,i,value imputed by Eurostat or other receiving agencies,,
dataflow,ESTAT:ROAD_EQR_CARPDA(1.0),New passenger cars by type of motor energy,A,Annual,NR,Number,ELC_PET_PI,Plug-in hybrid petrol-electric  ,BG,Bulgaria,2024,,467,,i,value imputed by Eurostat or other receiving agencies,,
dataflow,ESTAT:ROAD_EQR_CARPDA(1.0),New passenger cars by type of motor energy,A,Annual,NR,Number,ELC_PET_PI,Plug-in hybrid petrol-electric  ,CH,Switzerland,2015,,5589,,,,,
dataflow,ESTAT:ROAD_EQR_CARPDA(1.0),New passenger cars by type of motor energy,A,Annual,NR,Number,ELC_PET_PI,Plug-in hybrid petrol-electric  ,CH,Switzerland,2016,,2675,,,,,
dataflow,ESTAT:ROAD_EQR_CARPDA(1.0),New passenger cars by type of motor energy,A,Annual,NR,Number,ELC_PET_PI,Plug-in hybrid petrol-electric  ,CH,Switzerland,2017,,3271,,,,,
dataflow,ESTAT:ROAD_EQR_CARPDA(1.0),New passenger cars by type of motor energy,A,Annual,NR,Number,ELC_PET_PI,Plug-in hybrid petrol-electric  ,CH,Switzerland,2018,,3969,,,,,
dataflow,ESTAT:ROAD_EQR_CARPDA(1.0),New passenger cars by type of motor energy,A,Annual,NR,Number,ELC_PET_PI,Plug-in hybrid petrol-electric  ,CH,Switzerland,2019,,4199,,,,,
dataflow,ESTAT:ROAD_EQR_CARPDA(1.0),New passenger cars by type of motor energy,A,Annual,NR,Number,ELC_PET_PI,Plug-in hybrid petrol-electric  ,CH,Switzerland,2020,,14132,,,,,
dataflow,ESTAT:ROAD_EQR_CARPDA(1.0),New passenger cars by type of motor energy,A,Annual,NR,Number,ELC_PET_PI,Plug-in hybrid petrol-electric  ,CH,Switzerland,2021,,21231,,,,,
dataflow,ESTAT:ROAD_EQR_CARPDA(1.0),New passenger cars by type of motor energy,A,Annual,NR,Number,ELC_PET_PI,Plug-in hybrid petrol-electric  ,CH,Switzerland,2022,,17541,,,,,
dataflow,ESTAT:ROAD_EQR_CARPDA(1.0),New passenger cars by type of motor energy,A,Annual,NR,Number,ELC_PET_PI,Plug-in hybrid petrol-electric  ,CH,Switzerland,2023,,17373,,,,,
dataflow,ESTAT:ROAD_EQR_CARPDA(1.0),New passenger cars by type of motor energy,A,Annual,NR,Number,ELC_PET_PI,Plug-in hybrid petrol-electric  ,CH,Switzerland,2024,,10526,,,,,
dataflow,ESTAT:ROAD_EQR_CARPDA(1.0),New passenger cars by type of motor energy,A,Annual,NR,Number,ELC_PET_PI,Plug-in hybrid petrol-electric  ,CY,Cyprus,2021,,84,,i,value imputed by Eurostat or other receiving agencies,,
dataflow,ESTAT:ROAD_EQR_CARPDA(1.0),New passenger cars by type of motor energy,A,Annual,NR,Number,ELC_PET_PI,Plug-in hybrid petrol-electric  ,CY,Cyprus,2022,,231,,i,value imputed by Eurostat or other receiving agencies,,
dataflow,ESTAT:ROAD_EQR_CARPDA(1.0),New passenger cars by type of motor energy,A,Annual,NR,Number,ELC_PET_PI,Plug-in hybrid petrol-electric  ,CY,Cyprus,2023,,504,,,,,
dataflow,ESTAT:ROAD_EQR_CARPDA(1.0),New passenger cars by type of motor energy,A,Annual,NR,Number,ELC_PET_PI,Plug-in hybrid petrol-electric  ,CY,Cyprus,2024,,651,,,,,
dataflow,ESTAT:ROAD_EQR_CARPDA(1.0),New passenger cars by type of motor energy,A,Annual,NR,Number,ELC_PET_PI,Plug-in hybrid petrol-electric  ,CZ,Czechia,2020,,1981,,i,value imputed by Eurostat or other receiving agencies,,
dataflow,ESTAT:ROAD_EQR_CARPDA(1.0),New passenger cars by type of motor energy,A,Annual,NR,Number,ELC_PET_PI,Plug-in hybrid petrol-electric  ,CZ,Czechia,2022,,3166,,i,value imputed by Eurostat or other receiving agencies,,
dataflow,ESTAT:ROAD_EQR_CARPDA(1.0),New passenger cars by type of motor energy,A,Annual,NR,Number,ELC_PET_PI,Plug-in hybrid petrol-electric  ,CZ,Czechia,2023,,4781,,i,value imputed by Eurostat or other receiving agencies,,
dataflow,ESTAT:ROAD_EQR_CARPDA(1.0),New passenger cars by type of motor energy,A,Annual,NR,Number,ELC_PET_PI,Plug-in hybrid petrol-electric  ,CZ,Czechia,2024,,4394,,i,value imputed by Eurostat or other receiving agencies,,
dataflow,ESTAT:ROAD_EQR_CARPDA(1.0),New passenger cars by type of motor energy,A,Annual,NR,Number,ELC_PET_PI,Plug-in hybrid petrol-electric  ,DE,Germany,2017,,28244,,,,,
dataflow,ESTAT:ROAD_EQR_CARPDA(1.0),New passenger cars by type of motor energy,A,Annual,NR,Number,ELC_PET_PI,Plug-in hybrid petrol-electric  ,DE,Germany,2018,,30839,,,,,
dataflow,ESTAT:ROAD_EQR_CARPDA(1.0),New passenger cars by type of motor energy,A,Annual,NR,Number,ELC_PET_PI,Plug-in hybrid petrol-electric  ,DE,Germany,2019,,37814,,,,,
dataflow,ESTAT:ROAD_EQR_CARPDA(1.0),New passenger cars by type of motor energy,A,Annual,NR,Number,ELC_PET_PI,Plug-in hybrid petrol-electric  ,DE,Germany,2020,,177963,,,,,
dataflow,ESTAT:ROAD_EQR_CARPDA(1.0),New passenger cars by type of motor energy,A,Annual,NR,Number,ELC_PET_PI,Plug-in hybrid petrol-electric  ,DE,Germany,2021,,301856,,,,,
dataflow,ESTAT:ROAD_EQR_CARPDA(1.0),New passenger cars by type of motor energy,A,Annual,NR,Number,ELC_PET_PI,Plug-in hybrid petrol-electric  ,DE,Germany,2022,,345083,,,,,
dataflow,ESTAT:ROAD_EQR_CARPDA(1.0),New passenger cars by type of motor energy,A,Annual,NR,Number,ELC_PET_PI,Plug-in hybrid petrol-electric  ,DE,Germany,2023,,166614,,,,,
dataflow,ESTAT:ROAD_EQR_CARPDA(1.0),New passenger cars by type of motor energy,A,Annual,NR,Number,ELC_PET_PI,Plug-in hybrid petrol-electric  ,DE,Germany,2024,,174653,,,,,
dataflow,ESTAT:ROAD_EQR_CARPDA(1.0),New passenger cars by type of motor energy,A,Annual,NR,Number,ELC_PET_PI,Plug-in hybrid petrol-electric  ,DK,Denmark,2015,,406,,,,,
dataflow,ESTAT:ROAD_EQR_CARPDA(1.0),New passenger cars by type of motor energy,A,Annual,NR,Number,ELC_PET_PI,Plug-in hybrid petrol-electric  ,DK,Denmark,2016,,567,,,,,
dataflow,ESTAT:ROAD_EQR_CARPDA(1.0),New passenger cars by type of motor energy,A,Annual,NR,Number,ELC_PET_PI,Plug-in hybrid petrol-electric  ,DK,Denmark,2017,,620,,,,,
dataflow,ESTAT:ROAD_EQR_CARPDA(1.0),New passenger cars by type of motor energy,A,Annual,NR,Number,ELC_PET_PI,Plug-in hybrid petrol-electric  ,DK,Denmark,2018,,3125,,,,,
dataflow,ESTAT:ROAD_EQR_CARPDA(1.0),New passenger cars by type of motor energy,A,Annual,NR,Number,ELC_PET_PI,Plug-in hybrid petrol-electric  ,DK,Denmark,2019,,3767,,,,,
dataflow,ESTAT:ROAD_EQR_CARPDA(1.0),New passenger cars by type of motor energy,A,Annual,NR,Number,ELC_PET_PI,Plug-in hybrid petrol-electric  ,DK,Denmark,2020,,17747,,,,,
dataflow,ESTAT:ROAD_EQR_CARPDA(1.0),New passenger cars by type of motor energy,A,Annual,NR,Number,ELC_PET_PI,Plug-in hybrid petrol-electric  ,DK,Denmark,2021,,39317,,,,,
dataflow,ESTAT:ROAD_EQR_CARPDA(1.0),New passenger cars by type of motor energy,A,Annual,NR,Number,ELC_PET_PI,Plug-in hybrid petrol-electric  ,DK,Denmark,2022,,25594,,,,,
dataflow,ESTAT:ROAD_EQR_CARPDA(1.0),New passenger cars by type of motor energy,A,Annual,NR,Number,ELC_PET_PI,Plug-in hybrid petrol-electric  ,DK,Denmark,2023,,16945,,,,,
dataflow,ESTAT:ROAD_EQR_CARPDA(1.0),New passenger cars by type of motor energy,A,Annual,NR,Number,ELC_PET_PI,Plug-in hybrid petrol-electric  ,DK,Denmark,2024,,6958,,,,,
dataflow,ESTAT:ROAD_EQR_CARPDA(1.0),New passenger cars by type of motor energy,A,Annual,NR,Number,ELC_PET_PI,Plug-in hybrid petrol-electric  ,EE,Estonia,2021,,222,,,,,
dataflow,ESTAT:ROAD_EQR_CARPDA(1.0),New passenger cars by type of motor energy,A,Annual,NR,Number,ELC_PET_PI,Plug-in hybrid petrol-electric  ,EE,Estonia,2022,,362,,,,,
dataflow,ESTAT:ROAD_EQR_CARPDA(1.0),New passenger cars by type of motor energy,A,Annual,NR,Number,ELC_PET_PI,Plug-in hybrid petrol-electric  ,EE,Estonia,2023,,535,,,,,
dataflow,ESTAT:ROAD_EQR_CARPDA(1.0),New passenger cars by type of motor energy,A,Annual,NR,Number,ELC_PET_PI,Plug-in hybrid petrol-electric  ,EE,Estonia,2024,,1243,,,,,
dataflow,ESTAT:ROAD_EQR_CARPDA(1.0),New passenger cars by type of motor energy,A,Annual,NR,Number,ELC_PET_PI,Plug-in hybrid petrol-electric  ,EL,Greece,2022,,5322,,i,value imputed by Eurostat or other receiving agencies,,
dataflow,ESTAT:ROAD_EQR_CARPDA(1.0),New passenger cars by type of motor energy,A,Annual,NR,Number,ELC_PET_PI,Plug-in hybrid petrol-electric  ,EL,Greece,2023,,8475,,i,value imputed by Eurostat or other receiving agencies,,
dataflow,ESTAT:ROAD_EQR_CARPDA(1.0),New passenger cars by type of motor energy,A,Annual,NR,Number,ELC_PET_PI,Plug-in hybrid petrol-electric  ,EL,Greece,2024,,8039,,i,value imputed by Eurostat or other receiving agencies,,
dataflow,ESTAT:ROAD_EQR_CARPDA(1.0),New passenger cars by type of motor energy,A,Annual,NR,Number,ELC_PET_PI,Plug-in hybrid petrol-electric  ,ES,Spain,2015,,57,,,,,
dataflow,ESTAT:ROAD_EQR_CARPDA(1.0),New passenger cars by type of motor energy,A,Annual,NR,Number,ELC_PET_PI,Plug-in hybrid petrol-electric  ,ES,Spain,2016,,142,,,,,
dataflow,ESTAT:ROAD_EQR_CARPDA(1.0),New passenger cars by type of motor energy,A,Annual,NR,Number,ELC_PET_PI,Plug-in hybrid petrol-electric  ,ES,Spain,2017,,509,,,,,
dataflow,ESTAT:ROAD_EQR_CARPDA(1.0),New passenger cars by type of motor energy,A,Annual,NR,Number,ELC_PET_PI,Plug-in hybrid petrol-electric  ,ES,Spain,2018,,1909,,,,,
dataflow,ESTAT:ROAD_EQR_CARPDA(1.0),New passenger cars by type of motor energy,A,Annual,NR,Number,ELC_PET_PI,Plug-in hybrid petrol-electric  ,ES,Spain,2019,,5511,,,,,
dataflow,ESTAT:ROAD_EQR_CARPDA(1.0),New passenger cars by type of motor energy,A,Annual,NR,Number,ELC_PET_PI,Plug-in hybrid petrol-electric  ,ES,Spain,2020,,21350,,,,,
dataflow,ESTAT:ROAD_EQR_CARPDA(1.0),New passenger cars by type of motor energy,A,Annual,NR,Number,ELC_PET_PI,Plug-in hybrid petrol-electric  ,ES,Spain,2021,,40927,,,,,
dataflow,ESTAT:ROAD_EQR_CARPDA(1.0),New passenger cars by type of motor energy,A,Annual,NR,Number,ELC_PET_PI,Plug-in hybrid petrol-electric  ,ES,Spain,2022,,45948,,,,,
dataflow,ESTAT:ROAD_EQR_CARPDA(1.0),New passenger cars by type of motor energy,A,Annual,NR,Number,ELC_PET_PI,Plug-in hybrid petrol-electric  ,ES,Spain,2023,,61038,,,,,
dataflow,ESTAT:ROAD_EQR_CARPDA(1.0),New passenger cars by type of motor energy,A,Annual,NR,Number,ELC_PET_PI,Plug-in hybrid petrol-electric  ,ES,Spain,2024,,54931,,,,,
dataflow,ESTAT:ROAD_EQR_CARPDA(1.0),New passenger cars by type of motor energy,A,Annual,NR,Number,ELC_PET_PI,Plug-in hybrid petrol-electric  ,EU27_2020,European Union - 27 countries (from 2020),2023,,731570,,,,,
dataflow,ESTAT:ROAD_EQR_CARPDA(1.0),New passenger cars by type of motor energy,A,Annual,NR,Number,ELC_PET_PI,Plug-in hybrid petrol-electric  ,EU27_2020,European Union - 27 countries (from 2020),2024,,659602,,,,,
dataflow,ESTAT:ROAD_EQR_CARPDA(1.0),New passenger cars by type of motor energy,A,Annual,NR,Number,ELC_PET_PI,Plug-in hybrid petrol-electric  ,FI,Finland,2015,,400,,,,,
dataflow,ESTAT:ROAD_EQR_CARPDA(1.0),New passenger cars by type of motor energy,A,Annual,NR,Number,ELC_PET_PI,Plug-in hybrid petrol-electric  ,FI,Finland,2016,,1116,,,,,
dataflow,ESTAT:ROAD_EQR_CARPDA(1.0),New passenger cars by type of motor energy,A,Annual,NR,Number,ELC_PET_PI,Plug-in hybrid petrol-electric  ,FI,Finland,2017,,2401,,,,,
dataflow,ESTAT:ROAD_EQR_CARPDA(1.0),New passenger cars by type of motor energy,A,Annual,NR,Number,ELC_PET_PI,Plug-in hybrid petrol-electric  ,FI,Finland,2018,,4797,,,,,
dataflow,ESTAT:ROAD_EQR_CARPDA(1.0),New passenger cars by type of motor energy,A,Annual,NR,Number,ELC_PET_PI,Plug-in hybrid petrol-electric  ,FI,Finland,2019,,5808,,,,,
dataflow,ESTAT:ROAD_EQR_CARPDA(1.0),New passenger cars by type of motor energy,A,Annual,NR,Number,ELC_PET_PI,Plug-in hybrid petrol-electric  ,FI,Finland,2020,,12796,,,,,
dataflow,ESTAT:ROAD_EQR_CARPDA(1.0),New passenger cars by type of motor energy,A,Annual,NR,Number,ELC_PET_PI,Plug-in hybrid petrol-electric  ,FI,Finland,2021,,19524,,,,,
dataflow,ESTAT:ROAD_EQR_CARPDA(1.0),New passenger cars by type of motor energy,A,Annual,NR,Number,ELC_PET_PI,Plug-in hybrid petrol-electric  ,FI,Finland,2022,,15770,,,,,
dataflow,ESTAT:ROAD_EQR_CARPDA(1.0),New passenger cars by type of motor energy,A,Annual,NR,Number,ELC_PET_PI,Plug-in hybrid petrol-electric  ,FI,Finland,2023,,17867,,,,,
dataflow,ESTAT:ROAD_EQR_CARPDA(1.0),New passenger cars by type of motor energy,A,Annual,NR,Number,ELC_PET_PI,Plug-in hybrid petrol-electric  ,FI,Finland,2024,,14667,,,,,
dataflow,ESTAT:ROAD_EQR_CARPDA(1.0),New passenger cars by type of motor energy,A,Annual,NR,Number,ELC_PET_PI,Plug-in hybrid petrol-electric  ,FR,France,2015,,5587,,,,,
dataflow,ESTAT:ROAD_EQR_CARPDA(1.0),New passenger cars by type of motor energy,A,Annual,NR,Number,ELC_PET_PI,Plug-in hybrid petrol-electric  ,FR,France,2016,,7218,,,,,
dataflow,ESTAT:ROAD_EQR_CARPDA(1.0),New passenger cars by type of motor energy,A,Annual,NR,Number,ELC_PET_PI,Plug-in hybrid petrol-electric  ,FR,France,2017,,11801,,,,,
dataflow,ESTAT:ROAD_EQR_CARPDA(1.0),New passenger cars by type of motor energy,A,Annual,NR,Number,ELC_PET_PI,Plug-in hybrid petrol-electric  ,FR,France,2018,,14507,,,,,
dataflow,ESTAT:ROAD_EQR_CARPDA(1.0),New passenger cars by type of motor energy,A,Annual,NR,Number,ELC_PET_PI,Plug-in hybrid petrol-electric  ,FR,France,2019,,18010,,,,,
dataflow,ESTAT:ROAD_EQR_CARPDA(1.0),New passenger cars by type of motor energy,A,Annual,NR,Number,ELC_PET_PI,Plug-in hybrid petrol-electric  ,FR,France,2020,,72565,,,,,
dataflow,ESTAT:ROAD_EQR_CARPDA(1.0),New passenger cars by type of motor energy,A,Annual,NR,Number,ELC_PET_PI,Plug-in hybrid petrol-electric  ,FR,France,2021,,134006,,,,,
dataflow,ESTAT:ROAD_EQR_CARPDA(1.0),New passenger cars by type of motor energy,A,Annual,NR,Number,ELC_PET_PI,Plug-in hybrid petrol-electric  ,FR,France,2022,,121196,,,,,
dataflow,ESTAT:ROAD_EQR_CARPDA(1.0),New passenger cars by type of motor energy,A,Annual,NR,Number,ELC_PET_PI,Plug-in hybrid petrol-electric  ,FR,France,2023,,158373,,i,value imputed by Eurostat or other receiving agencies,,
dataflow,ESTAT:ROAD_EQR_CARPDA(1.0),New passenger cars by type of motor energy,A,Annual,NR,Number,ELC_PET_PI,Plug-in hybrid petrol-electric  ,FR,France,2024,,140074,,,,,
dataflow,ESTAT:ROAD_EQR_CARPDA(1.0),New passenger cars by type of motor energy,A,Annual,NR,Number,ELC_PET_PI,Plug-in hybrid petrol-electric  ,GE,Georgia,2019,,0,,,,,
dataflow,ESTAT:ROAD_EQR_CARPDA(1.0),New passenger cars by type of motor energy,A,Annual,NR,Number,ELC_PET_PI,Plug-in hybrid petrol-electric  ,GE,Georgia,2024,,0,,,,,
dataflow,ESTAT:ROAD_EQR_CARPDA(1.0),New passenger cars by type of motor energy,A,Annual,NR,Number,ELC_PET_PI,Plug-in hybrid petrol-electric  ,HR,Croatia,2020,,143,,i,value imputed by Eurostat or other receiving agencies,,
dataflow,ESTAT:ROAD_EQR_CARPDA(1.0),New passenger cars by type of motor energy,A,Annual,NR,Number,ELC_PET_PI,Plug-in hybrid petrol-electric  ,HR,Croatia,2022,,689,,,,,
dataflow,ESTAT:ROAD_EQR_CARPDA(1.0),New passenger cars by type of motor energy,A,Annual,NR,Number,ELC_PET_PI,Plug-in hybrid petrol-electric  ,HR,Croatia,2023,,783,,,,,
dataflow,ESTAT:ROAD_EQR_CARPDA(1.0),New passenger cars by type of motor energy,A,Annual,NR,Number,ELC_PET_PI,Plug-in hybrid petrol-electric  ,HR,Croatia,2024,,350,,,,,
dataflow,ESTAT:ROAD_EQR_CARPDA(1.0),New passenger cars by type of motor energy,A,Annual,NR,Number,ELC_PET_PI,Plug-in hybrid petrol-electric  ,HU,Hungary,2020,,2660,,i,value imputed by Eurostat or other receiving agencies,,
dataflow,ESTAT:ROAD_EQR_CARPDA(1.0),New passenger cars by type of motor energy,A,Annual,NR,Number,ELC_PET_PI,Plug-in hybrid petrol-electric  ,HU,Hungary,2021,,3591,,i,value imputed by Eurostat or other receiving agencies,,
dataflow,ESTAT:ROAD_EQR_CARPDA(1.0),New passenger cars by type of motor energy,A,Annual,NR,Number,ELC_PET_PI,Plug-in hybrid petrol-electric  ,HU,Hungary,2022,,4233,,i,value imputed by Eurostat or other receiving agencies,,
dataflow,ESTAT:ROAD_EQR_CARPDA(1.0),New passenger cars by type of motor energy,A,Annual,NR,Number,ELC_PET_PI,Plug-in hybrid petrol-electric  ,HU,Hungary,2023,,4804,,i,value imputed by Eurostat or other receiving agencies,,
dataflow,ESTAT:ROAD_EQR_CARPDA(1.0),New passenger cars by type of motor energy,A,Annual,NR,Number,ELC_PET_PI,Plug-in hybrid petrol-electric  ,HU,Hungary,2024,,4937,,i,value imputed by Eurostat or other receiving agencies,,
dataflow,ESTAT:ROAD_EQR_CARPDA(1.0),New passenger cars by type of motor energy,A,Annual,NR,Number,ELC_PET_PI,Plug-in hybrid petrol-electric  ,IE,Ireland,2017,,327,,,,,
dataflow,ESTAT:ROAD_EQR_CARPDA(1.0),New passenger cars by type of motor energy,A,Annual,NR,Number,ELC_PET_PI,Plug-in hybrid petrol-electric  ,IE,Ireland,2018,,737,,,,,
dataflow,ESTAT:ROAD_EQR_CARPDA(1.0),New passenger cars by type of motor energy,A,Annual,NR,Number,ELC_PET_PI,Plug-in hybrid petrol-electric  ,IE,Ireland,2019,,1447,,,,,
dataflow,ESTAT:ROAD_EQR_CARPDA(1.0),New passenger cars by type of motor energy,A,Annual,NR,Number,ELC_PET_PI,Plug-in hybrid petrol-electric  ,IE,Ireland,2020,,2482,,,,,
dataflow,ESTAT:ROAD_EQR_CARPDA(1.0),New passenger cars by type of motor energy,A,Annual,NR,Number,ELC_PET_PI,Plug-in hybrid petrol-electric  ,IE,Ireland,2021,,7698,,,,,
dataflow,ESTAT:ROAD_EQR_CARPDA(1.0),New passenger cars by type of motor energy,A,Annual,NR,Number,ELC_PET_PI,Plug-in hybrid petrol-electric  ,IE,Ireland,2022,,7261,,,,,
dataflow,ESTAT:ROAD_EQR_CARPDA(1.0),New passenger cars by type of motor energy,A,Annual,NR,Number,ELC_PET_PI,Plug-in hybrid petrol-electric  ,IE,Ireland,2023,,10183,,,,,
dataflow,ESTAT:ROAD_EQR_CARPDA(1.0),New passenger cars by type of motor energy,A,Annual,NR,Number,ELC_PET_PI,Plug-in hybrid petrol-electric  ,IE,Ireland,2024,,11148,,,,,
dataflow,ESTAT:ROAD_EQR_CARPDA(1.0),New passenger cars by type of motor energy,A,Annual,NR,Number,ELC_PET_PI,Plug-in hybrid petrol-electric  ,IS,Iceland,2017,,2061,,,,,
dataflow,ESTAT:ROAD_EQR_CARPDA(1.0),New passenger cars by type of motor energy,A,Annual,NR,Number,ELC_PET_PI,Plug-in hybrid petrol-electric  ,IS,Iceland,2018,,2659,,,,,
dataflow,ESTAT:ROAD_EQR_CARPDA(1.0),New passenger cars by type of motor energy,A,Annual,NR,Number,ELC_PET_PI,Plug-in hybrid petrol-electric  ,IS,Iceland,2019,,1792,,,,,
dataflow,ESTAT:ROAD_EQR_CARPDA(1.0),New passenger cars by type of motor energy,A,Annual,NR,Number,ELC_PET_PI,Plug-in hybrid petrol-electric  ,IS,Iceland,2020,,2256,,,,,
dataflow,ESTAT:ROAD_EQR_CARPDA(1.0),New passenger cars by type of motor energy,A,Annual,NR,Number,ELC_PET_PI,Plug-in hybrid petrol-electric  ,IS,Iceland,2021,,4718,,,,,
dataflow,ESTAT:ROAD_EQR_CARPDA(1.0),New passenger cars by type of motor energy,A,Annual,NR,Number,ELC_PET_PI,Plug-in hybrid petrol-electric  ,IS,Iceland,2022,,3615,,i,value imputed by Eurostat or other receiving agencies,,
dataflow,ESTAT:ROAD_EQR_CARPDA(1.0),New passenger cars by type of motor energy,A,Annual,NR,Number,ELC_PET_PI,Plug-in hybrid petrol-electric  ,IS,Iceland,2023,,1691,,i,value imputed by Eurostat or other receiving agencies,,
dataflow,ESTAT:ROAD_EQR_CARPDA(1.0),New passenger cars by type of motor energy,A,Annual,NR,Number,ELC_PET_PI,Plug-in hybrid petrol-electric  ,IS,Iceland,2024,,1586,,i,value imputed by Eurostat or other receiving agencies,,
dataflow,ESTAT:ROAD_EQR_CARPDA(1.0),New passenger cars by type of motor energy,A,Annual,NR,Number,ELC_PET_PI,Plug-in hybrid petrol-electric  ,IT,Italy,2021,,60940,,i,value imputed by Eurostat or other receiving agencies,,
dataflow,ESTAT:ROAD_EQR_CARPDA(1.0),New passenger cars by type of motor energy,A,Annual,NR,Number,ELC_PET_PI,Plug-in hybrid petrol-electric  ,IT,Italy,2022,,56400,,i,value imputed by Eurostat or other receiving agencies,,
dataflow,ESTAT:ROAD_EQR_CARPDA(1.0),New passenger cars by type of motor energy,A,Annual,NR,Number,ELC_PET_PI,Plug-in hybrid petrol-electric  ,IT,Italy,2023,,60219,,i,value imputed by Eurostat or other receiving agencies,,
dataflow,ESTAT:ROAD_EQR_CARPDA(1.0),New passenger cars by type of motor energy,A,Annual,NR,Number,ELC_PET_PI,Plug-in hybrid petrol-electric  ,IT,Italy,2024,,45189,,i,value imputed by Eurostat or other receiving agencies,,
dataflow,ESTAT:ROAD_EQR_CARPDA(1.0),New passenger cars by type of motor energy,A,Annual,NR,Number,ELC_PET_PI,Plug-in hybrid petrol-electric  ,LI,Liechtenstein,2023,,65,,i,value imputed by Eurostat or other receiving agencies,,
dataflow,ESTAT:ROAD_EQR_CARPDA(1.0),New passenger cars by type of motor energy,A,Annual,NR,Number,ELC_PET_PI,Plug-in hybrid petrol-electric  ,LI,Liechtenstein,2024,,87,,i,value imputed by Eurostat or other receiving agencies,,
dataflow,ESTAT:ROAD_EQR_CARPDA(1.0),New passenger cars by type of motor energy,A,Annual,NR,Number,ELC_PET_PI,Plug-in hybrid petrol-electric  ,LT,Lithuania,2021,,400,,i,value imputed by Eurostat or other receiving agencies,,
dataflow,ESTAT:ROAD_EQR_CARPDA(1.0),New passenger cars by type of motor energy,A,Annual,NR,Number,ELC_PET_PI,Plug-in hybrid petrol-electric  ,LT,Lithuania,2022,,740,,i,value imputed by Eurostat or other receiving agencies,,
dataflow,ESTAT:ROAD_EQR_CARPDA(1.0),New passenger cars by type of motor energy,A,Annual,NR,Number,ELC_PET_PI,Plug-in hybrid petrol-electric  ,LT,Lithuania,2023,,787,,i,value imputed by Eurostat or other receiving agencies,,
dataflow,ESTAT:ROAD_EQR_CARPDA(1.0),New passenger cars by type of motor energy,A,Annual,NR,Number,ELC_PET_PI,Plug-in hybrid petrol-electric  ,LT,Lithuania,2024,,1674,,,,,
dataflow,ESTAT:ROAD_EQR_CARPDA(1.0),New passenger cars by type of motor energy,A,Annual,NR,Number,ELC_PET_PI,Plug-in hybrid petrol-electric  ,LU,Luxembourg,2015,,25,,,,,
dataflow,ESTAT:ROAD_EQR_CARPDA(1.0),New passenger cars by type of motor energy,A,Annual,NR,Number,ELC_PET_PI,Plug-in hybrid petrol-electric  ,LU,Luxembourg,2016,,108,,,,,
dataflow,ESTAT:ROAD_EQR_CARPDA(1.0),New passenger cars by type of motor energy,A,Annual,NR,Number,ELC_PET_PI,Plug-in hybrid petrol-electric  ,LU,Luxembourg,2017,,673,,,,,
dataflow,ESTAT:ROAD_EQR_CARPDA(1.0),New passenger cars by type of motor energy,A,Annual,NR,Number,ELC_PET_PI,Plug-in hybrid petrol-electric  ,LU,Luxembourg,2018,,703,,,,,
dataflow,ESTAT:ROAD_EQR_CARPDA(1.0),New passenger cars by type of motor energy,A,Annual,NR,Number,ELC_PET_PI,Plug-in hybrid petrol-electric  ,LU,Luxembourg,2019,,844,,,,,
dataflow,ESTAT:ROAD_EQR_CARPDA(1.0),New passenger cars by type of motor energy,A,Annual,NR,Number,ELC_PET_PI,Plug-in hybrid petrol-electric  ,LU,Luxembourg,2020,,2365,,,,,
dataflow,ESTAT:ROAD_EQR_CARPDA(1.0),New passenger cars by type of motor energy,A,Annual,NR,Number,ELC_PET_PI,Plug-in hybrid petrol-electric  ,LU,Luxembourg,2021,,3825,,,,,
dataflow,ESTAT:ROAD_EQR_CARPDA(1.0),New passenger cars by type of motor energy,A,Annual,NR,Number,ELC_PET_PI,Plug-in hybrid petrol-electric  ,LU,Luxembourg,2022,,3444,,,,,
dataflow,ESTAT:ROAD_EQR_CARPDA(1.0),New passenger cars by type of motor energy,A,Annual,NR,Number,ELC_PET_PI,Plug-in hybrid petrol-electric  ,LU,Luxembourg,2023,,4638,,,,,
dataflow,ESTAT:ROAD_EQR_CARPDA(1.0),New passenger cars by type of motor energy,A,Annual,NR,Number,ELC_PET_PI,Plug-in hybrid petrol-electric  ,LU,Luxembourg,2024,,3636,,,,,
dataflow,ESTAT:ROAD_EQR_CARPDA(1.0),New passenger cars by type of motor energy,A,Annual,NR,Number,ELC_PET_PI,Plug-in hybrid petrol-electric  ,LV,Latvia,2022,,301,,,,,
dataflow,ESTAT:ROAD_EQR_CARPDA(1.0),New passenger cars by type of motor energy,A,Annual,NR,Number,ELC_PET_PI,Plug-in hybrid petrol-electric  ,LV,Latvia,2023,,352,,,,,
dataflow,ESTAT:ROAD_EQR_CARPDA(1.0),New passenger cars by type of motor energy,A,Annual,NR,Number,ELC_PET_PI,Plug-in hybrid petrol-electric  ,LV,Latvia,2024,,765,,,,,
dataflow,ESTAT:ROAD_EQR_CARPDA(1.0),New passenger cars by type of motor energy,A,Annual,NR,Number,ELC_PET_PI,Plug-in hybrid petrol-electric  ,MT,Malta,2019,,0,,,,,
dataflow,ESTAT:ROAD_EQR_CARPDA(1.0),New passenger cars by type of motor energy,A,Annual,NR,Number,ELC_PET_PI,Plug-in hybrid petrol-electric  ,MT,Malta,2020,,215,,,,,
dataflow,ESTAT:ROAD_EQR_CARPDA(1.0),New passenger cars by type of motor energy,A,Annual,NR,Number,ELC_PET_PI,Plug-in hybrid petrol-electric  ,MT,Malta,2021,,668,,,,,
dataflow,ESTAT:ROAD_EQR_CARPDA(1.0),New passenger cars by type of motor energy,A,Annual,NR,Number,ELC_PET_PI,Plug-in hybrid petrol-electric  ,MT,Malta,2022,,1206,,,,,
dataflow,ESTAT:ROAD_EQR_CARPDA(1.0),New passenger cars by type of motor energy,A,Annual,NR,Number,ELC_PET_PI,Plug-in hybrid petrol-electric  ,MT,Malta,2023,,962,,,,,
dataflow,ESTAT:ROAD_EQR_CARPDA(1.0),New passenger cars by type of motor energy,A,Annual,NR,Number,ELC_PET_PI,Plug-in hybrid petrol-electric  ,MT,Malta,2024,,492,,,,,
dataflow,ESTAT:ROAD_EQR_CARPDA(1.0),New passenger cars by type of motor energy,A,Annual,NR,Number,ELC_PET_PI,Plug-in hybrid petrol-electric  ,NL,Netherlands,2021,,0,,,,,
dataflow,ESTAT:ROAD_EQR_CARPDA(1.0),New passenger cars by type of motor energy,A,Annual,NR,Number,ELC_PET_PI,Plug-in hybrid petrol-electric  ,NL,Netherlands,2023,,0,,,,,
dataflow,ESTAT:ROAD_EQR_CARPDA(1.0),New passenger cars by type of motor energy,A,Annual,NR,Number,ELC_PET_PI,Plug-in hybrid petrol-electric  ,NL,Netherlands,2024,,0,,,,,
dataflow,ESTAT:ROAD_EQR_CARPDA(1.0),New passenger cars by type of motor energy,A,Annual,NR,Number,ELC_PET_PI,Plug-in hybrid petrol-electric  ,NO,Norway,2015,,7982,,,,,
dataflow,ESTAT:ROAD_EQR_CARPDA(1.0),New passenger cars by type of motor energy,A,Annual,NR,Number,ELC_PET_PI,Plug-in hybrid petrol-electric  ,NO,Norway,2016,,19644,,,,,
dataflow,ESTAT:ROAD_EQR_CARPDA(1.0),New passenger cars by type of motor energy,A,Annual,NR,Number,ELC_PET_PI,Plug-in hybrid petrol-electric  ,NO,Norway,2017,,26777,,,,,
dataflow,ESTAT:ROAD_EQR_CARPDA(1.0),New passenger cars by type of motor energy,A,Annual,NR,Number,ELC_PET_PI,Plug-in hybrid petrol-electric  ,NO,Norway,2018,,24694,,,,,
dataflow,ESTAT:ROAD_EQR_CARPDA(1.0),New passenger cars by type of motor energy,A,Annual,NR,Number,ELC_PET_PI,Plug-in hybrid petrol-electric  ,NO,Norway,2019,,18314,,,,,
dataflow,ESTAT:ROAD_EQR_CARPDA(1.0),New passenger cars by type of motor energy,A,Annual,NR,Number,ELC_PET_PI,Plug-in hybrid petrol-electric  ,NO,Norway,2020,,26490,,,,,
dataflow,ESTAT:ROAD_EQR_CARPDA(1.0),New passenger cars by type of motor energy,A,Annual,NR,Number,ELC_PET_PI,Plug-in hybrid petrol-electric  ,NO,Norway,2021,,36803,,,,,
dataflow,ESTAT:ROAD_EQR_CARPDA(1.0),New passenger cars by type of motor energy,A,Annual,NR,Number,ELC_PET_PI,Plug-in hybrid petrol-electric  ,NO,Norway,2022,,15641,,,,,
dataflow,ESTAT:ROAD_EQR_CARPDA(1.0),New passenger cars by type of motor energy,A,Annual,NR,Number,ELC_PET_PI,Plug-in hybrid petrol-electric  ,NO,Norway,2023,,9974,,,,,
dataflow,ESTAT:ROAD_EQR_CARPDA(1.0),New passenger cars by type of motor energy,A,Annual,NR,Number,ELC_PET_PI,Plug-in hybrid petrol-electric  ,NO,Norway,2024,,3477,,,,,
dataflow,ESTAT:ROAD_EQR_CARPDA(1.0),New passenger cars by type of motor energy,A,Annual,NR,Number,ELC_PET_PI,Plug-in hybrid petrol-electric  ,PL,Poland,2015,,141,,i,value imputed by Eurostat or other receiving agencies,,
dataflow,ESTAT:ROAD_EQR_CARPDA(1.0),New passenger cars by type of motor energy,A,Annual,NR,Number,ELC_PET_PI,Plug-in hybrid petrol-electric  ,PL,Poland,2016,,332,,i,value imputed by Eurostat or other receiving agencies,,
dataflow,ESTAT:ROAD_EQR_CARPDA(1.0),New passenger cars by type of motor energy,A,Annual,NR,Number,ELC_PET_PI,Plug-in hybrid petrol-electric  ,PL,Poland,2017,,444,,i,value imputed by Eurostat or other receiving agencies,,
dataflow,ESTAT:ROAD_EQR_CARPDA(1.0),New passenger cars by type of motor energy,A,Annual,NR,Number,ELC_PET_PI,Plug-in hybrid petrol-electric  ,PL,Poland,2018,,530,,i,value imputed by Eurostat or other receiving agencies,,
dataflow,ESTAT:ROAD_EQR_CARPDA(1.0),New passenger cars by type of motor energy,A,Annual,NR,Number,ELC_PET_PI,Plug-in hybrid petrol-electric  ,PL,Poland,2019,,927,,i,value imputed by Eurostat or other receiving agencies,,
dataflow,ESTAT:ROAD_EQR_CARPDA(1.0),New passenger cars by type of motor energy,A,Annual,NR,Number,ELC_PET_PI,Plug-in hybrid petrol-electric  ,PL,Poland,2020,,3520,,i,value imputed by Eurostat or other receiving agencies,,
dataflow,ESTAT:ROAD_EQR_CARPDA(1.0),New passenger cars by type of motor energy,A,Annual,NR,Number,ELC_PET_PI,Plug-in hybrid petrol-electric  ,PL,Poland,2021,,7045,,i,value imputed by Eurostat or other receiving agencies,,
dataflow,ESTAT:ROAD_EQR_CARPDA(1.0),New passenger cars by type of motor energy,A,Annual,NR,Number,ELC_PET_PI,Plug-in hybrid petrol-electric  ,PL,Poland,2022,,7852,,i,value imputed by Eurostat or other receiving agencies,,
dataflow,ESTAT:ROAD_EQR_CARPDA(1.0),New passenger cars by type of motor energy,A,Annual,NR,Number,ELC_PET_PI,Plug-in hybrid petrol-electric  ,PL,Poland,2023,,10800,,i,value imputed by Eurostat or other receiving agencies,,
dataflow,ESTAT:ROAD_EQR_CARPDA(1.0),New passenger cars by type of motor energy,A,Annual,NR,Number,ELC_PET_PI,Plug-in hybrid petrol-electric  ,PL,Poland,2024,,12198,,,,,
dataflow,ESTAT:ROAD_EQR_CARPDA(1.0),New passenger cars by type of motor energy,A,Annual,NR,Number,ELC_PET_PI,Plug-in hybrid petrol-electric  ,PT,Portugal,2017,,2399,,,,,
dataflow,ESTAT:ROAD_EQR_CARPDA(1.0),New passenger cars by type of motor energy,A,Annual,NR,Number,ELC_PET_PI,Plug-in hybrid petrol-electric  ,PT,Portugal,2018,,3888,,,,,
dataflow,ESTAT:ROAD_EQR_CARPDA(1.0),New passenger cars by type of motor energy,A,Annual,NR,Number,ELC_PET_PI,Plug-in hybrid petrol-electric  ,PT,Portugal,2019,,4671,,,,,
dataflow,ESTAT:ROAD_EQR_CARPDA(1.0),New passenger cars by type of motor energy,A,Annual,NR,Number,ELC_PET_PI,Plug-in hybrid petrol-electric  ,PT,Portugal,2020,,10010,,,,,
dataflow,ESTAT:ROAD_EQR_CARPDA(1.0),New passenger cars by type of motor energy,A,Annual,NR,Number,ELC_PET_PI,Plug-in hybrid petrol-electric  ,PT,Portugal,2021,,13543,,,,,
dataflow,ESTAT:ROAD_EQR_CARPDA(1.0),New passenger cars by type of motor energy,A,Annual,NR,Number,ELC_PET_PI,Plug-in hybrid petrol-electric  ,PT,Portugal,2022,,14878,,,,,
dataflow,ESTAT:ROAD_EQR_CARPDA(1.0),New passenger cars by type of motor energy,A,Annual,NR,Number,ELC_PET_PI,Plug-in hybrid petrol-electric  ,PT,Portugal,2023,,25942,,,,,
dataflow,ESTAT:ROAD_EQR_CARPDA(1.0),New passenger cars by type of motor energy,A,Annual,NR,Number,ELC_PET_PI,Plug-in hybrid petrol-electric  ,PT,Portugal,2024,,25935,,,,,
dataflow,ESTAT:ROAD_EQR_CARPDA(1.0),New passenger cars by type of motor energy,A,Annual,NR,Number,ELC_PET_PI,Plug-in hybrid petrol-electric  ,RO,Romania,2020,,953,,i,value imputed by Eurostat or other receiving agencies,,
dataflow,ESTAT:ROAD_EQR_CARPDA(1.0),New passenger cars by type of motor energy,A,Annual,NR,Number,ELC_PET_PI,Plug-in hybrid petrol-electric  ,RO,Romania,2021,,2316,,i,value imputed by Eurostat or other receiving agencies,,
dataflow,ESTAT:ROAD_EQR_CARPDA(1.0),New passenger cars by type of motor energy,A,Annual,NR,Number,ELC_PET_PI,Plug-in hybrid petrol-electric  ,RO,Romania,2022,,3043,,i,value imputed by Eurostat or other receiving agencies,,
dataflow,ESTAT:ROAD_EQR_CARPDA(1.0),New passenger cars by type of motor energy,A,Annual,NR,Number,ELC_PET_PI,Plug-in hybrid petrol-electric  ,RO,Romania,2023,,2648,,i,value imputed by Eurostat or other receiving agencies,,
dataflow,ESTAT:ROAD_EQR_CARPDA(1.0),New passenger cars by type of motor energy,A,Annual,NR,Number,ELC_PET_PI,Plug-in hybrid petrol-electric  ,RO,Romania,2024,,6165,,i,value imputed by Eurostat or other receiving agencies,,
dataflow,ESTAT:ROAD_EQR_CARPDA(1.0),New passenger cars by type of motor energy,A,Annual,NR,Number,ELC_PET_PI,Plug-in hybrid petrol-electric  ,SE,Sweden,2015,,5173,,,,,
dataflow,ESTAT:ROAD_EQR_CARPDA(1.0),New passenger cars by type of motor energy,A,Annual,NR,Number,ELC_PET_PI,Plug-in hybrid petrol-electric  ,SE,Sweden,2016,,8964,,,,,
dataflow,ESTAT:ROAD_EQR_CARPDA(1.0),New passenger cars by type of motor energy,A,Annual,NR,Number,ELC_PET_PI,Plug-in hybrid petrol-electric  ,SE,Sweden,2017,,14874,,,,,
dataflow,ESTAT:ROAD_EQR_CARPDA(1.0),New passenger cars by type of motor energy,A,Annual,NR,Number,ELC_PET_PI,Plug-in hybrid petrol-electric  ,SE,Sweden,2018,,20541,,,,,
dataflow,ESTAT:ROAD_EQR_CARPDA(1.0),New passenger cars by type of motor energy,A,Annual,NR,Number,ELC_PET_PI,Plug-in hybrid petrol-electric  ,SE,Sweden,2019,,23992,,,,,
dataflow,ESTAT:ROAD_EQR_CARPDA(1.0),New passenger cars by type of motor energy,A,Annual,NR,Number,ELC_PET_PI,Plug-in hybrid petrol-electric  ,SE,Sweden,2020,,62954,,,,,
dataflow,ESTAT:ROAD_EQR_CARPDA(1.0),New passenger cars by type of motor energy,A,Annual,NR,Number,ELC_PET_PI,Plug-in hybrid petrol-electric  ,SE,Sweden,2021,,73848,,,,,
dataflow,ESTAT:ROAD_EQR_CARPDA(1.0),New passenger cars by type of motor energy,A,Annual,NR,Number,ELC_PET_PI,Plug-in hybrid petrol-electric  ,SE,Sweden,2022,,63911,,,,,
dataflow,ESTAT:ROAD_EQR_CARPDA(1.0),New passenger cars by type of motor energy,A,Annual,NR,Number,ELC_PET_PI,Plug-in hybrid petrol-electric  ,SE,Sweden,2023,,59364,,,,,
dataflow,ESTAT:ROAD_EQR_CARPDA(1.0),New passenger cars by type of motor energy,A,Annual,NR,Number,ELC_PET_PI,Plug-in hybrid petrol-electric  ,SE,Sweden,2024,,59734,,,,,
dataflow,ESTAT:ROAD_EQR_CARPDA(1.0),New passenger cars by type of motor energy,A,Annual,NR,Number,ELC_PET_PI,Plug-in hybrid petrol-electric  ,SI,Slovenia,2020,,39,,i,value imputed by Eurostat or other receiving agencies,,
dataflow,ESTAT:ROAD_EQR_CARPDA(1.0),New passenger cars by type of motor energy,A,Annual,NR,Number,ELC_PET_PI,Plug-in hybrid petrol-electric  ,SI,Slovenia,2021,,191,,i,value imputed by Eurostat or other receiving agencies,,
dataflow,ESTAT:ROAD_EQR_CARPDA(1.0),New passenger cars by type of motor energy,A,Annual,NR,Number,ELC_PET_PI,Plug-in hybrid petrol-electric  ,SI,Slovenia,2022,,602,,i,value imputed by Eurostat or other receiving agencies,,
dataflow,ESTAT:ROAD_EQR_CARPDA(1.0),New passenger cars by type of motor energy,A,Annual,NR,Number,ELC_PET_PI,Plug-in hybrid petrol-electric  ,SI,Slovenia,2023,,1074,,i,value imputed by Eurostat or other receiving agencies,,
dataflow,ESTAT:ROAD_EQR_CARPDA(1.0),New passenger cars by type of motor energy,A,Annual,NR,Number,ELC_PET_PI,Plug-in hybrid petrol-electric  ,SI,Slovenia,2024,,1143,,i,value imputed by Eurostat or other receiving agencies,,
dataflow,ESTAT:ROAD_EQR_CARPDA(1.0),New passenger cars by type of motor energy,A,Annual,NR,Number,ELC_PET_PI,Plug-in hybrid petrol-electric  ,SK,Slovakia,2020,,863,,i,value imputed by Eurostat or other receiving agencies,,
dataflow,ESTAT:ROAD_EQR_CARPDA(1.0),New passenger cars by type of motor energy,A,Annual,NR,Number,ELC_PET_PI,Plug-in hybrid petrol-electric  ,SK,Slovakia,2021,,1166,,i,value imputed by Eurostat or other receiving agencies,,
dataflow,ESTAT:ROAD_EQR_CARPDA(1.0),New passenger cars by type of motor energy,A,Annual,NR,Number,ELC_PET_PI,Plug-in hybrid petrol-electric  ,SK,Slovakia,2022,,1456,,i,value imputed by Eurostat or other receiving agencies,,
dataflow,ESTAT:ROAD_EQR_CARPDA(1.0),New passenger cars by type of motor energy,A,Annual,NR,Number,ELC_PET_PI,Plug-in hybrid petrol-electric  ,SK,Slovakia,2023,,2997,,i,value imputed by Eurostat or other receiving agencies,,
dataflow,ESTAT:ROAD_EQR_CARPDA(1.0),New passenger cars by type of motor energy,A,Annual,NR,Number,ELC_PET_PI,Plug-in hybrid petrol-electric  ,SK,Slovakia,2024,,2100,,i,value imputed by Eurostat or other receiving agencies,,
dataflow,ESTAT:ROAD_EQR_CARPDA(1.0),New passenger cars by type of motor energy,A,Annual,NR,Number,ELC_PET_PI,Plug-in hybrid petrol-electric  ,TR,Türkiye,2017,,0,,,,,
dataflow,ESTAT:ROAD_EQR_CARPDA(1.0),New passenger cars by type of motor energy,A,Annual,NR,Number,ELC_PET_PI,Plug-in hybrid petrol-electric  ,TR,Türkiye,2018,,0,,,,,
dataflow,ESTAT:ROAD_EQR_CARPDA(1.0),New passenger cars by type of motor energy,A,Annual,NR,Number,ELC_PET_PI,Plug-in hybrid petrol-electric  ,TR,Türkiye,2019,,0,,,,,
dataflow,ESTAT:ROAD_EQR_CARPDA(1.0),New passenger cars by type of motor energy,A,Annual,NR,Number,ELC_PET_PI,Plug-in hybrid petrol-electric  ,TR,Türkiye,2020,,0,,,,,
dataflow,ESTAT:ROAD_EQR_CARPDA(1.0),New passenger cars by type of motor energy,A,Annual,NR,Number,ELC_PET_PI,Plug-in hybrid petrol-electric  ,TR,Türkiye,2021,,0,,,,,
dataflow,ESTAT:ROAD_EQR_CARPDA(1.0),New passenger cars by type of motor energy,A,Annual,NR,Number,ELC_PET_PI,Plug-in hybrid petrol-electric  ,TR,Türkiye,2023,,0,,,,,
dataflow,ESTAT:ROAD_EQR_CARPDA(1.0),New passenger cars by type of motor energy,A,Annual,NR,Number,ELC_PET_PI,Plug-in hybrid petrol-electric  ,TR,Türkiye,2024,,0,,,,,
dataflow,ESTAT:ROAD_EQR_CARPDA(1.0),New passenger cars by type of motor energy,A,Annual,NR,Number,ELC_PET_PI,Plug-in hybrid petrol-electric  ,UK,United Kingdom,2017,,34225,,,,,
dataflow,ESTAT:ROAD_EQR_CARPDA(1.0),New passenger cars by type of motor energy,A,Annual,NR,Number,ELC_PET_PI,Plug-in hybrid petrol-electric  ,UK,United Kingdom,2018,,43647,,,,,
dataflow,ESTAT:ROAD_EQR_CARPDA(1.0),New passenger cars by type of motor energy,A,Annual,NR,Number,ELC_PET_PI,Plug-in hybrid petrol-electric  ,UK,United Kingdom,2021,,108651,,,,,
dataflow,ESTAT:ROAD_EQR_CARPDA(1.0),New passenger cars by type of motor energy,A,Annual,NR,Number,ELC_PET_PI,Plug-in hybrid petrol-electric  ,UK,United Kingdom,2022,,96942,,,,,
dataflow,ESTAT:ROAD_EQR_CARPDA(1.0),New passenger cars by type of motor energy,A,Annual,NR,Number,ELC_PET_PI,Plug-in hybrid petrol-electric  ,UK,United Kingdom,2023,,138346,,,,,
dataflow,ESTAT:ROAD_EQR_CARPDA(1.0),New passenger cars by type of motor energy,A,Annual,NR,Number,ELC_PET_PI,Plug-in hybrid petrol-electric  ,UK,United Kingdom,2024,,164928,,,,,
dataflow,ESTAT:ROAD_EQR_CARPDA(1.0),New passenger cars by type of motor energy,A,Annual,NR,Number,ELC_PET_PI,Plug-in hybrid petrol-electric  ,XK,Kosovo*,2018,,0,,,,,
dataflow,ESTAT:ROAD_EQR_CARPDA(1.0),New passenger cars by type of motor energy,A,Annual,NR,Number,ELC_PET_PI,Plug-in hybrid petrol-electric  ,XK,Kosovo*,2019,,0,,,,,
dataflow,ESTAT:ROAD_EQR_CARPDA(1.0),New passenger cars by type of motor energy,A,Annual,NR,Number,ELC_PET_PI,Plug-in hybrid petrol-electric  ,XK,Kosovo*,2021,,5,,,,,
dataflow,ESTAT:ROAD_EQR_CARPDA(1.0),New passenger cars by type of motor energy,A,Annual,NR,Number,PET,Petrol,AL,Albania,2019,,5860,,,,,
dataflow,ESTAT:ROAD_EQR_CARPDA(1.0),New passenger cars by type of motor energy,A,Annual,NR,Number,PET,Petrol,AL,Albania,2020,,10336,,,,,
dataflow,ESTAT:ROAD_EQR_CARPDA(1.0),New passenger cars by type of motor energy,A,Annual,NR,Number,PET,Petrol,AL,Albania,2021,,9591,,,,,
dataflow,ESTAT:ROAD_EQR_CARPDA(1.0),New passenger cars by type of motor energy,A,Annual,NR,Number,PET,Petrol,AL,Albania,2022,,8822,,,,,
dataflow,ESTAT:ROAD_EQR_CARPDA(1.0),New passenger cars by type of motor energy,A,Annual,NR,Number,PET,Petrol,AL,Albania,2023,,12476,,,,,
dataflow,ESTAT:ROAD_EQR_CARPDA(1.0),New passenger cars by type of motor energy,A,Annual,NR,Number,PET,Petrol,AL,Albania,2024,,15111,,,,,
dataflow,ESTAT:ROAD_EQR_CARPDA(1.0),New passenger cars by type of motor energy,A,Annual,NR,Number,PET,Petrol,AT,Austria,2015,,125656,,,,,
dataflow,ESTAT:ROAD_EQR_CARPDA(1.0),New passenger cars by type of motor energy,A,Annual,NR,Number,PET,Petrol,AT,Austria,2016,,136148,,,,,
dataflow,ESTAT:ROAD_EQR_CARPDA(1.0),New passenger cars by type of motor energy,A,Annual,NR,Number,PET,Petrol,AT,Austria,2017,,171862,,,,,
dataflow,ESTAT:ROAD_EQR_CARPDA(1.0),New passenger cars by type of motor energy,A,Annual,NR,Number,PET,Petrol,AT,Austria,2018,,192503,,,,,
dataflow,ESTAT:ROAD_EQR_CARPDA(1.0),New passenger cars by type of motor energy,A,Annual,NR,Number,PET,Petrol,AT,Austria,2019,,189054,,,,,
dataflow,ESTAT:ROAD_EQR_CARPDA(1.0),New passenger cars by type of motor energy,A,Annual,NR,Number,PET,Petrol,AT,Austria,2020,,133151,,,,,
dataflow,ESTAT:ROAD_EQR_CARPDA(1.0),New passenger cars by type of motor energy,A,Annual,NR,Number,PET,Petrol,AT,Austria,2021,,134529,,,,,
dataflow,ESTAT:ROAD_EQR_CARPDA(1.0),New passenger cars by type of motor energy,A,Annual,NR,Number,PET,Petrol,AT,Austria,2022,,119271,,,,,
dataflow,ESTAT:ROAD_EQR_CARPDA(1.0),New passenger cars by type of motor energy,A,Annual,NR,Number,PET,Petrol,AT,Austria,2023,,130321,,,,,
dataflow,ESTAT:ROAD_EQR_CARPDA(1.0),New passenger cars by type of motor energy,A,Annual,NR,Number,PET,Petrol,AT,Austria,2024,,150676,,,,,
dataflow,ESTAT:ROAD_EQR_CARPDA(1.0),New passenger cars by type of motor energy,A,Annual,NR,Number,PET,Petrol,BA,Bosnia and Herzegovina,2015,,1825,,,,,
dataflow,ESTAT:ROAD_EQR_CARPDA(1.0),New passenger cars by type of motor energy,A,Annual,NR,Number,PET,Petrol,BA,Bosnia and Herzegovina,2016,,2377,,,,,
dataflow,ESTAT:ROAD_EQR_CARPDA(1.0),New passenger cars by type of motor energy,A,Annual,NR,Number,PET,Petrol,BA,Bosnia and Herzegovina,2017,,2905,,,,,
dataflow,ESTAT:ROAD_EQR_CARPDA(1.0),New passenger cars by type of motor energy,A,Annual,NR,Number,PET,Petrol,BA,Bosnia and Herzegovina,2018,,3347,,,,,
dataflow,ESTAT:ROAD_EQR_CARPDA(1.0),New passenger cars by type of motor energy,A,Annual,NR,Number,PET,Petrol,BA,Bosnia and Herzegovina,2019,,3858,,,,,
dataflow,ESTAT:ROAD_EQR_CARPDA(1.0),New passenger cars by type of motor energy,A,Annual,NR,Number,PET,Petrol,BA,Bosnia and Herzegovina,2020,,2951,,,,,
dataflow,ESTAT:ROAD_EQR_CARPDA(1.0),New passenger cars by type of motor energy,A,Annual,NR,Number,PET,Petrol,BA,Bosnia and Herzegovina,2021,,3723,,,,,
dataflow,ESTAT:ROAD_EQR_CARPDA(1.0),New passenger cars by type of motor energy,A,Annual,NR,Number,PET,Petrol,BA,Bosnia and Herzegovina,2022,,4609,,,,,
dataflow,ESTAT:ROAD_EQR_CARPDA(1.0),New passenger cars by type of motor energy,A,Annual,NR,Number,PET,Petrol,BA,Bosnia and Herzegovina,2023,,5558,,,,,
dataflow,ESTAT:ROAD_EQR_CARPDA(1.0),New passenger cars by type of motor energy,A,Annual,NR,Number,PET,Petrol,BA,Bosnia and Herzegovina,2024,,5658,,,,,
dataflow,ESTAT:ROAD_EQR_CARPDA(1.0),New passenger cars by type of motor energy,A,Annual,NR,Number,PET,Petrol,BE,Belgium,2015,,198299,,,,,
dataflow,ESTAT:ROAD_EQR_CARPDA(1.0),New passenger cars by type of motor energy,A,Annual,NR,Number,PET,Petrol,BE,Belgium,2016,,256076,,,,,
dataflow,ESTAT:ROAD_EQR_CARPDA(1.0),New passenger cars by type of motor energy,A,Annual,NR,Number,PET,Petrol,BE,Belgium,2017,,288484,,,,,
dataflow,ESTAT:ROAD_EQR_CARPDA(1.0),New passenger cars by type of motor energy,A,Annual,NR,Number,PET,Petrol,BE,Belgium,2018,,347284,,,,,
dataflow,ESTAT:ROAD_EQR_CARPDA(1.0),New passenger cars by type of motor energy,A,Annual,NR,Number,PET,Petrol,BE,Belgium,2019,,365729,,,,,
dataflow,ESTAT:ROAD_EQR_CARPDA(1.0),New passenger cars by type of motor energy,A,Annual,NR,Number,PET,Petrol,BE,Belgium,2020,,268148,,,,,
dataflow,ESTAT:ROAD_EQR_CARPDA(1.0),New passenger cars by type of motor energy,A,Annual,NR,Number,PET,Petrol,BE,Belgium,2021,,262988,,,,,
dataflow,ESTAT:ROAD_EQR_CARPDA(1.0),New passenger cars by type of motor energy,A,Annual,NR,Number,PET,Petrol,BE,Belgium,2022,,263382,,,,,
dataflow,ESTAT:ROAD_EQR_CARPDA(1.0),New passenger cars by type of motor energy,A,Annual,NR,Number,PET,Petrol,BE,Belgium,2023,,336741,,i,value imputed by Eurostat or other receiving agencies,,
dataflow,ESTAT:ROAD_EQR_CARPDA(1.0),New passenger cars by type of motor energy,A,Annual,NR,Number,PET,Petrol,BE,Belgium,2024,,294584,,i,value imputed by Eurostat or other receiving agencies,,
dataflow,ESTAT:ROAD_EQR_CARPDA(1.0),New passenger cars by type of motor energy,A,Annual,NR,Number,PET,Petrol,BG,Bulgaria,2020,,17491,,i,value imputed by Eurostat or other receiving agencies,,
dataflow,ESTAT:ROAD_EQR_CARPDA(1.0),New passenger cars by type of motor energy,A,Annual,NR,Number,PET,Petrol,BG,Bulgaria,2021,,21519,,i,value imputed by Eurostat or other receiving agencies,,
dataflow,ESTAT:ROAD_EQR_CARPDA(1.0),New passenger cars by type of motor energy,A,Annual,NR,Number,PET,Petrol,BG,Bulgaria,2022,,22196,,i,value imputed by Eurostat or other receiving agencies,,
dataflow,ESTAT:ROAD_EQR_CARPDA(1.0),New passenger cars by type of motor energy,A,Annual,NR,Number,PET,Petrol,BG,Bulgaria,2023,,29661,,i,value imputed by Eurostat or other receiving agencies,,
dataflow,ESTAT:ROAD_EQR_CARPDA(1.0),New passenger cars by type of motor energy,A,Annual,NR,Number,PET,Petrol,BG,Bulgaria,2024,,34027,,,,,
dataflow,ESTAT:ROAD_EQR_CARPDA(1.0),New passenger cars by type of motor energy,A,Annual,NR,Number,PET,Petrol,CH,Switzerland,2015,,193203,,,,,
dataflow,ESTAT:ROAD_EQR_CARPDA(1.0),New passenger cars by type of motor energy,A,Annual,NR,Number,PET,Petrol,CH,Switzerland,2016,,188679,,,,,
dataflow,ESTAT:ROAD_EQR_CARPDA(1.0),New passenger cars by type of motor energy,A,Annual,NR,Number,PET,Petrol,CH,Switzerland,2017,,195261,,,,,
dataflow,ESTAT:ROAD_EQR_CARPDA(1.0),New passenger cars by type of motor energy,A,Annual,NR,Number,PET,Petrol,CH,Switzerland,2018,,202879,,,,,
dataflow,ESTAT:ROAD_EQR_CARPDA(1.0),New passenger cars by type of motor energy,A,Annual,NR,Number,PET,Petrol,CH,Switzerland,2019,,214640,,,,,
dataflow,ESTAT:ROAD_EQR_CARPDA(1.0),New passenger cars by type of motor energy,A,Annual,NR,Number,PET,Petrol,CH,Switzerland,2020,,160657,,,,,
dataflow,ESTAT:ROAD_EQR_CARPDA(1.0),New passenger cars by type of motor energy,A,Annual,NR,Number,PET,Petrol,CH,Switzerland,2021,,166837,,,,,
dataflow,ESTAT:ROAD_EQR_CARPDA(1.0),New passenger cars by type of motor energy,A,Annual,NR,Number,PET,Petrol,CH,Switzerland,2022,,150952,,,,,
dataflow,ESTAT:ROAD_EQR_CARPDA(1.0),New passenger cars by type of motor energy,A,Annual,NR,Number,PET,Petrol,CH,Switzerland,2023,,165982,,,,,
dataflow,ESTAT:ROAD_EQR_CARPDA(1.0),New passenger cars by type of motor energy,A,Annual,NR,Number,PET,Petrol,CH,Switzerland,2024,,162693,,,,,
dataflow,ESTAT:ROAD_EQR_CARPDA(1.0),New passenger cars by type of motor energy,A,Annual,NR,Number,PET,Petrol,CY,Cyprus,2015,,5917,,,,,
dataflow,ESTAT:ROAD_EQR_CARPDA(1.0),New passenger cars by type of motor energy,A,Annual,NR,Number,PET,Petrol,CY,Cyprus,2016,,7134,,,,,
dataflow,ESTAT:ROAD_EQR_CARPDA(1.0),New passenger cars by type of motor energy,A,Annual,NR,Number,PET,Petrol,CY,Cyprus,2017,,7650,,,,,
dataflow,ESTAT:ROAD_EQR_CARPDA(1.0),New passenger cars by type of motor energy,A,Annual,NR,Number,PET,Petrol,CY,Cyprus,2018,,7857,,,,,
dataflow,ESTAT:ROAD_EQR_CARPDA(1.0),New passenger cars by type of motor energy,A,Annual,NR,Number,PET,Petrol,CY,Cyprus,2019,,8011,,,,,
dataflow,ESTAT:ROAD_EQR_CARPDA(1.0),New passenger cars by type of motor energy,A,Annual,NR,Number,PET,Petrol,CY,Cyprus,2020,,7130,,,,,
dataflow,ESTAT:ROAD_EQR_CARPDA(1.0),New passenger cars by type of motor energy,A,Annual,NR,Number,PET,Petrol,CY,Cyprus,2021,,9071,,,,,
dataflow,ESTAT:ROAD_EQR_CARPDA(1.0),New passenger cars by type of motor energy,A,Annual,NR,Number,PET,Petrol,CY,Cyprus,2022,,10633,,,,,
dataflow,ESTAT:ROAD_EQR_CARPDA(1.0),New passenger cars by type of motor energy,A,Annual,NR,Number,PET,Petrol,CY,Cyprus,2023,,12940,,,,,
dataflow,ESTAT:ROAD_EQR_CARPDA(1.0),New passenger cars by type of motor energy,A,Annual,NR,Number,PET,Petrol,CY,Cyprus,2024,,13032,,,,,
dataflow,ESTAT:ROAD_EQR_CARPDA(1.0),New passenger cars by type of motor energy,A,Annual,NR,Number,PET,Petrol,CZ,Czechia,2020,,137334,,i,value imputed by Eurostat or other receiving agencies,,
dataflow,ESTAT:ROAD_EQR_CARPDA(1.0),New passenger cars by type of motor energy,A,Annual,NR,Number,PET,Petrol,CZ,Czechia,2021,,141738,,,,,
dataflow,ESTAT:ROAD_EQR_CARPDA(1.0),New passenger cars by type of motor energy,A,Annual,NR,Number,PET,Petrol,CZ,Czechia,2022,,122954,,,,,
dataflow,ESTAT:ROAD_EQR_CARPDA(1.0),New passenger cars by type of motor energy,A,Annual,NR,Number,PET,Petrol,CZ,Czechia,2023,,147244,,,,,
dataflow,ESTAT:ROAD_EQR_CARPDA(1.0),New passenger cars by type of motor energy,A,Annual,NR,Number,PET,Petrol,CZ,Czechia,2024,,146875,,,,,
dataflow,ESTAT:ROAD_EQR_CARPDA(1.0),New passenger cars by type of motor energy,A,Annual,NR,Number,PET,Petrol,DE,Germany,2015,,1611389,,,,,
dataflow,ESTAT:ROAD_EQR_CARPDA(1.0),New passenger cars by type of motor energy,A,Annual,NR,Number,PET,Petrol,DE,Germany,2016,,1746291,,,,,
dataflow,ESTAT:ROAD_EQR_CARPDA(1.0),New passenger cars by type of motor energy,A,Annual,NR,Number,PET,Petrol,DE,Germany,2017,,2068741,,,,,
dataflow,ESTAT:ROAD_EQR_CARPDA(1.0),New passenger cars by type of motor energy,A,Annual,NR,Number,PET,Petrol,DE,Germany,2018,,2255042,,,,,
dataflow,ESTAT:ROAD_EQR_CARPDA(1.0),New passenger cars by type of motor energy,A,Annual,NR,Number,PET,Petrol,DE,Germany,2019,,2298504,,,,,
dataflow,ESTAT:ROAD_EQR_CARPDA(1.0),New passenger cars by type of motor energy,A,Annual,NR,Number,PET,Petrol,DE,Germany,2020,,1760071,,,,,
dataflow,ESTAT:ROAD_EQR_CARPDA(1.0),New passenger cars by type of motor energy,A,Annual,NR,Number,PET,Petrol,DE,Germany,2021,,1560342,,,,,
dataflow,ESTAT:ROAD_EQR_CARPDA(1.0),New passenger cars by type of motor energy,A,Annual,NR,Number,PET,Petrol,DE,Germany,2022,,1520618,,,,,
dataflow,ESTAT:ROAD_EQR_CARPDA(1.0),New passenger cars by type of motor energy,A,Annual,NR,Number,PET,Petrol,DE,Germany,2023,,1601700,,,,,
dataflow,ESTAT:ROAD_EQR_CARPDA(1.0),New passenger cars by type of motor energy,A,Annual,NR,Number,PET,Petrol,DE,Germany,2024,,1738089,,,,,
dataflow,ESTAT:ROAD_EQR_CARPDA(1.0),New passenger cars by type of motor energy,A,Annual,NR,Number,PET,Petrol,DK,Denmark,2015,,138104,,,,,
dataflow,ESTAT:ROAD_EQR_CARPDA(1.0),New passenger cars by type of motor energy,A,Annual,NR,Number,PET,Petrol,DK,Denmark,2016,,140938,,,,,
dataflow,ESTAT:ROAD_EQR_CARPDA(1.0),New passenger cars by type of motor energy,A,Annual,NR,Number,PET,Petrol,DK,Denmark,2017,,143227,,,,,
dataflow,ESTAT:ROAD_EQR_CARPDA(1.0),New passenger cars by type of motor energy,A,Annual,NR,Number,PET,Petrol,DK,Denmark,2018,,144443,,,,,
dataflow,ESTAT:ROAD_EQR_CARPDA(1.0),New passenger cars by type of motor energy,A,Annual,NR,Number,PET,Petrol,DK,Denmark,2019,,159630,,,,,
dataflow,ESTAT:ROAD_EQR_CARPDA(1.0),New passenger cars by type of motor energy,A,Annual,NR,Number,PET,Petrol,DK,Denmark,2020,,138421,,b,break in time series,,
dataflow,ESTAT:ROAD_EQR_CARPDA(1.0),New passenger cars by type of motor energy,A,Annual,NR,Number,PET,Petrol,DK,Denmark,2021,,134993,,,,,
dataflow,ESTAT:ROAD_EQR_CARPDA(1.0),New passenger cars by type of motor energy,A,Annual,NR,Number,PET,Petrol,DK,Denmark,2022,,101039,,,,,
dataflow,ESTAT:ROAD_EQR_CARPDA(1.0),New passenger cars by type of motor energy,A,Annual,NR,Number,PET,Petrol,DK,Denmark,2023,,95539,,,,,
dataflow,ESTAT:ROAD_EQR_CARPDA(1.0),New passenger cars by type of motor energy,A,Annual,NR,Number,PET,Petrol,DK,Denmark,2024,,72095,,,,,
dataflow,ESTAT:ROAD_EQR_CARPDA(1.0),New passenger cars by type of motor energy,A,Annual,NR,Number,PET,Petrol,EE,Estonia,2015,,14069,,,,,
dataflow,ESTAT:ROAD_EQR_CARPDA(1.0),New passenger cars by type of motor energy,A,Annual,NR,Number,PET,Petrol,EE,Estonia,2016,,16592,,,,,
dataflow,ESTAT:ROAD_EQR_CARPDA(1.0),New passenger cars by type of motor energy,A,Annual,NR,Number,PET,Petrol,EE,Estonia,2017,,19177,,,,,
dataflow,ESTAT:ROAD_EQR_CARPDA(1.0),New passenger cars by type of motor energy,A,Annual,NR,Number,PET,Petrol,EE,Estonia,2018,,19686,,,,,
dataflow,ESTAT:ROAD_EQR_CARPDA(1.0),New passenger cars by type of motor energy,A,Annual,NR,Number,PET,Petrol,EE,Estonia,2019,,20510,,,,,
dataflow,ESTAT:ROAD_EQR_CARPDA(1.0),New passenger cars by type of motor energy,A,Annual,NR,Number,PET,Petrol,EE,Estonia,2020,,13164,,,,,
dataflow,ESTAT:ROAD_EQR_CARPDA(1.0),New passenger cars by type of motor energy,A,Annual,NR,Number,PET,Petrol,EE,Estonia,2021,,16415,,,,,
dataflow,ESTAT:ROAD_EQR_CARPDA(1.0),New passenger cars by type of motor energy,A,Annual,NR,Number,PET,Petrol,EE,Estonia,2022,,15324,,,,,
dataflow,ESTAT:ROAD_EQR_CARPDA(1.0),New passenger cars by type of motor energy,A,Annual,NR,Number,PET,Petrol,EE,Estonia,2023,,17357,,,,,
dataflow,ESTAT:ROAD_EQR_CARPDA(1.0),New passenger cars by type of motor energy,A,Annual,NR,Number,PET,Petrol,EE,Estonia,2024,,18397,,,,,
dataflow,ESTAT:ROAD_EQR_CARPDA(1.0),New passenger cars by type of motor energy,A,Annual,NR,Number,PET,Petrol,EL,Greece,2021,,75989,,e,estimated,,
dataflow,ESTAT:ROAD_EQR_CARPDA(1.0),New passenger cars by type of motor energy,A,Annual,NR,Number,PET,Petrol,EL,Greece,2022,,80081,,,,,
dataflow,ESTAT:ROAD_EQR_CARPDA(1.0),New passenger cars by type of motor energy,A,Annual,NR,Number,PET,Petrol,EL,Greece,2023,,104526,,,,,
dataflow,ESTAT:ROAD_EQR_CARPDA(1.0),New passenger cars by type of motor energy,A,Annual,NR,Number,PET,Petrol,EL,Greece,2024,,113230,,,,,
dataflow,ESTAT:ROAD_EQR_CARPDA(1.0),New passenger cars by type of motor energy,A,Annual,NR,Number,PET,Petrol,ES,Spain,2015,,383904,,,,,
dataflow,ESTAT:ROAD_EQR_CARPDA(1.0),New passenger cars by type of motor energy,A,Annual,NR,Number,PET,Petrol,ES,Spain,2016,,496893,,,,,
dataflow,ESTAT:ROAD_EQR_CARPDA(1.0),New passenger cars by type of motor energy,A,Annual,NR,Number,PET,Petrol,ES,Spain,2017,,636041,,,,,
dataflow,ESTAT:ROAD_EQR_CARPDA(1.0),New passenger cars by type of motor energy,A,Annual,NR,Number,PET,Petrol,ES,Spain,2018,,831810,,,,,
dataflow,ESTAT:ROAD_EQR_CARPDA(1.0),New passenger cars by type of motor energy,A,Annual,NR,Number,PET,Petrol,ES,Spain,2019,,874489,,,,,
dataflow,ESTAT:ROAD_EQR_CARPDA(1.0),New passenger cars by type of motor energy,A,Annual,NR,Number,PET,Petrol,ES,Spain,2020,,561541,,,,,
dataflow,ESTAT:ROAD_EQR_CARPDA(1.0),New passenger cars by type of motor energy,A,Annual,NR,Number,PET,Petrol,ES,Spain,2021,,613097,,,,,
dataflow,ESTAT:ROAD_EQR_CARPDA(1.0),New passenger cars by type of motor energy,A,Annual,NR,Number,PET,Petrol,ES,Spain,2022,,598239,,,,,
dataflow,ESTAT:ROAD_EQR_CARPDA(1.0),New passenger cars by type of motor energy,A,Annual,NR,Number,PET,Petrol,ES,Spain,2023,,714633,,,,,
dataflow,ESTAT:ROAD_EQR_CARPDA(1.0),New passenger cars by type of motor energy,A,Annual,NR,Number,PET,Petrol,ES,Spain,2024,,788727,,,,,
dataflow,ESTAT:ROAD_EQR_CARPDA(1.0),New passenger cars by type of motor energy,A,Annual,NR,Number,PET,Petrol,EU27_2020,European Union - 27 countries (from 2020),2021,,6328815,,,,,
dataflow,ESTAT:ROAD_EQR_CARPDA(1.0),New passenger cars by type of motor energy,A,Annual,NR,Number,PET,Petrol,EU27_2020,European Union - 27 countries (from 2020),2022,,6014361,,,,,
dataflow,ESTAT:ROAD_EQR_CARPDA(1.0),New passenger cars by type of motor energy,A,Annual,NR,Number,PET,Petrol,EU27_2020,European Union - 27 countries (from 2020),2023,,6834609,,,,,
dataflow,ESTAT:ROAD_EQR_CARPDA(1.0),New passenger cars by type of motor energy,A,Annual,NR,Number,PET,Petrol,EU27_2020,European Union - 27 countries (from 2020),2024,,7161137,,,,,
dataflow,ESTAT:ROAD_EQR_CARPDA(1.0),New passenger cars by type of motor energy,A,Annual,NR,Number,PET,Petrol,FI,Finland,2015,,69469,,,,,
dataflow,ESTAT:ROAD_EQR_CARPDA(1.0),New passenger cars by type of motor energy,A,Annual,NR,Number,PET,Petrol,FI,Finland,2016,,79042,,,,,
dataflow,ESTAT:ROAD_EQR_CARPDA(1.0),New passenger cars by type of motor energy,A,Annual,NR,Number,PET,Petrol,FI,Finland,2017,,81435,,,,,
dataflow,ESTAT:ROAD_EQR_CARPDA(1.0),New passenger cars by type of motor energy,A,Annual,NR,Number,PET,Petrol,FI,Finland,2018,,89497,,,,,
dataflow,ESTAT:ROAD_EQR_CARPDA(1.0),New passenger cars by type of motor energy,A,Annual,NR,Number,PET,Petrol,FI,Finland,2019,,88141,,,,,
dataflow,ESTAT:ROAD_EQR_CARPDA(1.0),New passenger cars by type of motor energy,A,Annual,NR,Number,PET,Petrol,FI,Finland,2020,,75765,,,,,
dataflow,ESTAT:ROAD_EQR_CARPDA(1.0),New passenger cars by type of motor energy,A,Annual,NR,Number,PET,Petrol,FI,Finland,2021,,76158,,,,,
dataflow,ESTAT:ROAD_EQR_CARPDA(1.0),New passenger cars by type of motor energy,A,Annual,NR,Number,PET,Petrol,FI,Finland,2022,,59099,,,,,
dataflow,ESTAT:ROAD_EQR_CARPDA(1.0),New passenger cars by type of motor energy,A,Annual,NR,Number,PET,Petrol,FI,Finland,2023,,52225,,,,,
dataflow,ESTAT:ROAD_EQR_CARPDA(1.0),New passenger cars by type of motor energy,A,Annual,NR,Number,PET,Petrol,FI,Finland,2024,,48039,,,,,
dataflow,ESTAT:ROAD_EQR_CARPDA(1.0),New passenger cars by type of motor energy,A,Annual,NR,Number,PET,Petrol,FR,France,2015,,777645,,,,,
dataflow,ESTAT:ROAD_EQR_CARPDA(1.0),New passenger cars by type of motor energy,A,Annual,NR,Number,PET,Petrol,FR,France,2016,,928357,,,,,
dataflow,ESTAT:ROAD_EQR_CARPDA(1.0),New passenger cars by type of motor energy,A,Annual,NR,Number,PET,Petrol,FR,France,2017,,1116655,,,,,
dataflow,ESTAT:ROAD_EQR_CARPDA(1.0),New passenger cars by type of motor energy,A,Annual,NR,Number,PET,Petrol,FR,France,2018,,1329928,,,,,
dataflow,ESTAT:ROAD_EQR_CARPDA(1.0),New passenger cars by type of motor energy,A,Annual,NR,Number,PET,Petrol,FR,France,2019,,1438898,,,,,
dataflow,ESTAT:ROAD_EQR_CARPDA(1.0),New passenger cars by type of motor energy,A,Annual,NR,Number,PET,Petrol,FR,France,2020,,1025021,,,,,
dataflow,ESTAT:ROAD_EQR_CARPDA(1.0),New passenger cars by type of motor energy,A,Annual,NR,Number,PET,Petrol,FR,France,2021,,1097422,,,,,
dataflow,ESTAT:ROAD_EQR_CARPDA(1.0),New passenger cars by type of motor energy,A,Annual,NR,Number,PET,Petrol,FR,France,2022,,1049065,,,,,
dataflow,ESTAT:ROAD_EQR_CARPDA(1.0),New passenger cars by type of motor energy,A,Annual,NR,Number,PET,Petrol,FR,France,2023,,1251289,,i,value imputed by Eurostat or other receiving agencies,,
dataflow,ESTAT:ROAD_EQR_CARPDA(1.0),New passenger cars by type of motor energy,A,Annual,NR,Number,PET,Petrol,FR,France,2024,,1256157,,,,,
dataflow,ESTAT:ROAD_EQR_CARPDA(1.0),New passenger cars by type of motor energy,A,Annual,NR,Number,PET,Petrol,GE,Georgia,2017,,1968,,,,,
dataflow,ESTAT:ROAD_EQR_CARPDA(1.0),New passenger cars by type of motor energy,A,Annual,NR,Number,PET,Petrol,GE,Georgia,2018,,2168,,,,,
dataflow,ESTAT:ROAD_EQR_CARPDA(1.0),New passenger cars by type of motor energy,A,Annual,NR,Number,PET,Petrol,GE,Georgia,2019,,2698,,,,,
dataflow,ESTAT:ROAD_EQR_CARPDA(1.0),New passenger cars by type of motor energy,A,Annual,NR,Number,PET,Petrol,GE,Georgia,2020,,1379,,,,,
dataflow,ESTAT:ROAD_EQR_CARPDA(1.0),New passenger cars by type of motor energy,A,Annual,NR,Number,PET,Petrol,GE,Georgia,2021,,2149,,,,,
dataflow,ESTAT:ROAD_EQR_CARPDA(1.0),New passenger cars by type of motor energy,A,Annual,NR,Number,PET,Petrol,GE,Georgia,2022,,3453,,,,,
dataflow,ESTAT:ROAD_EQR_CARPDA(1.0),New passenger cars by type of motor energy,A,Annual,NR,Number,PET,Petrol,GE,Georgia,2023,,4663,,,,,
dataflow,ESTAT:ROAD_EQR_CARPDA(1.0),New passenger cars by type of motor energy,A,Annual,NR,Number,PET,Petrol,GE,Georgia,2024,,5440,,,,,
dataflow,ESTAT:ROAD_EQR_CARPDA(1.0),New passenger cars by type of motor energy,A,Annual,NR,Number,PET,Petrol,HR,Croatia,2020,,22126,,i,value imputed by Eurostat or other receiving agencies,,
dataflow,ESTAT:ROAD_EQR_CARPDA(1.0),New passenger cars by type of motor energy,A,Annual,NR,Number,PET,Petrol,HR,Croatia,2021,,23426,,,,,
dataflow,ESTAT:ROAD_EQR_CARPDA(1.0),New passenger cars by type of motor energy,A,Annual,NR,Number,PET,Petrol,HR,Croatia,2022,,26618,,,,,
dataflow,ESTAT:ROAD_EQR_CARPDA(1.0),New passenger cars by type of motor energy,A,Annual,NR,Number,PET,Petrol,HR,Croatia,2023,,32234,,,,,
dataflow,ESTAT:ROAD_EQR_CARPDA(1.0),New passenger cars by type of motor energy,A,Annual,NR,Number,PET,Petrol,HR,Croatia,2024,,35439,,,,,
dataflow,ESTAT:ROAD_EQR_CARPDA(1.0),New passenger cars by type of motor energy,A,Annual,NR,Number,PET,Petrol,HU,Hungary,2015,,44873,,,,,
dataflow,ESTAT:ROAD_EQR_CARPDA(1.0),New passenger cars by type of motor energy,A,Annual,NR,Number,PET,Petrol,HU,Hungary,2016,,61753,,,,,
dataflow,ESTAT:ROAD_EQR_CARPDA(1.0),New passenger cars by type of motor energy,A,Annual,NR,Number,PET,Petrol,HU,Hungary,2017,,78458,,,,,
dataflow,ESTAT:ROAD_EQR_CARPDA(1.0),New passenger cars by type of motor energy,A,Annual,NR,Number,PET,Petrol,HU,Hungary,2018,,102718,,,,,
dataflow,ESTAT:ROAD_EQR_CARPDA(1.0),New passenger cars by type of motor energy,A,Annual,NR,Number,PET,Petrol,HU,Hungary,2019,,123906,,,,,
dataflow,ESTAT:ROAD_EQR_CARPDA(1.0),New passenger cars by type of motor energy,A,Annual,NR,Number,PET,Petrol,HU,Hungary,2020,,93177,,,,,
dataflow,ESTAT:ROAD_EQR_CARPDA(1.0),New passenger cars by type of motor energy,A,Annual,NR,Number,PET,Petrol,HU,Hungary,2021,,89975,,,,,
dataflow,ESTAT:ROAD_EQR_CARPDA(1.0),New passenger cars by type of motor energy,A,Annual,NR,Number,PET,Petrol,HU,Hungary,2022,,85461,,,,,
dataflow,ESTAT:ROAD_EQR_CARPDA(1.0),New passenger cars by type of motor energy,A,Annual,NR,Number,PET,Petrol,HU,Hungary,2023,,81654,,,,,
dataflow,ESTAT:ROAD_EQR_CARPDA(1.0),New passenger cars by type of motor energy,A,Annual,NR,Number,PET,Petrol,HU,Hungary,2024,,92220,,,,,
dataflow,ESTAT:ROAD_EQR_CARPDA(1.0),New passenger cars by type of motor energy,A,Annual,NR,Number,PET,Petrol,IE,Ireland,2015,,35311,,,,,
dataflow,ESTAT:ROAD_EQR_CARPDA(1.0),New passenger cars by type of motor energy,A,Annual,NR,Number,PET,Petrol,IE,Ireland,2016,,41160,,,,,
dataflow,ESTAT:ROAD_EQR_CARPDA(1.0),New passenger cars by type of motor energy,A,Annual,NR,Number,PET,Petrol,IE,Ireland,2017,,45304,,,,,
dataflow,ESTAT:ROAD_EQR_CARPDA(1.0),New passenger cars by type of motor energy,A,Annual,NR,Number,PET,Petrol,IE,Ireland,2018,,56554,,,,,
dataflow,ESTAT:ROAD_EQR_CARPDA(1.0),New passenger cars by type of motor energy,A,Annual,NR,Number,PET,Petrol,IE,Ireland,2019,,62554,,,,,
dataflow,ESTAT:ROAD_EQR_CARPDA(1.0),New passenger cars by type of motor energy,A,Annual,NR,Number,PET,Petrol,IE,Ireland,2020,,46630,,,,,
dataflow,ESTAT:ROAD_EQR_CARPDA(1.0),New passenger cars by type of motor energy,A,Annual,NR,Number,PET,Petrol,IE,Ireland,2021,,58808,,,,,
dataflow,ESTAT:ROAD_EQR_CARPDA(1.0),New passenger cars by type of motor energy,A,Annual,NR,Number,PET,Petrol,IE,Ireland,2022,,59687,,,,,
dataflow,ESTAT:ROAD_EQR_CARPDA(1.0),New passenger cars by type of motor energy,A,Annual,NR,Number,PET,Petrol,IE,Ireland,2023,,70094,,,,,
dataflow,ESTAT:ROAD_EQR_CARPDA(1.0),New passenger cars by type of motor energy,A,Annual,NR,Number,PET,Petrol,IE,Ireland,2024,,75137,,,,,
dataflow,ESTAT:ROAD_EQR_CARPDA(1.0),New passenger cars by type of motor energy,A,Annual,NR,Number,PET,Petrol,IS,Iceland,2017,,13645,,,,,
dataflow,ESTAT:ROAD_EQR_CARPDA(1.0),New passenger cars by type of motor energy,A,Annual,NR,Number,PET,Petrol,IS,Iceland,2018,,12061,,,,,
dataflow,ESTAT:ROAD_EQR_CARPDA(1.0),New passenger cars by type of motor energy,A,Annual,NR,Number,PET,Petrol,IS,Iceland,2019,,8233,,,,,
dataflow,ESTAT:ROAD_EQR_CARPDA(1.0),New passenger cars by type of motor energy,A,Annual,NR,Number,PET,Petrol,IS,Iceland,2020,,5706,,,,,
dataflow,ESTAT:ROAD_EQR_CARPDA(1.0),New passenger cars by type of motor energy,A,Annual,NR,Number,PET,Petrol,IS,Iceland,2021,,8949,,,,,
dataflow,ESTAT:ROAD_EQR_CARPDA(1.0),New passenger cars by type of motor energy,A,Annual,NR,Number,PET,Petrol,IS,Iceland,2022,,8002,,i,value imputed by Eurostat or other receiving agencies,,
dataflow,ESTAT:ROAD_EQR_CARPDA(1.0),New passenger cars by type of motor energy,A,Annual,NR,Number,PET,Petrol,IS,Iceland,2023,,5727,,i,value imputed by Eurostat or other receiving agencies,,
dataflow,ESTAT:ROAD_EQR_CARPDA(1.0),New passenger cars by type of motor energy,A,Annual,NR,Number,PET,Petrol,IS,Iceland,2024,,4819,,i,value imputed by Eurostat or other receiving agencies,,
dataflow,ESTAT:ROAD_EQR_CARPDA(1.0),New passenger cars by type of motor energy,A,Annual,NR,Number,PET,Petrol,IT,Italy,2015,,521450,,,,,
dataflow,ESTAT:ROAD_EQR_CARPDA(1.0),New passenger cars by type of motor energy,A,Annual,NR,Number,PET,Petrol,IT,Italy,2016,,643165,,,,,
dataflow,ESTAT:ROAD_EQR_CARPDA(1.0),New passenger cars by type of motor energy,A,Annual,NR,Number,PET,Petrol,IT,Italy,2017,,700072,,,,,
dataflow,ESTAT:ROAD_EQR_CARPDA(1.0),New passenger cars by type of motor energy,A,Annual,NR,Number,PET,Petrol,IT,Italy,2018,,774685,,,,,
dataflow,ESTAT:ROAD_EQR_CARPDA(1.0),New passenger cars by type of motor energy,A,Annual,NR,Number,PET,Petrol,IT,Italy,2019,,969245,,,,,
dataflow,ESTAT:ROAD_EQR_CARPDA(1.0),New passenger cars by type of motor energy,A,Annual,NR,Number,PET,Petrol,IT,Italy,2020,,773479,,,,,
dataflow,ESTAT:ROAD_EQR_CARPDA(1.0),New passenger cars by type of motor energy,A,Annual,NR,Number,PET,Petrol,IT,Italy,2021,,906634,,,,,
dataflow,ESTAT:ROAD_EQR_CARPDA(1.0),New passenger cars by type of motor energy,A,Annual,NR,Number,PET,Petrol,IT,Italy,2022,,833735,,,,,
dataflow,ESTAT:ROAD_EQR_CARPDA(1.0),New passenger cars by type of motor energy,A,Annual,NR,Number,PET,Petrol,IT,Italy,2023,,1014551,,,,,
dataflow,ESTAT:ROAD_EQR_CARPDA(1.0),New passenger cars by type of motor energy,A,Annual,NR,Number,PET,Petrol,IT,Italy,2024,,1067243,,,,,
dataflow,ESTAT:ROAD_EQR_CARPDA(1.0),New passenger cars by type of motor energy,A,Annual,NR,Number,PET,Petrol,LI,Liechtenstein,2015,,1072,,,,,
dataflow,ESTAT:ROAD_EQR_CARPDA(1.0),New passenger cars by type of motor energy,A,Annual,NR,Number,PET,Petrol,LI,Liechtenstein,2016,,951,,,,,
dataflow,ESTAT:ROAD_EQR_CARPDA(1.0),New passenger cars by type of motor energy,A,Annual,NR,Number,PET,Petrol,LI,Liechtenstein,2017,,1116,,,,,
dataflow,ESTAT:ROAD_EQR_CARPDA(1.0),New passenger cars by type of motor energy,A,Annual,NR,Number,PET,Petrol,LI,Liechtenstein,2018,,1152,,,,,
dataflow,ESTAT:ROAD_EQR_CARPDA(1.0),New passenger cars by type of motor energy,A,Annual,NR,Number,PET,Petrol,LI,Liechtenstein,2019,,1186,,,,,
dataflow,ESTAT:ROAD_EQR_CARPDA(1.0),New passenger cars by type of motor energy,A,Annual,NR,Number,PET,Petrol,LI,Liechtenstein,2020,,922,,,,,
dataflow,ESTAT:ROAD_EQR_CARPDA(1.0),New passenger cars by type of motor energy,A,Annual,NR,Number,PET,Petrol,LI,Liechtenstein,2021,,977,,,,,
dataflow,ESTAT:ROAD_EQR_CARPDA(1.0),New passenger cars by type of motor energy,A,Annual,NR,Number,PET,Petrol,LI,Liechtenstein,2022,,890,,,,,
dataflow,ESTAT:ROAD_EQR_CARPDA(1.0),New passenger cars by type of motor energy,A,Annual,NR,Number,PET,Petrol,LI,Liechtenstein,2023,,958,,,,,
dataflow,ESTAT:ROAD_EQR_CARPDA(1.0),New passenger cars by type of motor energy,A,Annual,NR,Number,PET,Petrol,LI,Liechtenstein,2024,,900,,,,,
dataflow,ESTAT:ROAD_EQR_CARPDA(1.0),New passenger cars by type of motor energy,A,Annual,NR,Number,PET,Petrol,LT,Lithuania,2015,,6002,,,,,
dataflow,ESTAT:ROAD_EQR_CARPDA(1.0),New passenger cars by type of motor energy,A,Annual,NR,Number,PET,Petrol,LT,Lithuania,2016,,8734,,,,,
dataflow,ESTAT:ROAD_EQR_CARPDA(1.0),New passenger cars by type of motor energy,A,Annual,NR,Number,PET,Petrol,LT,Lithuania,2017,,11162,,,,,
dataflow,ESTAT:ROAD_EQR_CARPDA(1.0),New passenger cars by type of motor energy,A,Annual,NR,Number,PET,Petrol,LT,Lithuania,2018,,14224,,,,,
dataflow,ESTAT:ROAD_EQR_CARPDA(1.0),New passenger cars by type of motor energy,A,Annual,NR,Number,PET,Petrol,LT,Lithuania,2019,,17917,,,,,
dataflow,ESTAT:ROAD_EQR_CARPDA(1.0),New passenger cars by type of motor energy,A,Annual,NR,Number,PET,Petrol,LT,Lithuania,2020,,32922,,,,,
dataflow,ESTAT:ROAD_EQR_CARPDA(1.0),New passenger cars by type of motor energy,A,Annual,NR,Number,PET,Petrol,LT,Lithuania,2021,,21892,,,,,
dataflow,ESTAT:ROAD_EQR_CARPDA(1.0),New passenger cars by type of motor energy,A,Annual,NR,Number,PET,Petrol,LT,Lithuania,2022,,19072,,,,,
dataflow,ESTAT:ROAD_EQR_CARPDA(1.0),New passenger cars by type of motor energy,A,Annual,NR,Number,PET,Petrol,LT,Lithuania,2023,,20520,,,,,
dataflow,ESTAT:ROAD_EQR_CARPDA(1.0),New passenger cars by type of motor energy,A,Annual,NR,Number,PET,Petrol,LT,Lithuania,2024,,19931,,,,,
dataflow,ESTAT:ROAD_EQR_CARPDA(1.0),New passenger cars by type of motor energy,A,Annual,NR,Number,PET,Petrol,LU,Luxembourg,2015,,13447,,,,,
dataflow,ESTAT:ROAD_EQR_CARPDA(1.0),New passenger cars by type of motor energy,A,Annual,NR,Number,PET,Petrol,LU,Luxembourg,2016,,17623,,,,,
dataflow,ESTAT:ROAD_EQR_CARPDA(1.0),New passenger cars by type of motor energy,A,Annual,NR,Number,PET,Petrol,LU,Luxembourg,2017,,23891,,,,,
dataflow,ESTAT:ROAD_EQR_CARPDA(1.0),New passenger cars by type of motor energy,A,Annual,NR,Number,PET,Petrol,LU,Luxembourg,2018,,27455,,,,,
dataflow,ESTAT:ROAD_EQR_CARPDA(1.0),New passenger cars by type of motor energy,A,Annual,NR,Number,PET,Petrol,LU,Luxembourg,2019,,30120,,,,,
dataflow,ESTAT:ROAD_EQR_CARPDA(1.0),New passenger cars by type of motor energy,A,Annual,NR,Number,PET,Petrol,LU,Luxembourg,2020,,24548,,,,,
dataflow,ESTAT:ROAD_EQR_CARPDA(1.0),New passenger cars by type of motor energy,A,Annual,NR,Number,PET,Petrol,LU,Luxembourg,2021,,25132,,,,,
dataflow,ESTAT:ROAD_EQR_CARPDA(1.0),New passenger cars by type of motor energy,A,Annual,NR,Number,PET,Petrol,LU,Luxembourg,2022,,23339,,,,,
dataflow,ESTAT:ROAD_EQR_CARPDA(1.0),New passenger cars by type of motor energy,A,Annual,NR,Number,PET,Petrol,LU,Luxembourg,2023,,27804,,,,,
dataflow,ESTAT:ROAD_EQR_CARPDA(1.0),New passenger cars by type of motor energy,A,Annual,NR,Number,PET,Petrol,LU,Luxembourg,2024,,25683,,,,,
dataflow,ESTAT:ROAD_EQR_CARPDA(1.0),New passenger cars by type of motor energy,A,Annual,NR,Number,PET,Petrol,LV,Latvia,2015,,7211,,,,,
dataflow,ESTAT:ROAD_EQR_CARPDA(1.0),New passenger cars by type of motor energy,A,Annual,NR,Number,PET,Petrol,LV,Latvia,2016,,9381,,,,,
dataflow,ESTAT:ROAD_EQR_CARPDA(1.0),New passenger cars by type of motor energy,A,Annual,NR,Number,PET,Petrol,LV,Latvia,2017,,9488,,,,,
dataflow,ESTAT:ROAD_EQR_CARPDA(1.0),New passenger cars by type of motor energy,A,Annual,NR,Number,PET,Petrol,LV,Latvia,2018,,10240,,,,,
dataflow,ESTAT:ROAD_EQR_CARPDA(1.0),New passenger cars by type of motor energy,A,Annual,NR,Number,PET,Petrol,LV,Latvia,2019,,11393,,,,,
dataflow,ESTAT:ROAD_EQR_CARPDA(1.0),New passenger cars by type of motor energy,A,Annual,NR,Number,PET,Petrol,LV,Latvia,2020,,8363,,,,,
dataflow,ESTAT:ROAD_EQR_CARPDA(1.0),New passenger cars by type of motor energy,A,Annual,NR,Number,PET,Petrol,LV,Latvia,2021,,9935,,,,,
dataflow,ESTAT:ROAD_EQR_CARPDA(1.0),New passenger cars by type of motor energy,A,Annual,NR,Number,PET,Petrol,LV,Latvia,2022,,11857,,,,,
dataflow,ESTAT:ROAD_EQR_CARPDA(1.0),New passenger cars by type of motor energy,A,Annual,NR,Number,PET,Petrol,LV,Latvia,2023,,12702,,,,,
dataflow,ESTAT:ROAD_EQR_CARPDA(1.0),New passenger cars by type of motor energy,A,Annual,NR,Number,PET,Petrol,LV,Latvia,2024,,11777,,,,,
dataflow,ESTAT:ROAD_EQR_CARPDA(1.0),New passenger cars by type of motor energy,A,Annual,NR,Number,PET,Petrol,MD,Moldova,2015,,6530,,,,,
dataflow,ESTAT:ROAD_EQR_CARPDA(1.0),New passenger cars by type of motor energy,A,Annual,NR,Number,PET,Petrol,MD,Moldova,2016,,6770,,,,,
dataflow,ESTAT:ROAD_EQR_CARPDA(1.0),New passenger cars by type of motor energy,A,Annual,NR,Number,PET,Petrol,MD,Moldova,2017,,12395,,,,,
dataflow,ESTAT:ROAD_EQR_CARPDA(1.0),New passenger cars by type of motor energy,A,Annual,NR,Number,PET,Petrol,MD,Moldova,2018,,8608,,,,,
dataflow,ESTAT:ROAD_EQR_CARPDA(1.0),New passenger cars by type of motor energy,A,Annual,NR,Number,PET,Petrol,MD,Moldova,2019,,8884,,,,,
dataflow,ESTAT:ROAD_EQR_CARPDA(1.0),New passenger cars by type of motor energy,A,Annual,NR,Number,PET,Petrol,MD,Moldova,2020,,7749,,,,,
dataflow,ESTAT:ROAD_EQR_CARPDA(1.0),New passenger cars by type of motor energy,A,Annual,NR,Number,PET,Petrol,MD,Moldova,2021,,10409,,,,,
dataflow,ESTAT:ROAD_EQR_CARPDA(1.0),New passenger cars by type of motor energy,A,Annual,NR,Number,PET,Petrol,MD,Moldova,2022,,8090,,,,,
dataflow,ESTAT:ROAD_EQR_CARPDA(1.0),New passenger cars by type of motor energy,A,Annual,NR,Number,PET,Petrol,MD,Moldova,2023,,10793,,,,,
dataflow,ESTAT:ROAD_EQR_CARPDA(1.0),New passenger cars by type of motor energy,A,Annual,NR,Number,PET,Petrol,MD,Moldova,2024,,13406,,,,,
dataflow,ESTAT:ROAD_EQR_CARPDA(1.0),New passenger cars by type of motor energy,A,Annual,NR,Number,PET,Petrol,ME,Montenegro,2016,,999,,,,,
dataflow,ESTAT:ROAD_EQR_CARPDA(1.0),New passenger cars by type of motor energy,A,Annual,NR,Number,PET,Petrol,ME,Montenegro,2017,,1313,,,,,
dataflow,ESTAT:ROAD_EQR_CARPDA(1.0),New passenger cars by type of motor energy,A,Annual,NR,Number,PET,Petrol,ME,Montenegro,2018,,1625,,,,,
dataflow,ESTAT:ROAD_EQR_CARPDA(1.0),New passenger cars by type of motor energy,A,Annual,NR,Number,PET,Petrol,ME,Montenegro,2019,,2026,,,,,
dataflow,ESTAT:ROAD_EQR_CARPDA(1.0),New passenger cars by type of motor energy,A,Annual,NR,Number,PET,Petrol,ME,Montenegro,2020,,596,,,,,
dataflow,ESTAT:ROAD_EQR_CARPDA(1.0),New passenger cars by type of motor energy,A,Annual,NR,Number,PET,Petrol,ME,Montenegro,2021,,1787,,,,,
dataflow,ESTAT:ROAD_EQR_CARPDA(1.0),New passenger cars by type of motor energy,A,Annual,NR,Number,PET,Petrol,ME,Montenegro,2022,,2456,,,,,
dataflow,ESTAT:ROAD_EQR_CARPDA(1.0),New passenger cars by type of motor energy,A,Annual,NR,Number,PET,Petrol,ME,Montenegro,2023,,1620,,,,,
dataflow,ESTAT:ROAD_EQR_CARPDA(1.0),New passenger cars by type of motor energy,A,Annual,NR,Number,PET,Petrol,ME,Montenegro,2024,,4916,,,,,
dataflow,ESTAT:ROAD_EQR_CARPDA(1.0),New passenger cars by type of motor energy,A,Annual,NR,Number,PET,Petrol,MT,Malta,2015,,4418,,,,,
dataflow,ESTAT:ROAD_EQR_CARPDA(1.0),New passenger cars by type of motor energy,A,Annual,NR,Number,PET,Petrol,MT,Malta,2016,,4679,,,,,
dataflow,ESTAT:ROAD_EQR_CARPDA(1.0),New passenger cars by type of motor energy,A,Annual,NR,Number,PET,Petrol,MT,Malta,2017,,5133,,,,,
dataflow,ESTAT:ROAD_EQR_CARPDA(1.0),New passenger cars by type of motor energy,A,Annual,NR,Number,PET,Petrol,MT,Malta,2018,,5477,,,,,
dataflow,ESTAT:ROAD_EQR_CARPDA(1.0),New passenger cars by type of motor energy,A,Annual,NR,Number,PET,Petrol,MT,Malta,2019,,5327,,,,,
dataflow,ESTAT:ROAD_EQR_CARPDA(1.0),New passenger cars by type of motor energy,A,Annual,NR,Number,PET,Petrol,MT,Malta,2020,,3342,,,,,
dataflow,ESTAT:ROAD_EQR_CARPDA(1.0),New passenger cars by type of motor energy,A,Annual,NR,Number,PET,Petrol,MT,Malta,2021,,4226,,,,,
dataflow,ESTAT:ROAD_EQR_CARPDA(1.0),New passenger cars by type of motor energy,A,Annual,NR,Number,PET,Petrol,MT,Malta,2022,,4933,,,,,
dataflow,ESTAT:ROAD_EQR_CARPDA(1.0),New passenger cars by type of motor energy,A,Annual,NR,Number,PET,Petrol,MT,Malta,2023,,5218,,,,,
dataflow,ESTAT:ROAD_EQR_CARPDA(1.0),New passenger cars by type of motor energy,A,Annual,NR,Number,PET,Petrol,MT,Malta,2024,,4403,,,,,
dataflow,ESTAT:ROAD_EQR_CARPDA(1.0),New passenger cars by type of motor energy,A,Annual,NR,Number,PET,Petrol,NL,Netherlands,2015,,314882,,,,,
dataflow,ESTAT:ROAD_EQR_CARPDA(1.0),New passenger cars by type of motor energy,A,Annual,NR,Number,PET,Petrol,NL,Netherlands,2016,,304643,,,,,
dataflow,ESTAT:ROAD_EQR_CARPDA(1.0),New passenger cars by type of motor energy,A,Annual,NR,Number,PET,Petrol,NL,Netherlands,2017,,331608,,,,,
dataflow,ESTAT:ROAD_EQR_CARPDA(1.0),New passenger cars by type of motor energy,A,Annual,NR,Number,PET,Petrol,NL,Netherlands,2018,,360573,,,,,
dataflow,ESTAT:ROAD_EQR_CARPDA(1.0),New passenger cars by type of motor energy,A,Annual,NR,Number,PET,Petrol,NL,Netherlands,2019,,350015,,,,,
dataflow,ESTAT:ROAD_EQR_CARPDA(1.0),New passenger cars by type of motor energy,A,Annual,NR,Number,PET,Petrol,NL,Netherlands,2020,,267482,,,,,
dataflow,ESTAT:ROAD_EQR_CARPDA(1.0),New passenger cars by type of motor energy,A,Annual,NR,Number,PET,Petrol,NL,Netherlands,2021,,249350,,,,,
dataflow,ESTAT:ROAD_EQR_CARPDA(1.0),New passenger cars by type of motor energy,A,Annual,NR,Number,PET,Petrol,NL,Netherlands,2022,,231791,,,,,
dataflow,ESTAT:ROAD_EQR_CARPDA(1.0),New passenger cars by type of motor energy,A,Annual,NR,Number,PET,Petrol,NL,Netherlands,2023,,249293,,,,,
dataflow,ESTAT:ROAD_EQR_CARPDA(1.0),New passenger cars by type of motor energy,A,Annual,NR,Number,PET,Petrol,NL,Netherlands,2024,,243408,,,,,
dataflow,ESTAT:ROAD_EQR_CARPDA(1.0),New passenger cars by type of motor energy,A,Annual,NR,Number,PET,Petrol,NO,Norway,2015,,55671,,,,,
dataflow,ESTAT:ROAD_EQR_CARPDA(1.0),New passenger cars by type of motor energy,A,Annual,NR,Number,PET,Petrol,NO,Norway,2016,,82910,,,,,
dataflow,ESTAT:ROAD_EQR_CARPDA(1.0),New passenger cars by type of motor energy,A,Annual,NR,Number,PET,Petrol,NO,Norway,2017,,90074,,,,,
dataflow,ESTAT:ROAD_EQR_CARPDA(1.0),New passenger cars by type of motor energy,A,Annual,NR,Number,PET,Petrol,NO,Norway,2018,,78323,,,,,
dataflow,ESTAT:ROAD_EQR_CARPDA(1.0),New passenger cars by type of motor energy,A,Annual,NR,Number,PET,Petrol,NO,Norway,2019,,59964,,,,,
dataflow,ESTAT:ROAD_EQR_CARPDA(1.0),New passenger cars by type of motor energy,A,Annual,NR,Number,PET,Petrol,NO,Norway,2020,,52595,,,,,
dataflow,ESTAT:ROAD_EQR_CARPDA(1.0),New passenger cars by type of motor energy,A,Annual,NR,Number,PET,Petrol,NO,Norway,2021,,54209,,,,,
dataflow,ESTAT:ROAD_EQR_CARPDA(1.0),New passenger cars by type of motor energy,A,Annual,NR,Number,PET,Petrol,NO,Norway,2022,,30186,,,,,
dataflow,ESTAT:ROAD_EQR_CARPDA(1.0),New passenger cars by type of motor energy,A,Annual,NR,Number,PET,Petrol,NO,Norway,2023,,19066,,,,,
dataflow,ESTAT:ROAD_EQR_CARPDA(1.0),New passenger cars by type of motor energy,A,Annual,NR,Number,PET,Petrol,NO,Norway,2024,,11353,,,,,
dataflow,ESTAT:ROAD_EQR_CARPDA(1.0),New passenger cars by type of motor energy,A,Annual,NR,Number,PET,Petrol,PL,Poland,2015,,228917,,i,value imputed by Eurostat or other receiving agencies,,
dataflow,ESTAT:ROAD_EQR_CARPDA(1.0),New passenger cars by type of motor energy,A,Annual,NR,Number,PET,Petrol,PL,Poland,2016,,275508,,i,value imputed by Eurostat or other receiving agencies,,
dataflow,ESTAT:ROAD_EQR_CARPDA(1.0),New passenger cars by type of motor energy,A,Annual,NR,Number,PET,Petrol,PL,Poland,2017,,336320,,i,value imputed by Eurostat or other receiving agencies,,
dataflow,ESTAT:ROAD_EQR_CARPDA(1.0),New passenger cars by type of motor energy,A,Annual,NR,Number,PET,Petrol,PL,Poland,2018,,386756,,i,value imputed by Eurostat or other receiving agencies,,
dataflow,ESTAT:ROAD_EQR_CARPDA(1.0),New passenger cars by type of motor energy,A,Annual,NR,Number,PET,Petrol,PL,Poland,2019,,424253,,i,value imputed by Eurostat or other receiving agencies,,
dataflow,ESTAT:ROAD_EQR_CARPDA(1.0),New passenger cars by type of motor energy,A,Annual,NR,Number,PET,Petrol,PL,Poland,2020,,324792,,i,value imputed by Eurostat or other receiving agencies,,
dataflow,ESTAT:ROAD_EQR_CARPDA(1.0),New passenger cars by type of motor energy,A,Annual,NR,Number,PET,Petrol,PL,Poland,2021,,343705,,i,value imputed by Eurostat or other receiving agencies,,
dataflow,ESTAT:ROAD_EQR_CARPDA(1.0),New passenger cars by type of motor energy,A,Annual,NR,Number,PET,Petrol,PL,Poland,2022,,324041,,i,value imputed by Eurostat or other receiving agencies,,
dataflow,ESTAT:ROAD_EQR_CARPDA(1.0),New passenger cars by type of motor energy,A,Annual,NR,Number,PET,Petrol,PL,Poland,2023,,364350,,i,value imputed by Eurostat or other receiving agencies,,
dataflow,ESTAT:ROAD_EQR_CARPDA(1.0),New passenger cars by type of motor energy,A,Annual,NR,Number,PET,Petrol,PL,Poland,2024,,423169,,,,,
dataflow,ESTAT:ROAD_EQR_CARPDA(1.0),New passenger cars by type of motor energy,A,Annual,NR,Number,PET,Petrol,PT,Portugal,2017,,81073,,,,,
dataflow,ESTAT:ROAD_EQR_CARPDA(1.0),New passenger cars by type of motor energy,A,Annual,NR,Number,PET,Petrol,PT,Portugal,2018,,97697,,,,,
dataflow,ESTAT:ROAD_EQR_CARPDA(1.0),New passenger cars by type of motor energy,A,Annual,NR,Number,PET,Petrol,PT,Portugal,2019,,123064,,,,,
dataflow,ESTAT:ROAD_EQR_CARPDA(1.0),New passenger cars by type of motor energy,A,Annual,NR,Number,PET,Petrol,PT,Portugal,2020,,83561,,,,,
dataflow,ESTAT:ROAD_EQR_CARPDA(1.0),New passenger cars by type of motor energy,A,Annual,NR,Number,PET,Petrol,PT,Portugal,2021,,91395,,,,,
dataflow,ESTAT:ROAD_EQR_CARPDA(1.0),New passenger cars by type of motor energy,A,Annual,NR,Number,PET,Petrol,PT,Portugal,2022,,100758,,,,,
dataflow,ESTAT:ROAD_EQR_CARPDA(1.0),New passenger cars by type of motor energy,A,Annual,NR,Number,PET,Petrol,PT,Portugal,2023,,123422,,,,,
dataflow,ESTAT:ROAD_EQR_CARPDA(1.0),New passenger cars by type of motor energy,A,Annual,NR,Number,PET,Petrol,PT,Portugal,2024,,129437,,,,,
dataflow,ESTAT:ROAD_EQR_CARPDA(1.0),New passenger cars by type of motor energy,A,Annual,NR,Number,PET,Petrol,RO,Romania,2015,,35509,,,,,
dataflow,ESTAT:ROAD_EQR_CARPDA(1.0),New passenger cars by type of motor energy,A,Annual,NR,Number,PET,Petrol,RO,Romania,2016,,45417,,,,,
dataflow,ESTAT:ROAD_EQR_CARPDA(1.0),New passenger cars by type of motor energy,A,Annual,NR,Number,PET,Petrol,RO,Romania,2017,,51554,,,,,
dataflow,ESTAT:ROAD_EQR_CARPDA(1.0),New passenger cars by type of motor energy,A,Annual,NR,Number,PET,Petrol,RO,Romania,2018,,75586,,,,,
dataflow,ESTAT:ROAD_EQR_CARPDA(1.0),New passenger cars by type of motor energy,A,Annual,NR,Number,PET,Petrol,RO,Romania,2019,,114564,,,,,
dataflow,ESTAT:ROAD_EQR_CARPDA(1.0),New passenger cars by type of motor energy,A,Annual,NR,Number,PET,Petrol,RO,Romania,2020,,79244,,,,,
dataflow,ESTAT:ROAD_EQR_CARPDA(1.0),New passenger cars by type of motor energy,A,Annual,NR,Number,PET,Petrol,RO,Romania,2021,,74857,,,,,
dataflow,ESTAT:ROAD_EQR_CARPDA(1.0),New passenger cars by type of motor energy,A,Annual,NR,Number,PET,Petrol,RO,Romania,2022,,84943,,,,,
dataflow,ESTAT:ROAD_EQR_CARPDA(1.0),New passenger cars by type of motor energy,A,Annual,NR,Number,PET,Petrol,RO,Romania,2023,,91118,,,,,
dataflow,ESTAT:ROAD_EQR_CARPDA(1.0),New passenger cars by type of motor energy,A,Annual,NR,Number,PET,Petrol,RO,Romania,2024,,103113,,,,,
dataflow,ESTAT:ROAD_EQR_CARPDA(1.0),New passenger cars by type of motor energy,A,Annual,NR,Number,PET,Petrol,RS,Serbia,2019,,28285,,,,,
dataflow,ESTAT:ROAD_EQR_CARPDA(1.0),New passenger cars by type of motor energy,A,Annual,NR,Number,PET,Petrol,RS,Serbia,2020,,27431,,,,,
dataflow,ESTAT:ROAD_EQR_CARPDA(1.0),New passenger cars by type of motor energy,A,Annual,NR,Number,PET,Petrol,RS,Serbia,2021,,27768,,,,,
dataflow,ESTAT:ROAD_EQR_CARPDA(1.0),New passenger cars by type of motor energy,A,Annual,NR,Number,PET,Petrol,RS,Serbia,2022,,29005,,,,,
dataflow,ESTAT:ROAD_EQR_CARPDA(1.0),New passenger cars by type of motor energy,A,Annual,NR,Number,PET,Petrol,RS,Serbia,2023,,30952,,,,,
dataflow,ESTAT:ROAD_EQR_CARPDA(1.0),New passenger cars by type of motor energy,A,Annual,NR,Number,PET,Petrol,RS,Serbia,2024,,33180,,,,,
dataflow,ESTAT:ROAD_EQR_CARPDA(1.0),New passenger cars by type of motor energy,A,Annual,NR,Number,PET,Petrol,SE,Sweden,2015,,145383,,,,,
dataflow,ESTAT:ROAD_EQR_CARPDA(1.0),New passenger cars by type of motor energy,A,Annual,NR,Number,PET,Petrol,SE,Sweden,2016,,177903,,,,,
dataflow,ESTAT:ROAD_EQR_CARPDA(1.0),New passenger cars by type of motor energy,A,Annual,NR,Number,PET,Petrol,SE,Sweden,2017,,191048,,,,,
dataflow,ESTAT:ROAD_EQR_CARPDA(1.0),New passenger cars by type of motor energy,A,Annual,NR,Number,PET,Petrol,SE,Sweden,2018,,215360,,,,,
dataflow,ESTAT:ROAD_EQR_CARPDA(1.0),New passenger cars by type of motor energy,A,Annual,NR,Number,PET,Petrol,SE,Sweden,2019,,221280,,,,,
dataflow,ESTAT:ROAD_EQR_CARPDA(1.0),New passenger cars by type of motor energy,A,Annual,NR,Number,PET,Petrol,SE,Sweden,2020,,194265,,,,,
dataflow,ESTAT:ROAD_EQR_CARPDA(1.0),New passenger cars by type of motor energy,A,Annual,NR,Number,PET,Petrol,SE,Sweden,2021,,189502,,,,,
dataflow,ESTAT:ROAD_EQR_CARPDA(1.0),New passenger cars by type of motor energy,A,Annual,NR,Number,PET,Petrol,SE,Sweden,2022,,153387,,,,,
dataflow,ESTAT:ROAD_EQR_CARPDA(1.0),New passenger cars by type of motor energy,A,Annual,NR,Number,PET,Petrol,SE,Sweden,2023,,146412,,,,,
dataflow,ESTAT:ROAD_EQR_CARPDA(1.0),New passenger cars by type of motor energy,A,Annual,NR,Number,PET,Petrol,SE,Sweden,2024,,147825,,,,,
dataflow,ESTAT:ROAD_EQR_CARPDA(1.0),New passenger cars by type of motor energy,A,Annual,NR,Number,PET,Petrol,SI,Slovenia,2015,,29038,,,,,
dataflow,ESTAT:ROAD_EQR_CARPDA(1.0),New passenger cars by type of motor energy,A,Annual,NR,Number,PET,Petrol,SI,Slovenia,2016,,31429,,,,,
dataflow,ESTAT:ROAD_EQR_CARPDA(1.0),New passenger cars by type of motor energy,A,Annual,NR,Number,PET,Petrol,SI,Slovenia,2017,,38229,,,,,
dataflow,ESTAT:ROAD_EQR_CARPDA(1.0),New passenger cars by type of motor energy,A,Annual,NR,Number,PET,Petrol,SI,Slovenia,2018,,48240,,,,,
dataflow,ESTAT:ROAD_EQR_CARPDA(1.0),New passenger cars by type of motor energy,A,Annual,NR,Number,PET,Petrol,SI,Slovenia,2019,,47937,,,,,
dataflow,ESTAT:ROAD_EQR_CARPDA(1.0),New passenger cars by type of motor energy,A,Annual,NR,Number,PET,Petrol,SI,Slovenia,2020,,33287,,i,value imputed by Eurostat or other receiving agencies,,
dataflow,ESTAT:ROAD_EQR_CARPDA(1.0),New passenger cars by type of motor energy,A,Annual,NR,Number,PET,Petrol,SI,Slovenia,2021,,37219,,i,value imputed by Eurostat or other receiving agencies,,
dataflow,ESTAT:ROAD_EQR_CARPDA(1.0),New passenger cars by type of motor energy,A,Annual,NR,Number,PET,Petrol,SI,Slovenia,2022,,32866,,i,value imputed by Eurostat or other receiving agencies,,
dataflow,ESTAT:ROAD_EQR_CARPDA(1.0),New passenger cars by type of motor energy,A,Annual,NR,Number,PET,Petrol,SI,Slovenia,2023,,36290,,,,,
dataflow,ESTAT:ROAD_EQR_CARPDA(1.0),New passenger cars by type of motor energy,A,Annual,NR,Number,PET,Petrol,SI,Slovenia,2024,,40433,,,,,
dataflow,ESTAT:ROAD_EQR_CARPDA(1.0),New passenger cars by type of motor energy,A,Annual,NR,Number,PET,Petrol,SK,Slovakia,2020,,55389,,i,value imputed by Eurostat or other receiving agencies,,
dataflow,ESTAT:ROAD_EQR_CARPDA(1.0),New passenger cars by type of motor energy,A,Annual,NR,Number,PET,Petrol,SK,Slovakia,2021,,58498,,i,value imputed by Eurostat or other receiving agencies,,
dataflow,ESTAT:ROAD_EQR_CARPDA(1.0),New passenger cars by type of motor energy,A,Annual,NR,Number,PET,Petrol,SK,Slovakia,2022,,59972,,i,value imputed by Eurostat or other receiving agencies,,
dataflow,ESTAT:ROAD_EQR_CARPDA(1.0),New passenger cars by type of motor energy,A,Annual,NR,Number,PET,Petrol,SK,Slovakia,2023,,64771,,i,value imputed by Eurostat or other receiving agencies,,
dataflow,ESTAT:ROAD_EQR_CARPDA(1.0),New passenger cars by type of motor energy,A,Annual,NR,Number,PET,Petrol,SK,Slovakia,2024,,67991,,i,value imputed by Eurostat or other receiving agencies,,
dataflow,ESTAT:ROAD_EQR_CARPDA(1.0),New passenger cars by type of motor energy,A,Annual,NR,Number,PET,Petrol,TR,Türkiye,2015,,270762,,,,,
dataflow,ESTAT:ROAD_EQR_CARPDA(1.0),New passenger cars by type of motor energy,A,Annual,NR,Number,PET,Petrol,TR,Türkiye,2016,,271453,,,,,
dataflow,ESTAT:ROAD_EQR_CARPDA(1.0),New passenger cars by type of motor energy,A,Annual,NR,Number,PET,Petrol,TR,Türkiye,2017,,259325,,,,,
dataflow,ESTAT:ROAD_EQR_CARPDA(1.0),New passenger cars by type of motor energy,A,Annual,NR,Number,PET,Petrol,TR,Türkiye,2018,,179131,,,,,
dataflow,ESTAT:ROAD_EQR_CARPDA(1.0),New passenger cars by type of motor energy,A,Annual,NR,Number,PET,Petrol,TR,Türkiye,2019,,152008,,,,,
dataflow,ESTAT:ROAD_EQR_CARPDA(1.0),New passenger cars by type of motor energy,A,Annual,NR,Number,PET,Petrol,TR,Türkiye,2020,,319023,,,,,
dataflow,ESTAT:ROAD_EQR_CARPDA(1.0),New passenger cars by type of motor energy,A,Annual,NR,Number,PET,Petrol,TR,Türkiye,2021,,429210,,,,,
dataflow,ESTAT:ROAD_EQR_CARPDA(1.0),New passenger cars by type of motor energy,A,Annual,NR,Number,PET,Petrol,TR,Türkiye,2022,,439007,,,,,
dataflow,ESTAT:ROAD_EQR_CARPDA(1.0),New passenger cars by type of motor energy,A,Annual,NR,Number,PET,Petrol,TR,Türkiye,2023,,704254,,,,,
dataflow,ESTAT:ROAD_EQR_CARPDA(1.0),New passenger cars by type of motor energy,A,Annual,NR,Number,PET,Petrol,TR,Türkiye,2024,,778382,,,,,
dataflow,ESTAT:ROAD_EQR_CARPDA(1.0),New passenger cars by type of motor energy,A,Annual,NR,Number,PET,Petrol,UA,Ukraine,2019,,36953,,,,,
dataflow,ESTAT:ROAD_EQR_CARPDA(1.0),New passenger cars by type of motor energy,A,Annual,NR,Number,PET,Petrol,UA,Ukraine,2020,,57137,,,,,
dataflow,ESTAT:ROAD_EQR_CARPDA(1.0),New passenger cars by type of motor energy,A,Annual,NR,Number,PET,Petrol,UA,Ukraine,2021,,73470,,,,,
dataflow,ESTAT:ROAD_EQR_CARPDA(1.0),New passenger cars by type of motor energy,A,Annual,NR,Number,PET,Petrol,UA,Ukraine,2022,,25663,,,,,
dataflow,ESTAT:ROAD_EQR_CARPDA(1.0),New passenger cars by type of motor energy,A,Annual,NR,Number,PET,Petrol,UA,Ukraine,2023,,36953,,,,,
dataflow,ESTAT:ROAD_EQR_CARPDA(1.0),New passenger cars by type of motor energy,A,Annual,NR,Number,PET,Petrol,UA,Ukraine,2024,,37817,,,,,
dataflow,ESTAT:ROAD_EQR_CARPDA(1.0),New passenger cars by type of motor energy,A,Annual,NR,Number,PET,Petrol,UK,United Kingdom,2015,,1334875,,,,,
dataflow,ESTAT:ROAD_EQR_CARPDA(1.0),New passenger cars by type of motor energy,A,Annual,NR,Number,PET,Petrol,UK,United Kingdom,2016,,1390355,,,,,
dataflow,ESTAT:ROAD_EQR_CARPDA(1.0),New passenger cars by type of motor energy,A,Annual,NR,Number,PET,Petrol,UK,United Kingdom,2017,,1446500,,,,,
dataflow,ESTAT:ROAD_EQR_CARPDA(1.0),New passenger cars by type of motor energy,A,Annual,NR,Number,PET,Petrol,UK,United Kingdom,2018,,1589618,,,,,
dataflow,ESTAT:ROAD_EQR_CARPDA(1.0),New passenger cars by type of motor energy,A,Annual,NR,Number,PET,Petrol,UK,United Kingdom,2021,,1226293,,,,,
dataflow,ESTAT:ROAD_EQR_CARPDA(1.0),New passenger cars by type of motor energy,A,Annual,NR,Number,PET,Petrol,UK,United Kingdom,2022,,1194409,,,,,
dataflow,ESTAT:ROAD_EQR_CARPDA(1.0),New passenger cars by type of motor energy,A,Annual,NR,Number,PET,Petrol,UK,United Kingdom,2023,,1446669,,,,,
dataflow,ESTAT:ROAD_EQR_CARPDA(1.0),New passenger cars by type of motor energy,A,Annual,NR,Number,PET,Petrol,UK,United Kingdom,2024,,1449401,,,,,
dataflow,ESTAT:ROAD_EQR_CARPDA(1.0),New passenger cars by type of motor energy,A,Annual,NR,Number,PET,Petrol,XK,Kosovo*,2017,,2928,,,,,
dataflow,ESTAT:ROAD_EQR_CARPDA(1.0),New passenger cars by type of motor energy,A,Annual,NR,Number,PET,Petrol,XK,Kosovo*,2018,,2126,,,,,
dataflow,ESTAT:ROAD_EQR_CARPDA(1.0),New passenger cars by type of motor energy,A,Annual,NR,Number,PET,Petrol,XK,Kosovo*,2019,,0,,,,,
dataflow,ESTAT:ROAD_EQR_CARPDA(1.0),New passenger cars by type of motor energy,A,Annual,NR,Number,PET,Petrol,XK,Kosovo*,2021,,2840,,,,,
