FREQ,Frequenza,REF_AREA,Territorio,DATA_TYPE,Indicatore,TIME_PERIOD,Osservazione,OBS_STATUS,'Stato dell"'osservazione',NOTE_REF_AREA,Territorio (NOTE_REF_AREA),NOTE_DATA_TYPE,Indicatore (NOTE_DATA_TYPE),NOTE_TIME_PERIOD,Tempo (NOTE_TIME_PERIOD),BASE_PER,Anno base,UNIT_MEAS,Unità di misura,UNIT_MULT,Unità di moltiplicazione
A,Annuale,IT,Italia,FOSDRIVEHIC,Veicoli alimentati a combustibili fossili - per abitante,2022,0.822,,,ITTER107__IT_N4,'Valori riferiti all"'insieme dei comuni capoluogo. Italia, Nord, Nord-est e Capoluoghi di provincia non includono il comune di Cesena.',TIPO_DATO_AMB__FOSDRIVEHIC_N1,'L"'indicatore è calcolato per il totale dei veicoli dotati di motore a combustione interna (benzina, gasolio, metano, GPL, bi-fuel), esclusi i veicoli ibridi elettrici.',,,,,,,,
A,Annuale,IT,Italia,FOSDRIVEHIC,Veicoli alimentati a combustibili fossili - per abitante,2023,0.819,,,ITTER107__IT_N4,'Valori riferiti all"'insieme dei comuni capoluogo. Italia, Nord, Nord-est e Capoluoghi di provincia non includono il comune di Cesena.',TIPO_DATO_AMB__FOSDRIVEHIC_N1,'L"'indicatore è calcolato per il totale dei veicoli dotati di motore a combustione interna (benzina, gasolio, metano, GPL, bi-fuel), esclusi i veicoli ibridi elettrici.',,,,,,,,
A,Annuale,IT,Italia,FOSDRIVEHIC,Veicoli alimentati a combustibili fossili - per abitante,2024,0.819,,,ITTER107__IT_N4,'Valori riferiti all"'insieme dei comuni capoluogo. Italia, Nord, Nord-est e Capoluoghi di provincia non includono il comune di Cesena.',TIPO_DATO_AMB__FOSDRIVEHIC_N1,'L"'indicatore è calcolato per il totale dei veicoli dotati di motore a combustione interna (benzina, gasolio, metano, GPL, bi-fuel), esclusi i veicoli ibridi elettrici.',,,,,,,,
A,Annuale,ITCD,Nord,FOSDRIVEHIC,Veicoli alimentati a combustibili fossili - per abitante,2022,0.776,,,ITTER107__ITCD_N1,'Valori riferiti all"'insieme dei comuni capoluogo. Italia, Nord, Nord-est e Capoluoghi di provincia non includono il comune di Cesena.',TIPO_DATO_AMB__FOSDRIVEHIC_N1,'L"'indicatore è calcolato per il totale dei veicoli dotati di motore a combustione interna (benzina, gasolio, metano, GPL, bi-fuel), esclusi i veicoli ibridi elettrici.',,,,,,,,
A,Annuale,ITCD,Nord,FOSDRIVEHIC,Veicoli alimentati a combustibili fossili - per abitante,2023,0.77,,,ITTER107__ITCD_N1,'Valori riferiti all"'insieme dei comuni capoluogo. Italia, Nord, Nord-est e Capoluoghi di provincia non includono il comune di Cesena.',TIPO_DATO_AMB__FOSDRIVEHIC_N1,'L"'indicatore è calcolato per il totale dei veicoli dotati di motore a combustione interna (benzina, gasolio, metano, GPL, bi-fuel), esclusi i veicoli ibridi elettrici.',,,,,,,,
A,Annuale,ITCD,Nord,FOSDRIVEHIC,Veicoli alimentati a combustibili fossili - per abitante,2024,0.768,,,ITTER107__ITCD_N1,'Valori riferiti all"'insieme dei comuni capoluogo. Italia, Nord, Nord-est e Capoluoghi di provincia non includono il comune di Cesena.',TIPO_DATO_AMB__FOSDRIVEHIC_N1,'L"'indicatore è calcolato per il totale dei veicoli dotati di motore a combustione interna (benzina, gasolio, metano, GPL, bi-fuel), esclusi i veicoli ibridi elettrici.',,,,,,,,
A,Annuale,ITC,Nord-ovest,FOSDRIVEHIC,Veicoli alimentati a combustibili fossili - per abitante,2022,0.755,,,ITTER107__ITC_N1,'Valori riferiti all"'insieme dei comuni capoluogo. Italia, Nord, Nord-est e Capoluoghi di provincia non includono il comune di Cesena.',TIPO_DATO_AMB__FOSDRIVEHIC_N1,'L"'indicatore è calcolato per il totale dei veicoli dotati di motore a combustione interna (benzina, gasolio, metano, GPL, bi-fuel), esclusi i veicoli ibridi elettrici.',,,,,,,,
A,Annuale,ITC,Nord-ovest,FOSDRIVEHIC,Veicoli alimentati a combustibili fossili - per abitante,2023,0.754,,,ITTER107__ITC_N1,'Valori riferiti all"'insieme dei comuni capoluogo. Italia, Nord, Nord-est e Capoluoghi di provincia non includono il comune di Cesena.',TIPO_DATO_AMB__FOSDRIVEHIC_N1,'L"'indicatore è calcolato per il totale dei veicoli dotati di motore a combustione interna (benzina, gasolio, metano, GPL, bi-fuel), esclusi i veicoli ibridi elettrici.',,,,,,,,
A,Annuale,ITC,Nord-ovest,FOSDRIVEHIC,Veicoli alimentati a combustibili fossili - per abitante,2024,0.742,,,ITTER107__ITC_N1,'Valori riferiti all"'insieme dei comuni capoluogo. Italia, Nord, Nord-est e Capoluoghi di provincia non includono il comune di Cesena.',TIPO_DATO_AMB__FOSDRIVEHIC_N1,'L"'indicatore è calcolato per il totale dei veicoli dotati di motore a combustione interna (benzina, gasolio, metano, GPL, bi-fuel), esclusi i veicoli ibridi elettrici.',,,,,,,,
A,Annuale,001272,Torino,FOSDRIVEHIC,Veicoli alimentati a combustibili fossili - per abitante,2022,0.724,,,,,TIPO_DATO_AMB__FOSDRIVEHIC_N1,'L"'indicatore è calcolato per il totale dei veicoli dotati di motore a combustione interna (benzina, gasolio, metano, GPL, bi-fuel), esclusi i veicoli ibridi elettrici.',,,,,,,,
A,Annuale,001272,Torino,FOSDRIVEHIC,Veicoli alimentati a combustibili fossili - per abitante,2023,0.736,,,,,TIPO_DATO_AMB__FOSDRIVEHIC_N1,'L"'indicatore è calcolato per il totale dei veicoli dotati di motore a combustione interna (benzina, gasolio, metano, GPL, bi-fuel), esclusi i veicoli ibridi elettrici.',,,,,,,,
A,Annuale,001272,Torino,FOSDRIVEHIC,Veicoli alimentati a combustibili fossili - per abitante,2024,0.73,,,,,TIPO_DATO_AMB__FOSDRIVEHIC_N1,'L"'indicatore è calcolato per il totale dei veicoli dotati di motore a combustione interna (benzina, gasolio, metano, GPL, bi-fuel), esclusi i veicoli ibridi elettrici.',,,,,,,,
A,Annuale,002158,Vercelli,FOSDRIVEHIC,Veicoli alimentati a combustibili fossili - per abitante,2022,0.844,,,,,TIPO_DATO_AMB__FOSDRIVEHIC_N1,'L"'indicatore è calcolato per il totale dei veicoli dotati di motore a combustione interna (benzina, gasolio, metano, GPL, bi-fuel), esclusi i veicoli ibridi elettrici.',,,,,,,,
A,Annuale,002158,Vercelli,FOSDRIVEHIC,Veicoli alimentati a combustibili fossili - per abitante,2023,0.836,,,,,TIPO_DATO_AMB__FOSDRIVEHIC_N1,'L"'indicatore è calcolato per il totale dei veicoli dotati di motore a combustione interna (benzina, gasolio, metano, GPL, bi-fuel), esclusi i veicoli ibridi elettrici.',,,,,,,,
A,Annuale,002158,Vercelli,FOSDRIVEHIC,Veicoli alimentati a combustibili fossili - per abitante,2024,0.816,,,,,TIPO_DATO_AMB__FOSDRIVEHIC_N1,'L"'indicatore è calcolato per il totale dei veicoli dotati di motore a combustione interna (benzina, gasolio, metano, GPL, bi-fuel), esclusi i veicoli ibridi elettrici.',,,,,,,,
A,Annuale,003106,Novara,FOSDRIVEHIC,Veicoli alimentati a combustibili fossili - per abitante,2022,0.786,,,,,TIPO_DATO_AMB__FOSDRIVEHIC_N1,'L"'indicatore è calcolato per il totale dei veicoli dotati di motore a combustione interna (benzina, gasolio, metano, GPL, bi-fuel), esclusi i veicoli ibridi elettrici.',,,,,,,,
A,Annuale,003106,Novara,FOSDRIVEHIC,Veicoli alimentati a combustibili fossili - per abitante,2023,0.773,,,,,TIPO_DATO_AMB__FOSDRIVEHIC_N1,'L"'indicatore è calcolato per il totale dei veicoli dotati di motore a combustione interna (benzina, gasolio, metano, GPL, bi-fuel), esclusi i veicoli ibridi elettrici.',,,,,,,,
A,Annuale,003106,Novara,FOSDRIVEHIC,Veicoli alimentati a combustibili fossili - per abitante,2024,0.756,,,,,TIPO_DATO_AMB__FOSDRIVEHIC_N1,'L"'indicatore è calcolato per il totale dei veicoli dotati di motore a combustione interna (benzina, gasolio, metano, GPL, bi-fuel), esclusi i veicoli ibridi elettrici.',,,,,,,,
A,Annuale,004078,Cuneo,FOSDRIVEHIC,Veicoli alimentati a combustibili fossili - per abitante,2022,0.955,,,,,TIPO_DATO_AMB__FOSDRIVEHIC_N1,'L"'indicatore è calcolato per il totale dei veicoli dotati di motore a combustione interna (benzina, gasolio, metano, GPL, bi-fuel), esclusi i veicoli ibridi elettrici.',,,,,,,,
A,Annuale,004078,Cuneo,FOSDRIVEHIC,Veicoli alimentati a combustibili fossili - per abitante,2023,0.963,,,,,TIPO_DATO_AMB__FOSDRIVEHIC_N1,'L"'indicatore è calcolato per il totale dei veicoli dotati di motore a combustione interna (benzina, gasolio, metano, GPL, bi-fuel), esclusi i veicoli ibridi elettrici.',,,,,,,,
A,Annuale,004078,Cuneo,FOSDRIVEHIC,Veicoli alimentati a combustibili fossili - per abitante,2024,0.952,,,,,TIPO_DATO_AMB__FOSDRIVEHIC_N1,'L"'indicatore è calcolato per il totale dei veicoli dotati di motore a combustione interna (benzina, gasolio, metano, GPL, bi-fuel), esclusi i veicoli ibridi elettrici.',,,,,,,,
A,Annuale,005005,Asti,FOSDRIVEHIC,Veicoli alimentati a combustibili fossili - per abitante,2022,0.907,,,,,TIPO_DATO_AMB__FOSDRIVEHIC_N1,'L"'indicatore è calcolato per il totale dei veicoli dotati di motore a combustione interna (benzina, gasolio, metano, GPL, bi-fuel), esclusi i veicoli ibridi elettrici.',,,,,,,,
A,Annuale,005005,Asti,FOSDRIVEHIC,Veicoli alimentati a combustibili fossili - per abitante,2023,0.911,,,,,TIPO_DATO_AMB__FOSDRIVEHIC_N1,'L"'indicatore è calcolato per il totale dei veicoli dotati di motore a combustione interna (benzina, gasolio, metano, GPL, bi-fuel), esclusi i veicoli ibridi elettrici.',,,,,,,,
A,Annuale,005005,Asti,FOSDRIVEHIC,Veicoli alimentati a combustibili fossili - per abitante,2024,0.912,,,,,TIPO_DATO_AMB__FOSDRIVEHIC_N1,'L"'indicatore è calcolato per il totale dei veicoli dotati di motore a combustione interna (benzina, gasolio, metano, GPL, bi-fuel), esclusi i veicoli ibridi elettrici.',,,,,,,,
A,Annuale,006003,Alessandria,FOSDRIVEHIC,Veicoli alimentati a combustibili fossili - per abitante,2022,0.837,,,,,TIPO_DATO_AMB__FOSDRIVEHIC_N1,'L"'indicatore è calcolato per il totale dei veicoli dotati di motore a combustione interna (benzina, gasolio, metano, GPL, bi-fuel), esclusi i veicoli ibridi elettrici.',,,,,,,,
A,Annuale,006003,Alessandria,FOSDRIVEHIC,Veicoli alimentati a combustibili fossili - per abitante,2023,0.832,,,,,TIPO_DATO_AMB__FOSDRIVEHIC_N1,'L"'indicatore è calcolato per il totale dei veicoli dotati di motore a combustione interna (benzina, gasolio, metano, GPL, bi-fuel), esclusi i veicoli ibridi elettrici.',,,,,,,,
A,Annuale,006003,Alessandria,FOSDRIVEHIC,Veicoli alimentati a combustibili fossili - per abitante,2024,0.822,,,,,TIPO_DATO_AMB__FOSDRIVEHIC_N1,'L"'indicatore è calcolato per il totale dei veicoli dotati di motore a combustione interna (benzina, gasolio, metano, GPL, bi-fuel), esclusi i veicoli ibridi elettrici.',,,,,,,,
A,Annuale,096004,Biella,FOSDRIVEHIC,Veicoli alimentati a combustibili fossili - per abitante,2022,0.917,,,,,TIPO_DATO_AMB__FOSDRIVEHIC_N1,'L"'indicatore è calcolato per il totale dei veicoli dotati di motore a combustione interna (benzina, gasolio, metano, GPL, bi-fuel), esclusi i veicoli ibridi elettrici.',,,,,,,,
A,Annuale,096004,Biella,FOSDRIVEHIC,Veicoli alimentati a combustibili fossili - per abitante,2023,0.916,,,,,TIPO_DATO_AMB__FOSDRIVEHIC_N1,'L"'indicatore è calcolato per il totale dei veicoli dotati di motore a combustione interna (benzina, gasolio, metano, GPL, bi-fuel), esclusi i veicoli ibridi elettrici.',,,,,,,,
A,Annuale,096004,Biella,FOSDRIVEHIC,Veicoli alimentati a combustibili fossili - per abitante,2024,0.901,,,,,TIPO_DATO_AMB__FOSDRIVEHIC_N1,'L"'indicatore è calcolato per il totale dei veicoli dotati di motore a combustione interna (benzina, gasolio, metano, GPL, bi-fuel), esclusi i veicoli ibridi elettrici.',,,,,,,,
A,Annuale,103072,Verbania,FOSDRIVEHIC,Veicoli alimentati a combustibili fossili - per abitante,2022,0.931,,,,,TIPO_DATO_AMB__FOSDRIVEHIC_N1,'L"'indicatore è calcolato per il totale dei veicoli dotati di motore a combustione interna (benzina, gasolio, metano, GPL, bi-fuel), esclusi i veicoli ibridi elettrici.',,,,,,,,
A,Annuale,103072,Verbania,FOSDRIVEHIC,Veicoli alimentati a combustibili fossili - per abitante,2023,0.93,,,,,TIPO_DATO_AMB__FOSDRIVEHIC_N1,'L"'indicatore è calcolato per il totale dei veicoli dotati di motore a combustione interna (benzina, gasolio, metano, GPL, bi-fuel), esclusi i veicoli ibridi elettrici.',,,,,,,,
A,Annuale,103072,Verbania,FOSDRIVEHIC,Veicoli alimentati a combustibili fossili - per abitante,2024,0.916,,,,,TIPO_DATO_AMB__FOSDRIVEHIC_N1,'L"'indicatore è calcolato per il totale dei veicoli dotati di motore a combustione interna (benzina, gasolio, metano, GPL, bi-fuel), esclusi i veicoli ibridi elettrici.',,,,,,,,
A,Annuale,007003,Aosta,FOSDRIVEHIC,Veicoli alimentati a combustibili fossili - per abitante,2022,0.924,,,,,TIPO_DATO_AMB__FOSDRIVEHIC_N1,'L"'indicatore è calcolato per il totale dei veicoli dotati di motore a combustione interna (benzina, gasolio, metano, GPL, bi-fuel), esclusi i veicoli ibridi elettrici.',,,,,,,,
A,Annuale,007003,Aosta,FOSDRIVEHIC,Veicoli alimentati a combustibili fossili - per abitante,2023,0.912,,,,,TIPO_DATO_AMB__FOSDRIVEHIC_N1,'L"'indicatore è calcolato per il totale dei veicoli dotati di motore a combustione interna (benzina, gasolio, metano, GPL, bi-fuel), esclusi i veicoli ibridi elettrici.',,,,,,,,
A,Annuale,007003,Aosta,FOSDRIVEHIC,Veicoli alimentati a combustibili fossili - per abitante,2024,0.896,,,,,TIPO_DATO_AMB__FOSDRIVEHIC_N1,'L"'indicatore è calcolato per il totale dei veicoli dotati di motore a combustione interna (benzina, gasolio, metano, GPL, bi-fuel), esclusi i veicoli ibridi elettrici.',,,,,,,,
A,Annuale,008031,Imperia,FOSDRIVEHIC,Veicoli alimentati a combustibili fossili - per abitante,2022,1.02,,,,,TIPO_DATO_AMB__FOSDRIVEHIC_N1,'L"'indicatore è calcolato per il totale dei veicoli dotati di motore a combustione interna (benzina, gasolio, metano, GPL, bi-fuel), esclusi i veicoli ibridi elettrici.',,,,,,,,
A,Annuale,008031,Imperia,FOSDRIVEHIC,Veicoli alimentati a combustibili fossili - per abitante,2023,1.017,,,,,TIPO_DATO_AMB__FOSDRIVEHIC_N1,'L"'indicatore è calcolato per il totale dei veicoli dotati di motore a combustione interna (benzina, gasolio, metano, GPL, bi-fuel), esclusi i veicoli ibridi elettrici.',,,,,,,,
A,Annuale,008031,Imperia,FOSDRIVEHIC,Veicoli alimentati a combustibili fossili - per abitante,2024,1.017,,,,,TIPO_DATO_AMB__FOSDRIVEHIC_N1,'L"'indicatore è calcolato per il totale dei veicoli dotati di motore a combustione interna (benzina, gasolio, metano, GPL, bi-fuel), esclusi i veicoli ibridi elettrici.',,,,,,,,
A,Annuale,009056,Savona,FOSDRIVEHIC,Veicoli alimentati a combustibili fossili - per abitante,2022,0.925,,,,,TIPO_DATO_AMB__FOSDRIVEHIC_N1,'L"'indicatore è calcolato per il totale dei veicoli dotati di motore a combustione interna (benzina, gasolio, metano, GPL, bi-fuel), esclusi i veicoli ibridi elettrici.',,,,,,,,
A,Annuale,009056,Savona,FOSDRIVEHIC,Veicoli alimentati a combustibili fossili - per abitante,2023,0.927,,,,,TIPO_DATO_AMB__FOSDRIVEHIC_N1,'L"'indicatore è calcolato per il totale dei veicoli dotati di motore a combustione interna (benzina, gasolio, metano, GPL, bi-fuel), esclusi i veicoli ibridi elettrici.',,,,,,,,
A,Annuale,009056,Savona,FOSDRIVEHIC,Veicoli alimentati a combustibili fossili - per abitante,2024,0.922,,,,,TIPO_DATO_AMB__FOSDRIVEHIC_N1,'L"'indicatore è calcolato per il totale dei veicoli dotati di motore a combustione interna (benzina, gasolio, metano, GPL, bi-fuel), esclusi i veicoli ibridi elettrici.',,,,,,,,
A,Annuale,010025,Genova,FOSDRIVEHIC,Veicoli alimentati a combustibili fossili - per abitante,2022,0.787,,,,,TIPO_DATO_AMB__FOSDRIVEHIC_N1,'L"'indicatore è calcolato per il totale dei veicoli dotati di motore a combustione interna (benzina, gasolio, metano, GPL, bi-fuel), esclusi i veicoli ibridi elettrici.',,,,,,,,
A,Annuale,010025,Genova,FOSDRIVEHIC,Veicoli alimentati a combustibili fossili - per abitante,2023,0.779,,,,,TIPO_DATO_AMB__FOSDRIVEHIC_N1,'L"'indicatore è calcolato per il totale dei veicoli dotati di motore a combustione interna (benzina, gasolio, metano, GPL, bi-fuel), esclusi i veicoli ibridi elettrici.',,,,,,,,
A,Annuale,010025,Genova,FOSDRIVEHIC,Veicoli alimentati a combustibili fossili - per abitante,2024,0.769,,,,,TIPO_DATO_AMB__FOSDRIVEHIC_N1,'L"'indicatore è calcolato per il totale dei veicoli dotati di motore a combustione interna (benzina, gasolio, metano, GPL, bi-fuel), esclusi i veicoli ibridi elettrici.',,,,,,,,
A,Annuale,011015,La Spezia,FOSDRIVEHIC,Veicoli alimentati a combustibili fossili - per abitante,2022,0.796,,,,,TIPO_DATO_AMB__FOSDRIVEHIC_N1,'L"'indicatore è calcolato per il totale dei veicoli dotati di motore a combustione interna (benzina, gasolio, metano, GPL, bi-fuel), esclusi i veicoli ibridi elettrici.',,,,,,,,
A,Annuale,011015,La Spezia,FOSDRIVEHIC,Veicoli alimentati a combustibili fossili - per abitante,2023,0.791,,,,,TIPO_DATO_AMB__FOSDRIVEHIC_N1,'L"'indicatore è calcolato per il totale dei veicoli dotati di motore a combustione interna (benzina, gasolio, metano, GPL, bi-fuel), esclusi i veicoli ibridi elettrici.',,,,,,,,
A,Annuale,011015,La Spezia,FOSDRIVEHIC,Veicoli alimentati a combustibili fossili - per abitante,2024,0.781,,,,,TIPO_DATO_AMB__FOSDRIVEHIC_N1,'L"'indicatore è calcolato per il totale dei veicoli dotati di motore a combustione interna (benzina, gasolio, metano, GPL, bi-fuel), esclusi i veicoli ibridi elettrici.',,,,,,,,
A,Annuale,012133,Varese,FOSDRIVEHIC,Veicoli alimentati a combustibili fossili - per abitante,2022,0.843,,,,,TIPO_DATO_AMB__FOSDRIVEHIC_N1,'L"'indicatore è calcolato per il totale dei veicoli dotati di motore a combustione interna (benzina, gasolio, metano, GPL, bi-fuel), esclusi i veicoli ibridi elettrici.',,,,,,,,
A,Annuale,012133,Varese,FOSDRIVEHIC,Veicoli alimentati a combustibili fossili - per abitante,2023,0.839,,,,,TIPO_DATO_AMB__FOSDRIVEHIC_N1,'L"'indicatore è calcolato per il totale dei veicoli dotati di motore a combustione interna (benzina, gasolio, metano, GPL, bi-fuel), esclusi i veicoli ibridi elettrici.',,,,,,,,
A,Annuale,012133,Varese,FOSDRIVEHIC,Veicoli alimentati a combustibili fossili - per abitante,2024,0.835,,,,,TIPO_DATO_AMB__FOSDRIVEHIC_N1,'L"'indicatore è calcolato per il totale dei veicoli dotati di motore a combustione interna (benzina, gasolio, metano, GPL, bi-fuel), esclusi i veicoli ibridi elettrici.',,,,,,,,
A,Annuale,013075,Como,FOSDRIVEHIC,Veicoli alimentati a combustibili fossili - per abitante,2022,0.848,,,,,TIPO_DATO_AMB__FOSDRIVEHIC_N1,'L"'indicatore è calcolato per il totale dei veicoli dotati di motore a combustione interna (benzina, gasolio, metano, GPL, bi-fuel), esclusi i veicoli ibridi elettrici.',,,,,,,,
A,Annuale,013075,Como,FOSDRIVEHIC,Veicoli alimentati a combustibili fossili - per abitante,2023,0.848,,,,,TIPO_DATO_AMB__FOSDRIVEHIC_N1,'L"'indicatore è calcolato per il totale dei veicoli dotati di motore a combustione interna (benzina, gasolio, metano, GPL, bi-fuel), esclusi i veicoli ibridi elettrici.',,,,,,,,
A,Annuale,013075,Como,FOSDRIVEHIC,Veicoli alimentati a combustibili fossili - per abitante,2024,0.829,,,,,TIPO_DATO_AMB__FOSDRIVEHIC_N1,'L"'indicatore è calcolato per il totale dei veicoli dotati di motore a combustione interna (benzina, gasolio, metano, GPL, bi-fuel), esclusi i veicoli ibridi elettrici.',,,,,,,,
A,Annuale,014061,Sondrio,FOSDRIVEHIC,Veicoli alimentati a combustibili fossili - per abitante,2022,0.831,,,,,TIPO_DATO_AMB__FOSDRIVEHIC_N1,'L"'indicatore è calcolato per il totale dei veicoli dotati di motore a combustione interna (benzina, gasolio, metano, GPL, bi-fuel), esclusi i veicoli ibridi elettrici.',,,,,,,,
A,Annuale,014061,Sondrio,FOSDRIVEHIC,Veicoli alimentati a combustibili fossili - per abitante,2023,0.831,,,,,TIPO_DATO_AMB__FOSDRIVEHIC_N1,'L"'indicatore è calcolato per il totale dei veicoli dotati di motore a combustione interna (benzina, gasolio, metano, GPL, bi-fuel), esclusi i veicoli ibridi elettrici.',,,,,,,,
A,Annuale,014061,Sondrio,FOSDRIVEHIC,Veicoli alimentati a combustibili fossili - per abitante,2024,0.826,,,,,TIPO_DATO_AMB__FOSDRIVEHIC_N1,'L"'indicatore è calcolato per il totale dei veicoli dotati di motore a combustione interna (benzina, gasolio, metano, GPL, bi-fuel), esclusi i veicoli ibridi elettrici.',,,,,,,,
A,Annuale,015146,Milano,FOSDRIVEHIC,Veicoli alimentati a combustibili fossili - per abitante,2022,0.667,,,,,TIPO_DATO_AMB__FOSDRIVEHIC_N1,'L"'indicatore è calcolato per il totale dei veicoli dotati di motore a combustione interna (benzina, gasolio, metano, GPL, bi-fuel), esclusi i veicoli ibridi elettrici.',,,,,,,,
A,Annuale,015146,Milano,FOSDRIVEHIC,Veicoli alimentati a combustibili fossili - per abitante,2023,0.663,,,,,TIPO_DATO_AMB__FOSDRIVEHIC_N1,'L"'indicatore è calcolato per il totale dei veicoli dotati di motore a combustione interna (benzina, gasolio, metano, GPL, bi-fuel), esclusi i veicoli ibridi elettrici.',,,,,,,,
A,Annuale,015146,Milano,FOSDRIVEHIC,Veicoli alimentati a combustibili fossili - per abitante,2024,0.645,,,,,TIPO_DATO_AMB__FOSDRIVEHIC_N1,'L"'indicatore è calcolato per il totale dei veicoli dotati di motore a combustione interna (benzina, gasolio, metano, GPL, bi-fuel), esclusi i veicoli ibridi elettrici.',,,,,,,,
A,Annuale,016024,Bergamo,FOSDRIVEHIC,Veicoli alimentati a combustibili fossili - per abitante,2022,0.826,,,,,TIPO_DATO_AMB__FOSDRIVEHIC_N1,'L"'indicatore è calcolato per il totale dei veicoli dotati di motore a combustione interna (benzina, gasolio, metano, GPL, bi-fuel), esclusi i veicoli ibridi elettrici.',,,,,,,,
A,Annuale,016024,Bergamo,FOSDRIVEHIC,Veicoli alimentati a combustibili fossili - per abitante,2023,0.824,,,,,TIPO_DATO_AMB__FOSDRIVEHIC_N1,'L"'indicatore è calcolato per il totale dei veicoli dotati di motore a combustione interna (benzina, gasolio, metano, GPL, bi-fuel), esclusi i veicoli ibridi elettrici.',,,,,,,,
A,Annuale,016024,Bergamo,FOSDRIVEHIC,Veicoli alimentati a combustibili fossili - per abitante,2024,0.812,,,,,TIPO_DATO_AMB__FOSDRIVEHIC_N1,'L"'indicatore è calcolato per il totale dei veicoli dotati di motore a combustione interna (benzina, gasolio, metano, GPL, bi-fuel), esclusi i veicoli ibridi elettrici.',,,,,,,,
A,Annuale,017029,Brescia,FOSDRIVEHIC,Veicoli alimentati a combustibili fossili - per abitante,2022,0.784,,,,,TIPO_DATO_AMB__FOSDRIVEHIC_N1,'L"'indicatore è calcolato per il totale dei veicoli dotati di motore a combustione interna (benzina, gasolio, metano, GPL, bi-fuel), esclusi i veicoli ibridi elettrici.',,,,,,,,
A,Annuale,017029,Brescia,FOSDRIVEHIC,Veicoli alimentati a combustibili fossili - per abitante,2023,0.783,,,,,TIPO_DATO_AMB__FOSDRIVEHIC_N1,'L"'indicatore è calcolato per il totale dei veicoli dotati di motore a combustione interna (benzina, gasolio, metano, GPL, bi-fuel), esclusi i veicoli ibridi elettrici.',,,,,,,,
A,Annuale,017029,Brescia,FOSDRIVEHIC,Veicoli alimentati a combustibili fossili - per abitante,2024,0.771,,,,,TIPO_DATO_AMB__FOSDRIVEHIC_N1,'L"'indicatore è calcolato per il totale dei veicoli dotati di motore a combustione interna (benzina, gasolio, metano, GPL, bi-fuel), esclusi i veicoli ibridi elettrici.',,,,,,,,
A,Annuale,018110,Pavia,FOSDRIVEHIC,Veicoli alimentati a combustibili fossili - per abitante,2022,0.752,,,,,TIPO_DATO_AMB__FOSDRIVEHIC_N1,'L"'indicatore è calcolato per il totale dei veicoli dotati di motore a combustione interna (benzina, gasolio, metano, GPL, bi-fuel), esclusi i veicoli ibridi elettrici.',,,,,,,,
A,Annuale,018110,Pavia,FOSDRIVEHIC,Veicoli alimentati a combustibili fossili - per abitante,2023,0.744,,,,,TIPO_DATO_AMB__FOSDRIVEHIC_N1,'L"'indicatore è calcolato per il totale dei veicoli dotati di motore a combustione interna (benzina, gasolio, metano, GPL, bi-fuel), esclusi i veicoli ibridi elettrici.',,,,,,,,
A,Annuale,018110,Pavia,FOSDRIVEHIC,Veicoli alimentati a combustibili fossili - per abitante,2024,0.73,,,,,TIPO_DATO_AMB__FOSDRIVEHIC_N1,'L"'indicatore è calcolato per il totale dei veicoli dotati di motore a combustione interna (benzina, gasolio, metano, GPL, bi-fuel), esclusi i veicoli ibridi elettrici.',,,,,,,,
A,Annuale,019036,Cremona,FOSDRIVEHIC,Veicoli alimentati a combustibili fossili - per abitante,2022,0.789,,,,,TIPO_DATO_AMB__FOSDRIVEHIC_N1,'L"'indicatore è calcolato per il totale dei veicoli dotati di motore a combustione interna (benzina, gasolio, metano, GPL, bi-fuel), esclusi i veicoli ibridi elettrici.',,,,,,,,
A,Annuale,019036,Cremona,FOSDRIVEHIC,Veicoli alimentati a combustibili fossili - per abitante,2023,0.791,,,,,TIPO_DATO_AMB__FOSDRIVEHIC_N1,'L"'indicatore è calcolato per il totale dei veicoli dotati di motore a combustione interna (benzina, gasolio, metano, GPL, bi-fuel), esclusi i veicoli ibridi elettrici.',,,,,,,,
A,Annuale,019036,Cremona,FOSDRIVEHIC,Veicoli alimentati a combustibili fossili - per abitante,2024,0.783,,,,,TIPO_DATO_AMB__FOSDRIVEHIC_N1,'L"'indicatore è calcolato per il totale dei veicoli dotati di motore a combustione interna (benzina, gasolio, metano, GPL, bi-fuel), esclusi i veicoli ibridi elettrici.',,,,,,,,
A,Annuale,020030,Mantova,FOSDRIVEHIC,Veicoli alimentati a combustibili fossili - per abitante,2022,0.895,,,,,TIPO_DATO_AMB__FOSDRIVEHIC_N1,'L"'indicatore è calcolato per il totale dei veicoli dotati di motore a combustione interna (benzina, gasolio, metano, GPL, bi-fuel), esclusi i veicoli ibridi elettrici.',,,,,,,,
A,Annuale,020030,Mantova,FOSDRIVEHIC,Veicoli alimentati a combustibili fossili - per abitante,2023,0.894,,,,,TIPO_DATO_AMB__FOSDRIVEHIC_N1,'L"'indicatore è calcolato per il totale dei veicoli dotati di motore a combustione interna (benzina, gasolio, metano, GPL, bi-fuel), esclusi i veicoli ibridi elettrici.',,,,,,,,
A,Annuale,020030,Mantova,FOSDRIVEHIC,Veicoli alimentati a combustibili fossili - per abitante,2024,0.883,,,,,TIPO_DATO_AMB__FOSDRIVEHIC_N1,'L"'indicatore è calcolato per il totale dei veicoli dotati di motore a combustione interna (benzina, gasolio, metano, GPL, bi-fuel), esclusi i veicoli ibridi elettrici.',,,,,,,,
A,Annuale,097042,Lecco,FOSDRIVEHIC,Veicoli alimentati a combustibili fossili - per abitante,2022,0.815,,,,,TIPO_DATO_AMB__FOSDRIVEHIC_N1,'L"'indicatore è calcolato per il totale dei veicoli dotati di motore a combustione interna (benzina, gasolio, metano, GPL, bi-fuel), esclusi i veicoli ibridi elettrici.',,,,,,,,
A,Annuale,097042,Lecco,FOSDRIVEHIC,Veicoli alimentati a combustibili fossili - per abitante,2023,0.814,,,,,TIPO_DATO_AMB__FOSDRIVEHIC_N1,'L"'indicatore è calcolato per il totale dei veicoli dotati di motore a combustione interna (benzina, gasolio, metano, GPL, bi-fuel), esclusi i veicoli ibridi elettrici.',,,,,,,,
A,Annuale,097042,Lecco,FOSDRIVEHIC,Veicoli alimentati a combustibili fossili - per abitante,2024,0.802,,,,,TIPO_DATO_AMB__FOSDRIVEHIC_N1,'L"'indicatore è calcolato per il totale dei veicoli dotati di motore a combustione interna (benzina, gasolio, metano, GPL, bi-fuel), esclusi i veicoli ibridi elettrici.',,,,,,,,
A,Annuale,098031,Lodi,FOSDRIVEHIC,Veicoli alimentati a combustibili fossili - per abitante,2022,0.733,,,,,TIPO_DATO_AMB__FOSDRIVEHIC_N1,'L"'indicatore è calcolato per il totale dei veicoli dotati di motore a combustione interna (benzina, gasolio, metano, GPL, bi-fuel), esclusi i veicoli ibridi elettrici.',,,,,,,,
A,Annuale,098031,Lodi,FOSDRIVEHIC,Veicoli alimentati a combustibili fossili - per abitante,2023,0.732,,,,,TIPO_DATO_AMB__FOSDRIVEHIC_N1,'L"'indicatore è calcolato per il totale dei veicoli dotati di motore a combustione interna (benzina, gasolio, metano, GPL, bi-fuel), esclusi i veicoli ibridi elettrici.',,,,,,,,
A,Annuale,098031,Lodi,FOSDRIVEHIC,Veicoli alimentati a combustibili fossili - per abitante,2024,0.722,,,,,TIPO_DATO_AMB__FOSDRIVEHIC_N1,'L"'indicatore è calcolato per il totale dei veicoli dotati di motore a combustione interna (benzina, gasolio, metano, GPL, bi-fuel), esclusi i veicoli ibridi elettrici.',,,,,,,,
A,Annuale,108033,Monza,FOSDRIVEHIC,Veicoli alimentati a combustibili fossili - per abitante,2022,0.819,,,ITTER107__108033_N1,Comune incluso nella rilevazione a partire dal 2010,TIPO_DATO_AMB__FOSDRIVEHIC_N1,'L"'indicatore è calcolato per il totale dei veicoli dotati di motore a combustione interna (benzina, gasolio, metano, GPL, bi-fuel), esclusi i veicoli ibridi elettrici.',,,,,,,,
A,Annuale,108033,Monza,FOSDRIVEHIC,Veicoli alimentati a combustibili fossili - per abitante,2023,0.819,,,ITTER107__108033_N1,Comune incluso nella rilevazione a partire dal 2010,TIPO_DATO_AMB__FOSDRIVEHIC_N1,'L"'indicatore è calcolato per il totale dei veicoli dotati di motore a combustione interna (benzina, gasolio, metano, GPL, bi-fuel), esclusi i veicoli ibridi elettrici.',,,,,,,,
A,Annuale,108033,Monza,FOSDRIVEHIC,Veicoli alimentati a combustibili fossili - per abitante,2024,0.796,,,ITTER107__108033_N1,Comune incluso nella rilevazione a partire dal 2010,TIPO_DATO_AMB__FOSDRIVEHIC_N1,'L"'indicatore è calcolato per il totale dei veicoli dotati di motore a combustione interna (benzina, gasolio, metano, GPL, bi-fuel), esclusi i veicoli ibridi elettrici.',,,,,,,,
A,Annuale,ITD,Nord-est,FOSDRIVEHIC,Veicoli alimentati a combustibili fossili - per abitante,2022,0.805,,,ITTER107__ITD_N1,'Valori riferiti all"'insieme dei comuni capoluogo. Italia, Nord, Nord-est e Capoluoghi di provincia non includono il comune di Cesena.',TIPO_DATO_AMB__FOSDRIVEHIC_N1,'L"'indicatore è calcolato per il totale dei veicoli dotati di motore a combustione interna (benzina, gasolio, metano, GPL, bi-fuel), esclusi i veicoli ibridi elettrici.',,,,,,,,
A,Annuale,ITD,Nord-est,FOSDRIVEHIC,Veicoli alimentati a combustibili fossili - per abitante,2023,0.791,,,ITTER107__ITD_N1,'Valori riferiti all"'insieme dei comuni capoluogo. Italia, Nord, Nord-est e Capoluoghi di provincia non includono il comune di Cesena.',TIPO_DATO_AMB__FOSDRIVEHIC_N1,'L"'indicatore è calcolato per il totale dei veicoli dotati di motore a combustione interna (benzina, gasolio, metano, GPL, bi-fuel), esclusi i veicoli ibridi elettrici.',,,,,,,,
A,Annuale,ITD,Nord-est,FOSDRIVEHIC,Veicoli alimentati a combustibili fossili - per abitante,2024,0.802,,,ITTER107__ITD_N1,'Valori riferiti all"'insieme dei comuni capoluogo. Italia, Nord, Nord-est e Capoluoghi di provincia non includono il comune di Cesena.',TIPO_DATO_AMB__FOSDRIVEHIC_N1,'L"'indicatore è calcolato per il totale dei veicoli dotati di motore a combustione interna (benzina, gasolio, metano, GPL, bi-fuel), esclusi i veicoli ibridi elettrici.',,,,,,,,
A,Annuale,021008,Bolzano/Bozen,FOSDRIVEHIC,Veicoli alimentati a combustibili fossili - per abitante,2022,0.836,,,,,TIPO_DATO_AMB__FOSDRIVEHIC_N1,'L"'indicatore è calcolato per il totale dei veicoli dotati di motore a combustione interna (benzina, gasolio, metano, GPL, bi-fuel), esclusi i veicoli ibridi elettrici.',,,,,,,,
A,Annuale,021008,Bolzano/Bozen,FOSDRIVEHIC,Veicoli alimentati a combustibili fossili - per abitante,2023,0.857,,,,,TIPO_DATO_AMB__FOSDRIVEHIC_N1,'L"'indicatore è calcolato per il totale dei veicoli dotati di motore a combustione interna (benzina, gasolio, metano, GPL, bi-fuel), esclusi i veicoli ibridi elettrici.',,,,,,,,
A,Annuale,021008,Bolzano/Bozen,FOSDRIVEHIC,Veicoli alimentati a combustibili fossili - per abitante,2024,0.871,,,,,TIPO_DATO_AMB__FOSDRIVEHIC_N1,'L"'indicatore è calcolato per il totale dei veicoli dotati di motore a combustione interna (benzina, gasolio, metano, GPL, bi-fuel), esclusi i veicoli ibridi elettrici.',,,,,,,,
A,Annuale,022205,Trento,FOSDRIVEHIC,Veicoli alimentati a combustibili fossili - per abitante,2022,0.843,,,,,TIPO_DATO_AMB__FOSDRIVEHIC_N1,'L"'indicatore è calcolato per il totale dei veicoli dotati di motore a combustione interna (benzina, gasolio, metano, GPL, bi-fuel), esclusi i veicoli ibridi elettrici.',,,,,,,,
A,Annuale,022205,Trento,FOSDRIVEHIC,Veicoli alimentati a combustibili fossili - per abitante,2023,0.85,,,,,TIPO_DATO_AMB__FOSDRIVEHIC_N1,'L"'indicatore è calcolato per il totale dei veicoli dotati di motore a combustione interna (benzina, gasolio, metano, GPL, bi-fuel), esclusi i veicoli ibridi elettrici.',,,,,,,,
A,Annuale,022205,Trento,FOSDRIVEHIC,Veicoli alimentati a combustibili fossili - per abitante,2024,0.846,,,,,TIPO_DATO_AMB__FOSDRIVEHIC_N1,'L"'indicatore è calcolato per il totale dei veicoli dotati di motore a combustione interna (benzina, gasolio, metano, GPL, bi-fuel), esclusi i veicoli ibridi elettrici.',,,,,,,,
A,Annuale,023091,Verona,FOSDRIVEHIC,Veicoli alimentati a combustibili fossili - per abitante,2022,0.854,,,,,TIPO_DATO_AMB__FOSDRIVEHIC_N1,'L"'indicatore è calcolato per il totale dei veicoli dotati di motore a combustione interna (benzina, gasolio, metano, GPL, bi-fuel), esclusi i veicoli ibridi elettrici.',,,,,,,,
A,Annuale,023091,Verona,FOSDRIVEHIC,Veicoli alimentati a combustibili fossili - per abitante,2023,0.846,,,,,TIPO_DATO_AMB__FOSDRIVEHIC_N1,'L"'indicatore è calcolato per il totale dei veicoli dotati di motore a combustione interna (benzina, gasolio, metano, GPL, bi-fuel), esclusi i veicoli ibridi elettrici.',,,,,,,,
A,Annuale,023091,Verona,FOSDRIVEHIC,Veicoli alimentati a combustibili fossili - per abitante,2024,0.841,,,,,TIPO_DATO_AMB__FOSDRIVEHIC_N1,'L"'indicatore è calcolato per il totale dei veicoli dotati di motore a combustione interna (benzina, gasolio, metano, GPL, bi-fuel), esclusi i veicoli ibridi elettrici.',,,,,,,,
A,Annuale,024116,Vicenza,FOSDRIVEHIC,Veicoli alimentati a combustibili fossili - per abitante,2022,0.791,,,,,TIPO_DATO_AMB__FOSDRIVEHIC_N1,'L"'indicatore è calcolato per il totale dei veicoli dotati di motore a combustione interna (benzina, gasolio, metano, GPL, bi-fuel), esclusi i veicoli ibridi elettrici.',,,,,,,,
A,Annuale,024116,Vicenza,FOSDRIVEHIC,Veicoli alimentati a combustibili fossili - per abitante,2023,0.79,,,,,TIPO_DATO_AMB__FOSDRIVEHIC_N1,'L"'indicatore è calcolato per il totale dei veicoli dotati di motore a combustione interna (benzina, gasolio, metano, GPL, bi-fuel), esclusi i veicoli ibridi elettrici.',,,,,,,,
A,Annuale,024116,Vicenza,FOSDRIVEHIC,Veicoli alimentati a combustibili fossili - per abitante,2024,0.784,,,,,TIPO_DATO_AMB__FOSDRIVEHIC_N1,'L"'indicatore è calcolato per il totale dei veicoli dotati di motore a combustione interna (benzina, gasolio, metano, GPL, bi-fuel), esclusi i veicoli ibridi elettrici.',,,,,,,,
A,Annuale,025006,Belluno,FOSDRIVEHIC,Veicoli alimentati a combustibili fossili - per abitante,2022,0.844,,,,,TIPO_DATO_AMB__FOSDRIVEHIC_N1,'L"'indicatore è calcolato per il totale dei veicoli dotati di motore a combustione interna (benzina, gasolio, metano, GPL, bi-fuel), esclusi i veicoli ibridi elettrici.',,,,,,,,
A,Annuale,025006,Belluno,FOSDRIVEHIC,Veicoli alimentati a combustibili fossili - per abitante,2023,0.846,,,,,TIPO_DATO_AMB__FOSDRIVEHIC_N1,'L"'indicatore è calcolato per il totale dei veicoli dotati di motore a combustione interna (benzina, gasolio, metano, GPL, bi-fuel), esclusi i veicoli ibridi elettrici.',,,,,,,,
A,Annuale,025006,Belluno,FOSDRIVEHIC,Veicoli alimentati a combustibili fossili - per abitante,2024,0.838,,,,,TIPO_DATO_AMB__FOSDRIVEHIC_N1,'L"'indicatore è calcolato per il totale dei veicoli dotati di motore a combustione interna (benzina, gasolio, metano, GPL, bi-fuel), esclusi i veicoli ibridi elettrici.',,,,,,,,
A,Annuale,026086,Treviso,FOSDRIVEHIC,Veicoli alimentati a combustibili fossili - per abitante,2022,0.767,,,,,TIPO_DATO_AMB__FOSDRIVEHIC_N1,'L"'indicatore è calcolato per il totale dei veicoli dotati di motore a combustione interna (benzina, gasolio, metano, GPL, bi-fuel), esclusi i veicoli ibridi elettrici.',,,,,,,,
A,Annuale,026086,Treviso,FOSDRIVEHIC,Veicoli alimentati a combustibili fossili - per abitante,2023,0.761,,,,,TIPO_DATO_AMB__FOSDRIVEHIC_N1,'L"'indicatore è calcolato per il totale dei veicoli dotati di motore a combustione interna (benzina, gasolio, metano, GPL, bi-fuel), esclusi i veicoli ibridi elettrici.',,,,,,,,
A,Annuale,026086,Treviso,FOSDRIVEHIC,Veicoli alimentati a combustibili fossili - per abitante,2024,0.754,,,,,TIPO_DATO_AMB__FOSDRIVEHIC_N1,'L"'indicatore è calcolato per il totale dei veicoli dotati di motore a combustione interna (benzina, gasolio, metano, GPL, bi-fuel), esclusi i veicoli ibridi elettrici.',,,,,,,,
A,Annuale,027042,Venezia,FOSDRIVEHIC,Veicoli alimentati a combustibili fossili - per abitante,2022,0.549,,,,,TIPO_DATO_AMB__FOSDRIVEHIC_N1,'L"'indicatore è calcolato per il totale dei veicoli dotati di motore a combustione interna (benzina, gasolio, metano, GPL, bi-fuel), esclusi i veicoli ibridi elettrici.',,,,,,,,
A,Annuale,027042,Venezia,FOSDRIVEHIC,Veicoli alimentati a combustibili fossili - per abitante,2023,0.548,,,,,TIPO_DATO_AMB__FOSDRIVEHIC_N1,'L"'indicatore è calcolato per il totale dei veicoli dotati di motore a combustione interna (benzina, gasolio, metano, GPL, bi-fuel), esclusi i veicoli ibridi elettrici.',,,,,,,,
A,Annuale,027042,Venezia,FOSDRIVEHIC,Veicoli alimentati a combustibili fossili - per abitante,2024,0.543,,,,,TIPO_DATO_AMB__FOSDRIVEHIC_N1,'L"'indicatore è calcolato per il totale dei veicoli dotati di motore a combustione interna (benzina, gasolio, metano, GPL, bi-fuel), esclusi i veicoli ibridi elettrici.',,,,,,,,
A,Annuale,028060,Padova,FOSDRIVEHIC,Veicoli alimentati a combustibili fossili - per abitante,2022,0.788,,,,,TIPO_DATO_AMB__FOSDRIVEHIC_N1,'L"'indicatore è calcolato per il totale dei veicoli dotati di motore a combustione interna (benzina, gasolio, metano, GPL, bi-fuel), esclusi i veicoli ibridi elettrici.',,,,,,,,
A,Annuale,028060,Padova,FOSDRIVEHIC,Veicoli alimentati a combustibili fossili - per abitante,2023,0.781,,,,,TIPO_DATO_AMB__FOSDRIVEHIC_N1,'L"'indicatore è calcolato per il totale dei veicoli dotati di motore a combustione interna (benzina, gasolio, metano, GPL, bi-fuel), esclusi i veicoli ibridi elettrici.',,,,,,,,
A,Annuale,028060,Padova,FOSDRIVEHIC,Veicoli alimentati a combustibili fossili - per abitante,2024,0.769,,,,,TIPO_DATO_AMB__FOSDRIVEHIC_N1,'L"'indicatore è calcolato per il totale dei veicoli dotati di motore a combustione interna (benzina, gasolio, metano, GPL, bi-fuel), esclusi i veicoli ibridi elettrici.',,,,,,,,
A,Annuale,029041,Rovigo,FOSDRIVEHIC,Veicoli alimentati a combustibili fossili - per abitante,2022,0.87,,,,,TIPO_DATO_AMB__FOSDRIVEHIC_N1,'L"'indicatore è calcolato per il totale dei veicoli dotati di motore a combustione interna (benzina, gasolio, metano, GPL, bi-fuel), esclusi i veicoli ibridi elettrici.',,,,,,,,
A,Annuale,029041,Rovigo,FOSDRIVEHIC,Veicoli alimentati a combustibili fossili - per abitante,2023,0.875,,,,,TIPO_DATO_AMB__FOSDRIVEHIC_N1,'L"'indicatore è calcolato per il totale dei veicoli dotati di motore a combustione interna (benzina, gasolio, metano, GPL, bi-fuel), esclusi i veicoli ibridi elettrici.',,,,,,,,
A,Annuale,029041,Rovigo,FOSDRIVEHIC,Veicoli alimentati a combustibili fossili - per abitante,2024,0.873,,,,,TIPO_DATO_AMB__FOSDRIVEHIC_N1,'L"'indicatore è calcolato per il totale dei veicoli dotati di motore a combustione interna (benzina, gasolio, metano, GPL, bi-fuel), esclusi i veicoli ibridi elettrici.',,,,,,,,
A,Annuale,030129,Udine,FOSDRIVEHIC,Veicoli alimentati a combustibili fossili - per abitante,2022,0.828,,,,,TIPO_DATO_AMB__FOSDRIVEHIC_N1,'L"'indicatore è calcolato per il totale dei veicoli dotati di motore a combustione interna (benzina, gasolio, metano, GPL, bi-fuel), esclusi i veicoli ibridi elettrici.',,,,,,,,
A,Annuale,030129,Udine,FOSDRIVEHIC,Veicoli alimentati a combustibili fossili - per abitante,2023,0.824,,,,,TIPO_DATO_AMB__FOSDRIVEHIC_N1,'L"'indicatore è calcolato per il totale dei veicoli dotati di motore a combustione interna (benzina, gasolio, metano, GPL, bi-fuel), esclusi i veicoli ibridi elettrici.',,,,,,,,
A,Annuale,030129,Udine,FOSDRIVEHIC,Veicoli alimentati a combustibili fossili - per abitante,2024,0.817,,,,,TIPO_DATO_AMB__FOSDRIVEHIC_N1,'L"'indicatore è calcolato per il totale dei veicoli dotati di motore a combustione interna (benzina, gasolio, metano, GPL, bi-fuel), esclusi i veicoli ibridi elettrici.',,,,,,,,
A,Annuale,031007,Gorizia,FOSDRIVEHIC,Veicoli alimentati a combustibili fossili - per abitante,2022,0.884,,,,,TIPO_DATO_AMB__FOSDRIVEHIC_N1,'L"'indicatore è calcolato per il totale dei veicoli dotati di motore a combustione interna (benzina, gasolio, metano, GPL, bi-fuel), esclusi i veicoli ibridi elettrici.',,,,,,,,
A,Annuale,031007,Gorizia,FOSDRIVEHIC,Veicoli alimentati a combustibili fossili - per abitante,2023,0.88,,,,,TIPO_DATO_AMB__FOSDRIVEHIC_N1,'L"'indicatore è calcolato per il totale dei veicoli dotati di motore a combustione interna (benzina, gasolio, metano, GPL, bi-fuel), esclusi i veicoli ibridi elettrici.',,,,,,,,
A,Annuale,031007,Gorizia,FOSDRIVEHIC,Veicoli alimentati a combustibili fossili - per abitante,2024,0.877,,,,,TIPO_DATO_AMB__FOSDRIVEHIC_N1,'L"'indicatore è calcolato per il totale dei veicoli dotati di motore a combustione interna (benzina, gasolio, metano, GPL, bi-fuel), esclusi i veicoli ibridi elettrici.',,,,,,,,
A,Annuale,032006,Trieste,FOSDRIVEHIC,Veicoli alimentati a combustibili fossili - per abitante,2022,0.829,,,,,TIPO_DATO_AMB__FOSDRIVEHIC_N1,'L"'indicatore è calcolato per il totale dei veicoli dotati di motore a combustione interna (benzina, gasolio, metano, GPL, bi-fuel), esclusi i veicoli ibridi elettrici.',,,,,,,,
A,Annuale,032006,Trieste,FOSDRIVEHIC,Veicoli alimentati a combustibili fossili - per abitante,2023,0.831,,,,,TIPO_DATO_AMB__FOSDRIVEHIC_N1,'L"'indicatore è calcolato per il totale dei veicoli dotati di motore a combustione interna (benzina, gasolio, metano, GPL, bi-fuel), esclusi i veicoli ibridi elettrici.',,,,,,,,
A,Annuale,032006,Trieste,FOSDRIVEHIC,Veicoli alimentati a combustibili fossili - per abitante,2024,0.829,,,,,TIPO_DATO_AMB__FOSDRIVEHIC_N1,'L"'indicatore è calcolato per il totale dei veicoli dotati di motore a combustione interna (benzina, gasolio, metano, GPL, bi-fuel), esclusi i veicoli ibridi elettrici.',,,,,,,,
A,Annuale,093033,Pordenone,FOSDRIVEHIC,Veicoli alimentati a combustibili fossili - per abitante,2022,0.85,,,,,TIPO_DATO_AMB__FOSDRIVEHIC_N1,'L"'indicatore è calcolato per il totale dei veicoli dotati di motore a combustione interna (benzina, gasolio, metano, GPL, bi-fuel), esclusi i veicoli ibridi elettrici.',,,,,,,,
A,Annuale,093033,Pordenone,FOSDRIVEHIC,Veicoli alimentati a combustibili fossili - per abitante,2023,0.853,,,,,TIPO_DATO_AMB__FOSDRIVEHIC_N1,'L"'indicatore è calcolato per il totale dei veicoli dotati di motore a combustione interna (benzina, gasolio, metano, GPL, bi-fuel), esclusi i veicoli ibridi elettrici.',,,,,,,,
A,Annuale,093033,Pordenone,FOSDRIVEHIC,Veicoli alimentati a combustibili fossili - per abitante,2024,0.838,,,,,TIPO_DATO_AMB__FOSDRIVEHIC_N1,'L"'indicatore è calcolato per il totale dei veicoli dotati di motore a combustione interna (benzina, gasolio, metano, GPL, bi-fuel), esclusi i veicoli ibridi elettrici.',,,,,,,,
A,Annuale,033032,Piacenza,FOSDRIVEHIC,Veicoli alimentati a combustibili fossili - per abitante,2022,0.832,,,,,TIPO_DATO_AMB__FOSDRIVEHIC_N1,'L"'indicatore è calcolato per il totale dei veicoli dotati di motore a combustione interna (benzina, gasolio, metano, GPL, bi-fuel), esclusi i veicoli ibridi elettrici.',,,,,,,,
A,Annuale,033032,Piacenza,FOSDRIVEHIC,Veicoli alimentati a combustibili fossili - per abitante,2023,0.834,,,,,TIPO_DATO_AMB__FOSDRIVEHIC_N1,'L"'indicatore è calcolato per il totale dei veicoli dotati di motore a combustione interna (benzina, gasolio, metano, GPL, bi-fuel), esclusi i veicoli ibridi elettrici.',,,,,,,,
A,Annuale,033032,Piacenza,FOSDRIVEHIC,Veicoli alimentati a combustibili fossili - per abitante,2024,0.826,,,,,TIPO_DATO_AMB__FOSDRIVEHIC_N1,'L"'indicatore è calcolato per il totale dei veicoli dotati di motore a combustione interna (benzina, gasolio, metano, GPL, bi-fuel), esclusi i veicoli ibridi elettrici.',,,,,,,,
A,Annuale,034027,Parma,FOSDRIVEHIC,Veicoli alimentati a combustibili fossili - per abitante,2022,0.823,,,,,TIPO_DATO_AMB__FOSDRIVEHIC_N1,'L"'indicatore è calcolato per il totale dei veicoli dotati di motore a combustione interna (benzina, gasolio, metano, GPL, bi-fuel), esclusi i veicoli ibridi elettrici.',,,,,,,,
A,Annuale,034027,Parma,FOSDRIVEHIC,Veicoli alimentati a combustibili fossili - per abitante,2023,0.817,,,,,TIPO_DATO_AMB__FOSDRIVEHIC_N1,'L"'indicatore è calcolato per il totale dei veicoli dotati di motore a combustione interna (benzina, gasolio, metano, GPL, bi-fuel), esclusi i veicoli ibridi elettrici.',,,,,,,,
A,Annuale,034027,Parma,FOSDRIVEHIC,Veicoli alimentati a combustibili fossili - per abitante,2024,0.805,,,,,TIPO_DATO_AMB__FOSDRIVEHIC_N1,'L"'indicatore è calcolato per il totale dei veicoli dotati di motore a combustione interna (benzina, gasolio, metano, GPL, bi-fuel), esclusi i veicoli ibridi elettrici.',,,,,,,,
A,Annuale,035033,'Reggio nell"'Emilia',FOSDRIVEHIC,Veicoli alimentati a combustibili fossili - per abitante,2022,0.85,,,,,TIPO_DATO_AMB__FOSDRIVEHIC_N1,'L"'indicatore è calcolato per il totale dei veicoli dotati di motore a combustione interna (benzina, gasolio, metano, GPL, bi-fuel), esclusi i veicoli ibridi elettrici.',,,,,,,,
A,Annuale,035033,'Reggio nell"'Emilia',FOSDRIVEHIC,Veicoli alimentati a combustibili fossili - per abitante,2023,0.85,,,,,TIPO_DATO_AMB__FOSDRIVEHIC_N1,'L"'indicatore è calcolato per il totale dei veicoli dotati di motore a combustione interna (benzina, gasolio, metano, GPL, bi-fuel), esclusi i veicoli ibridi elettrici.',,,,,,,,
A,Annuale,035033,'Reggio nell"'Emilia',FOSDRIVEHIC,Veicoli alimentati a combustibili fossili - per abitante,2024,0.844,,,,,TIPO_DATO_AMB__FOSDRIVEHIC_N1,'L"'indicatore è calcolato per il totale dei veicoli dotati di motore a combustione interna (benzina, gasolio, metano, GPL, bi-fuel), esclusi i veicoli ibridi elettrici.',,,,,,,,
A,Annuale,036023,Modena,FOSDRIVEHIC,Veicoli alimentati a combustibili fossili - per abitante,2022,0.825,,,,,TIPO_DATO_AMB__FOSDRIVEHIC_N1,'L"'indicatore è calcolato per il totale dei veicoli dotati di motore a combustione interna (benzina, gasolio, metano, GPL, bi-fuel), esclusi i veicoli ibridi elettrici.',,,,,,,,
A,Annuale,036023,Modena,FOSDRIVEHIC,Veicoli alimentati a combustibili fossili - per abitante,2023,0.824,,,,,TIPO_DATO_AMB__FOSDRIVEHIC_N1,'L"'indicatore è calcolato per il totale dei veicoli dotati di motore a combustione interna (benzina, gasolio, metano, GPL, bi-fuel), esclusi i veicoli ibridi elettrici.',,,,,,,,
A,Annuale,036023,Modena,FOSDRIVEHIC,Veicoli alimentati a combustibili fossili - per abitante,2024,0.815,,,,,TIPO_DATO_AMB__FOSDRIVEHIC_N1,'L"'indicatore è calcolato per il totale dei veicoli dotati di motore a combustione interna (benzina, gasolio, metano, GPL, bi-fuel), esclusi i veicoli ibridi elettrici.',,,,,,,,
A,Annuale,037006,Bologna,FOSDRIVEHIC,Veicoli alimentati a combustibili fossili - per abitante,2022,0.71,,,,,TIPO_DATO_AMB__FOSDRIVEHIC_N1,'L"'indicatore è calcolato per il totale dei veicoli dotati di motore a combustione interna (benzina, gasolio, metano, GPL, bi-fuel), esclusi i veicoli ibridi elettrici.',,,,,,,,
A,Annuale,037006,Bologna,FOSDRIVEHIC,Veicoli alimentati a combustibili fossili - per abitante,2023,0.702,,,,,TIPO_DATO_AMB__FOSDRIVEHIC_N1,'L"'indicatore è calcolato per il totale dei veicoli dotati di motore a combustione interna (benzina, gasolio, metano, GPL, bi-fuel), esclusi i veicoli ibridi elettrici.',,,,,,,,
A,Annuale,037006,Bologna,FOSDRIVEHIC,Veicoli alimentati a combustibili fossili - per abitante,2024,0.692,,,,,TIPO_DATO_AMB__FOSDRIVEHIC_N1,'L"'indicatore è calcolato per il totale dei veicoli dotati di motore a combustione interna (benzina, gasolio, metano, GPL, bi-fuel), esclusi i veicoli ibridi elettrici.',,,,,,,,
A,Annuale,038008,Ferrara,FOSDRIVEHIC,Veicoli alimentati a combustibili fossili - per abitante,2022,0.828,,,,,TIPO_DATO_AMB__FOSDRIVEHIC_N1,'L"'indicatore è calcolato per il totale dei veicoli dotati di motore a combustione interna (benzina, gasolio, metano, GPL, bi-fuel), esclusi i veicoli ibridi elettrici.',,,,,,,,
A,Annuale,038008,Ferrara,FOSDRIVEHIC,Veicoli alimentati a combustibili fossili - per abitante,2023,0.823,,,,,TIPO_DATO_AMB__FOSDRIVEHIC_N1,'L"'indicatore è calcolato per il totale dei veicoli dotati di motore a combustione interna (benzina, gasolio, metano, GPL, bi-fuel), esclusi i veicoli ibridi elettrici.',,,,,,,,
A,Annuale,038008,Ferrara,FOSDRIVEHIC,Veicoli alimentati a combustibili fossili - per abitante,2024,0.814,,,,,TIPO_DATO_AMB__FOSDRIVEHIC_N1,'L"'indicatore è calcolato per il totale dei veicoli dotati di motore a combustione interna (benzina, gasolio, metano, GPL, bi-fuel), esclusi i veicoli ibridi elettrici.',,,,,,,,
A,Annuale,039014,Ravenna,FOSDRIVEHIC,Veicoli alimentati a combustibili fossili - per abitante,2022,0.958,,,,,TIPO_DATO_AMB__FOSDRIVEHIC_N1,'L"'indicatore è calcolato per il totale dei veicoli dotati di motore a combustione interna (benzina, gasolio, metano, GPL, bi-fuel), esclusi i veicoli ibridi elettrici.',,,,,,,,
A,Annuale,039014,Ravenna,FOSDRIVEHIC,Veicoli alimentati a combustibili fossili - per abitante,2023,0.964,,,,,TIPO_DATO_AMB__FOSDRIVEHIC_N1,'L"'indicatore è calcolato per il totale dei veicoli dotati di motore a combustione interna (benzina, gasolio, metano, GPL, bi-fuel), esclusi i veicoli ibridi elettrici.',,,,,,,,
A,Annuale,039014,Ravenna,FOSDRIVEHIC,Veicoli alimentati a combustibili fossili - per abitante,2024,0.962,,,,,TIPO_DATO_AMB__FOSDRIVEHIC_N1,'L"'indicatore è calcolato per il totale dei veicoli dotati di motore a combustione interna (benzina, gasolio, metano, GPL, bi-fuel), esclusi i veicoli ibridi elettrici.',,,,,,,,
A,Annuale,040007,Cesena,FOSDRIVEHIC,Veicoli alimentati a combustibili fossili - per abitante,2022,0.959,,,ITTER107__040007_N1,Comune incluso nella rilevazione a partire dal 2020,TIPO_DATO_AMB__FOSDRIVEHIC_N1,'L"'indicatore è calcolato per il totale dei veicoli dotati di motore a combustione interna (benzina, gasolio, metano, GPL, bi-fuel), esclusi i veicoli ibridi elettrici.',,,,,,,,
A,Annuale,040007,Cesena,FOSDRIVEHIC,Veicoli alimentati a combustibili fossili - per abitante,2023,0.962,,,ITTER107__040007_N1,Comune incluso nella rilevazione a partire dal 2020,TIPO_DATO_AMB__FOSDRIVEHIC_N1,'L"'indicatore è calcolato per il totale dei veicoli dotati di motore a combustione interna (benzina, gasolio, metano, GPL, bi-fuel), esclusi i veicoli ibridi elettrici.',,,,,,,,
A,Annuale,040007,Cesena,FOSDRIVEHIC,Veicoli alimentati a combustibili fossili - per abitante,2024,0.957,,,ITTER107__040007_N1,Comune incluso nella rilevazione a partire dal 2020,TIPO_DATO_AMB__FOSDRIVEHIC_N1,'L"'indicatore è calcolato per il totale dei veicoli dotati di motore a combustione interna (benzina, gasolio, metano, GPL, bi-fuel), esclusi i veicoli ibridi elettrici.',,,,,,,,
A,Annuale,040012,Forlì,FOSDRIVEHIC,Veicoli alimentati a combustibili fossili - per abitante,2022,0.873,,,,,TIPO_DATO_AMB__FOSDRIVEHIC_N1,'L"'indicatore è calcolato per il totale dei veicoli dotati di motore a combustione interna (benzina, gasolio, metano, GPL, bi-fuel), esclusi i veicoli ibridi elettrici.',,,,,,,,
A,Annuale,040012,Forlì,FOSDRIVEHIC,Veicoli alimentati a combustibili fossili - per abitante,2023,0.868,,,,,TIPO_DATO_AMB__FOSDRIVEHIC_N1,'L"'indicatore è calcolato per il totale dei veicoli dotati di motore a combustione interna (benzina, gasolio, metano, GPL, bi-fuel), esclusi i veicoli ibridi elettrici.',,,,,,,,
A,Annuale,040012,Forlì,FOSDRIVEHIC,Veicoli alimentati a combustibili fossili - per abitante,2024,0.862,,,,,TIPO_DATO_AMB__FOSDRIVEHIC_N1,'L"'indicatore è calcolato per il totale dei veicoli dotati di motore a combustione interna (benzina, gasolio, metano, GPL, bi-fuel), esclusi i veicoli ibridi elettrici.',,,,,,,,
A,Annuale,099014,Rimini,FOSDRIVEHIC,Veicoli alimentati a combustibili fossili - per abitante,2022,0.933,,,,,TIPO_DATO_AMB__FOSDRIVEHIC_N1,'L"'indicatore è calcolato per il totale dei veicoli dotati di motore a combustione interna (benzina, gasolio, metano, GPL, bi-fuel), esclusi i veicoli ibridi elettrici.',,,,,,,,
A,Annuale,099014,Rimini,FOSDRIVEHIC,Veicoli alimentati a combustibili fossili - per abitante,2023,0.94,,,,,TIPO_DATO_AMB__FOSDRIVEHIC_N1,'L"'indicatore è calcolato per il totale dei veicoli dotati di motore a combustione interna (benzina, gasolio, metano, GPL, bi-fuel), esclusi i veicoli ibridi elettrici.',,,,,,,,
A,Annuale,099014,Rimini,FOSDRIVEHIC,Veicoli alimentati a combustibili fossili - per abitante,2024,0.94,,,,,TIPO_DATO_AMB__FOSDRIVEHIC_N1,'L"'indicatore è calcolato per il totale dei veicoli dotati di motore a combustione interna (benzina, gasolio, metano, GPL, bi-fuel), esclusi i veicoli ibridi elettrici.',,,,,,,,
A,Annuale,ITE,Centro,FOSDRIVEHIC,Veicoli alimentati a combustibili fossili - per abitante,2022,0.836,,,ITTER107__ITE_N1,'Valori riferiti all"'insieme dei comuni capoluogo. Italia, Nord, Nord-est e Capoluoghi di provincia non includono il comune di Cesena.',TIPO_DATO_AMB__FOSDRIVEHIC_N1,'L"'indicatore è calcolato per il totale dei veicoli dotati di motore a combustione interna (benzina, gasolio, metano, GPL, bi-fuel), esclusi i veicoli ibridi elettrici.',,,,,,,,
A,Annuale,ITE,Centro,FOSDRIVEHIC,Veicoli alimentati a combustibili fossili - per abitante,2023,0.827,,,ITTER107__ITE_N1,'Valori riferiti all"'insieme dei comuni capoluogo. Italia, Nord, Nord-est e Capoluoghi di provincia non includono il comune di Cesena.',TIPO_DATO_AMB__FOSDRIVEHIC_N1,'L"'indicatore è calcolato per il totale dei veicoli dotati di motore a combustione interna (benzina, gasolio, metano, GPL, bi-fuel), esclusi i veicoli ibridi elettrici.',,,,,,,,
A,Annuale,ITE,Centro,FOSDRIVEHIC,Veicoli alimentati a combustibili fossili - per abitante,2024,0.826,,,ITTER107__ITE_N1,'Valori riferiti all"'insieme dei comuni capoluogo. Italia, Nord, Nord-est e Capoluoghi di provincia non includono il comune di Cesena.',TIPO_DATO_AMB__FOSDRIVEHIC_N1,'L"'indicatore è calcolato per il totale dei veicoli dotati di motore a combustione interna (benzina, gasolio, metano, GPL, bi-fuel), esclusi i veicoli ibridi elettrici.',,,,,,,,
A,Annuale,045003,Carrara,FOSDRIVEHIC,Veicoli alimentati a combustibili fossili - per abitante,2022,0.863,,,,,TIPO_DATO_AMB__FOSDRIVEHIC_N1,'L"'indicatore è calcolato per il totale dei veicoli dotati di motore a combustione interna (benzina, gasolio, metano, GPL, bi-fuel), esclusi i veicoli ibridi elettrici.',,,,,,,,
A,Annuale,045003,Carrara,FOSDRIVEHIC,Veicoli alimentati a combustibili fossili - per abitante,2023,0.866,,,,,TIPO_DATO_AMB__FOSDRIVEHIC_N1,'L"'indicatore è calcolato per il totale dei veicoli dotati di motore a combustione interna (benzina, gasolio, metano, GPL, bi-fuel), esclusi i veicoli ibridi elettrici.',,,,,,,,
A,Annuale,045003,Carrara,FOSDRIVEHIC,Veicoli alimentati a combustibili fossili - per abitante,2024,0.86,,,,,TIPO_DATO_AMB__FOSDRIVEHIC_N1,'L"'indicatore è calcolato per il totale dei veicoli dotati di motore a combustione interna (benzina, gasolio, metano, GPL, bi-fuel), esclusi i veicoli ibridi elettrici.',,,,,,,,
A,Annuale,045010,Massa,FOSDRIVEHIC,Veicoli alimentati a combustibili fossili - per abitante,2022,0.947,,,,,TIPO_DATO_AMB__FOSDRIVEHIC_N1,'L"'indicatore è calcolato per il totale dei veicoli dotati di motore a combustione interna (benzina, gasolio, metano, GPL, bi-fuel), esclusi i veicoli ibridi elettrici.',,,,,,,,
A,Annuale,045010,Massa,FOSDRIVEHIC,Veicoli alimentati a combustibili fossili - per abitante,2023,0.956,,,,,TIPO_DATO_AMB__FOSDRIVEHIC_N1,'L"'indicatore è calcolato per il totale dei veicoli dotati di motore a combustione interna (benzina, gasolio, metano, GPL, bi-fuel), esclusi i veicoli ibridi elettrici.',,,,,,,,
A,Annuale,045010,Massa,FOSDRIVEHIC,Veicoli alimentati a combustibili fossili - per abitante,2024,0.96,,,,,TIPO_DATO_AMB__FOSDRIVEHIC_N1,'L"'indicatore è calcolato per il totale dei veicoli dotati di motore a combustione interna (benzina, gasolio, metano, GPL, bi-fuel), esclusi i veicoli ibridi elettrici.',,,,,,,,
A,Annuale,046017,Lucca,FOSDRIVEHIC,Veicoli alimentati a combustibili fossili - per abitante,2022,0.892,,,,,TIPO_DATO_AMB__FOSDRIVEHIC_N1,'L"'indicatore è calcolato per il totale dei veicoli dotati di motore a combustione interna (benzina, gasolio, metano, GPL, bi-fuel), esclusi i veicoli ibridi elettrici.',,,,,,,,
A,Annuale,046017,Lucca,FOSDRIVEHIC,Veicoli alimentati a combustibili fossili - per abitante,2023,0.897,,,,,TIPO_DATO_AMB__FOSDRIVEHIC_N1,'L"'indicatore è calcolato per il totale dei veicoli dotati di motore a combustione interna (benzina, gasolio, metano, GPL, bi-fuel), esclusi i veicoli ibridi elettrici.',,,,,,,,
A,Annuale,046017,Lucca,FOSDRIVEHIC,Veicoli alimentati a combustibili fossili - per abitante,2024,0.889,,,,,TIPO_DATO_AMB__FOSDRIVEHIC_N1,'L"'indicatore è calcolato per il totale dei veicoli dotati di motore a combustione interna (benzina, gasolio, metano, GPL, bi-fuel), esclusi i veicoli ibridi elettrici.',,,,,,,,
A,Annuale,047014,Pistoia,FOSDRIVEHIC,Veicoli alimentati a combustibili fossili - per abitante,2022,0.863,,,,,TIPO_DATO_AMB__FOSDRIVEHIC_N1,'L"'indicatore è calcolato per il totale dei veicoli dotati di motore a combustione interna (benzina, gasolio, metano, GPL, bi-fuel), esclusi i veicoli ibridi elettrici.',,,,,,,,
A,Annuale,047014,Pistoia,FOSDRIVEHIC,Veicoli alimentati a combustibili fossili - per abitante,2023,0.88,,,,,TIPO_DATO_AMB__FOSDRIVEHIC_N1,'L"'indicatore è calcolato per il totale dei veicoli dotati di motore a combustione interna (benzina, gasolio, metano, GPL, bi-fuel), esclusi i veicoli ibridi elettrici.',,,,,,,,
A,Annuale,047014,Pistoia,FOSDRIVEHIC,Veicoli alimentati a combustibili fossili - per abitante,2024,0.88,,,,,TIPO_DATO_AMB__FOSDRIVEHIC_N1,'L"'indicatore è calcolato per il totale dei veicoli dotati di motore a combustione interna (benzina, gasolio, metano, GPL, bi-fuel), esclusi i veicoli ibridi elettrici.',,,,,,,,
A,Annuale,048017,Firenze,FOSDRIVEHIC,Veicoli alimentati a combustibili fossili - per abitante,2022,0.792,,,,,TIPO_DATO_AMB__FOSDRIVEHIC_N1,'L"'indicatore è calcolato per il totale dei veicoli dotati di motore a combustione interna (benzina, gasolio, metano, GPL, bi-fuel), esclusi i veicoli ibridi elettrici.',,,,,,,,
A,Annuale,048017,Firenze,FOSDRIVEHIC,Veicoli alimentati a combustibili fossili - per abitante,2023,0.785,,,,,TIPO_DATO_AMB__FOSDRIVEHIC_N1,'L"'indicatore è calcolato per il totale dei veicoli dotati di motore a combustione interna (benzina, gasolio, metano, GPL, bi-fuel), esclusi i veicoli ibridi elettrici.',,,,,,,,
A,Annuale,048017,Firenze,FOSDRIVEHIC,Veicoli alimentati a combustibili fossili - per abitante,2024,0.769,,,,,TIPO_DATO_AMB__FOSDRIVEHIC_N1,'L"'indicatore è calcolato per il totale dei veicoli dotati di motore a combustione interna (benzina, gasolio, metano, GPL, bi-fuel), esclusi i veicoli ibridi elettrici.',,,,,,,,
A,Annuale,049009,Livorno,FOSDRIVEHIC,Veicoli alimentati a combustibili fossili - per abitante,2022,0.915,,,,,TIPO_DATO_AMB__FOSDRIVEHIC_N1,'L"'indicatore è calcolato per il totale dei veicoli dotati di motore a combustione interna (benzina, gasolio, metano, GPL, bi-fuel), esclusi i veicoli ibridi elettrici.',,,,,,,,
A,Annuale,049009,Livorno,FOSDRIVEHIC,Veicoli alimentati a combustibili fossili - per abitante,2023,0.92,,,,,TIPO_DATO_AMB__FOSDRIVEHIC_N1,'L"'indicatore è calcolato per il totale dei veicoli dotati di motore a combustione interna (benzina, gasolio, metano, GPL, bi-fuel), esclusi i veicoli ibridi elettrici.',,,,,,,,
A,Annuale,049009,Livorno,FOSDRIVEHIC,Veicoli alimentati a combustibili fossili - per abitante,2024,0.92,,,,,TIPO_DATO_AMB__FOSDRIVEHIC_N1,'L"'indicatore è calcolato per il totale dei veicoli dotati di motore a combustione interna (benzina, gasolio, metano, GPL, bi-fuel), esclusi i veicoli ibridi elettrici.',,,,,,,,
A,Annuale,050026,Pisa,FOSDRIVEHIC,Veicoli alimentati a combustibili fossili - per abitante,2022,0.863,,,,,TIPO_DATO_AMB__FOSDRIVEHIC_N1,'L"'indicatore è calcolato per il totale dei veicoli dotati di motore a combustione interna (benzina, gasolio, metano, GPL, bi-fuel), esclusi i veicoli ibridi elettrici.',,,,,,,,
A,Annuale,050026,Pisa,FOSDRIVEHIC,Veicoli alimentati a combustibili fossili - per abitante,2023,0.858,,,,,TIPO_DATO_AMB__FOSDRIVEHIC_N1,'L"'indicatore è calcolato per il totale dei veicoli dotati di motore a combustione interna (benzina, gasolio, metano, GPL, bi-fuel), esclusi i veicoli ibridi elettrici.',,,,,,,,
A,Annuale,050026,Pisa,FOSDRIVEHIC,Veicoli alimentati a combustibili fossili - per abitante,2024,0.848,,,,,TIPO_DATO_AMB__FOSDRIVEHIC_N1,'L"'indicatore è calcolato per il totale dei veicoli dotati di motore a combustione interna (benzina, gasolio, metano, GPL, bi-fuel), esclusi i veicoli ibridi elettrici.',,,,,,,,
A,Annuale,051002,Arezzo,FOSDRIVEHIC,Veicoli alimentati a combustibili fossili - per abitante,2022,0.945,,,,,TIPO_DATO_AMB__FOSDRIVEHIC_N1,'L"'indicatore è calcolato per il totale dei veicoli dotati di motore a combustione interna (benzina, gasolio, metano, GPL, bi-fuel), esclusi i veicoli ibridi elettrici.',,,,,,,,
A,Annuale,051002,Arezzo,FOSDRIVEHIC,Veicoli alimentati a combustibili fossili - per abitante,2023,0.949,,,,,TIPO_DATO_AMB__FOSDRIVEHIC_N1,'L"'indicatore è calcolato per il totale dei veicoli dotati di motore a combustione interna (benzina, gasolio, metano, GPL, bi-fuel), esclusi i veicoli ibridi elettrici.',,,,,,,,
A,Annuale,051002,Arezzo,FOSDRIVEHIC,Veicoli alimentati a combustibili fossili - per abitante,2024,0.944,,,,,TIPO_DATO_AMB__FOSDRIVEHIC_N1,'L"'indicatore è calcolato per il totale dei veicoli dotati di motore a combustione interna (benzina, gasolio, metano, GPL, bi-fuel), esclusi i veicoli ibridi elettrici.',,,,,,,,
A,Annuale,052032,Siena,FOSDRIVEHIC,Veicoli alimentati a combustibili fossili - per abitante,2022,0.972,,,,,TIPO_DATO_AMB__FOSDRIVEHIC_N1,'L"'indicatore è calcolato per il totale dei veicoli dotati di motore a combustione interna (benzina, gasolio, metano, GPL, bi-fuel), esclusi i veicoli ibridi elettrici.',,,,,,,,
A,Annuale,052032,Siena,FOSDRIVEHIC,Veicoli alimentati a combustibili fossili - per abitante,2023,0.972,,,,,TIPO_DATO_AMB__FOSDRIVEHIC_N1,'L"'indicatore è calcolato per il totale dei veicoli dotati di motore a combustione interna (benzina, gasolio, metano, GPL, bi-fuel), esclusi i veicoli ibridi elettrici.',,,,,,,,
A,Annuale,052032,Siena,FOSDRIVEHIC,Veicoli alimentati a combustibili fossili - per abitante,2024,0.965,,,,,TIPO_DATO_AMB__FOSDRIVEHIC_N1,'L"'indicatore è calcolato per il totale dei veicoli dotati di motore a combustione interna (benzina, gasolio, metano, GPL, bi-fuel), esclusi i veicoli ibridi elettrici.',,,,,,,,
A,Annuale,053011,Grosseto,FOSDRIVEHIC,Veicoli alimentati a combustibili fossili - per abitante,2022,0.935,,,,,TIPO_DATO_AMB__FOSDRIVEHIC_N1,'L"'indicatore è calcolato per il totale dei veicoli dotati di motore a combustione interna (benzina, gasolio, metano, GPL, bi-fuel), esclusi i veicoli ibridi elettrici.',,,,,,,,
A,Annuale,053011,Grosseto,FOSDRIVEHIC,Veicoli alimentati a combustibili fossili - per abitante,2023,0.942,,,,,TIPO_DATO_AMB__FOSDRIVEHIC_N1,'L"'indicatore è calcolato per il totale dei veicoli dotati di motore a combustione interna (benzina, gasolio, metano, GPL, bi-fuel), esclusi i veicoli ibridi elettrici.',,,,,,,,
A,Annuale,053011,Grosseto,FOSDRIVEHIC,Veicoli alimentati a combustibili fossili - per abitante,2024,0.939,,,,,TIPO_DATO_AMB__FOSDRIVEHIC_N1,'L"'indicatore è calcolato per il totale dei veicoli dotati di motore a combustione interna (benzina, gasolio, metano, GPL, bi-fuel), esclusi i veicoli ibridi elettrici.',,,,,,,,
A,Annuale,100005,Prato,FOSDRIVEHIC,Veicoli alimentati a combustibili fossili - per abitante,2022,0.777,,,,,TIPO_DATO_AMB__FOSDRIVEHIC_N1,'L"'indicatore è calcolato per il totale dei veicoli dotati di motore a combustione interna (benzina, gasolio, metano, GPL, bi-fuel), esclusi i veicoli ibridi elettrici.',,,,,,,,
A,Annuale,100005,Prato,FOSDRIVEHIC,Veicoli alimentati a combustibili fossili - per abitante,2023,0.772,,,,,TIPO_DATO_AMB__FOSDRIVEHIC_N1,'L"'indicatore è calcolato per il totale dei veicoli dotati di motore a combustione interna (benzina, gasolio, metano, GPL, bi-fuel), esclusi i veicoli ibridi elettrici.',,,,,,,,
A,Annuale,100005,Prato,FOSDRIVEHIC,Veicoli alimentati a combustibili fossili - per abitante,2024,0.758,,,,,TIPO_DATO_AMB__FOSDRIVEHIC_N1,'L"'indicatore è calcolato per il totale dei veicoli dotati di motore a combustione interna (benzina, gasolio, metano, GPL, bi-fuel), esclusi i veicoli ibridi elettrici.',,,,,,,,
A,Annuale,054039,Perugia,FOSDRIVEHIC,Veicoli alimentati a combustibili fossili - per abitante,2022,0.966,,,,,TIPO_DATO_AMB__FOSDRIVEHIC_N1,'L"'indicatore è calcolato per il totale dei veicoli dotati di motore a combustione interna (benzina, gasolio, metano, GPL, bi-fuel), esclusi i veicoli ibridi elettrici.',,,,,,,,
A,Annuale,054039,Perugia,FOSDRIVEHIC,Veicoli alimentati a combustibili fossili - per abitante,2023,0.969,,,,,TIPO_DATO_AMB__FOSDRIVEHIC_N1,'L"'indicatore è calcolato per il totale dei veicoli dotati di motore a combustione interna (benzina, gasolio, metano, GPL, bi-fuel), esclusi i veicoli ibridi elettrici.',,,,,,,,
A,Annuale,054039,Perugia,FOSDRIVEHIC,Veicoli alimentati a combustibili fossili - per abitante,2024,0.963,,,,,TIPO_DATO_AMB__FOSDRIVEHIC_N1,'L"'indicatore è calcolato per il totale dei veicoli dotati di motore a combustione interna (benzina, gasolio, metano, GPL, bi-fuel), esclusi i veicoli ibridi elettrici.',,,,,,,,
A,Annuale,055032,Terni,FOSDRIVEHIC,Veicoli alimentati a combustibili fossili - per abitante,2022,0.914,,,,,TIPO_DATO_AMB__FOSDRIVEHIC_N1,'L"'indicatore è calcolato per il totale dei veicoli dotati di motore a combustione interna (benzina, gasolio, metano, GPL, bi-fuel), esclusi i veicoli ibridi elettrici.',,,,,,,,
A,Annuale,055032,Terni,FOSDRIVEHIC,Veicoli alimentati a combustibili fossili - per abitante,2023,0.918,,,,,TIPO_DATO_AMB__FOSDRIVEHIC_N1,'L"'indicatore è calcolato per il totale dei veicoli dotati di motore a combustione interna (benzina, gasolio, metano, GPL, bi-fuel), esclusi i veicoli ibridi elettrici.',,,,,,,,
A,Annuale,055032,Terni,FOSDRIVEHIC,Veicoli alimentati a combustibili fossili - per abitante,2024,0.917,,,,,TIPO_DATO_AMB__FOSDRIVEHIC_N1,'L"'indicatore è calcolato per il totale dei veicoli dotati di motore a combustione interna (benzina, gasolio, metano, GPL, bi-fuel), esclusi i veicoli ibridi elettrici.',,,,,,,,
A,Annuale,041044,Pesaro,FOSDRIVEHIC,Veicoli alimentati a combustibili fossili - per abitante,2022,0.979,,,,,TIPO_DATO_AMB__FOSDRIVEHIC_N1,'L"'indicatore è calcolato per il totale dei veicoli dotati di motore a combustione interna (benzina, gasolio, metano, GPL, bi-fuel), esclusi i veicoli ibridi elettrici.',,,,,,,,
A,Annuale,041044,Pesaro,FOSDRIVEHIC,Veicoli alimentati a combustibili fossili - per abitante,2023,0.985,,,,,TIPO_DATO_AMB__FOSDRIVEHIC_N1,'L"'indicatore è calcolato per il totale dei veicoli dotati di motore a combustione interna (benzina, gasolio, metano, GPL, bi-fuel), esclusi i veicoli ibridi elettrici.',,,,,,,,
A,Annuale,041044,Pesaro,FOSDRIVEHIC,Veicoli alimentati a combustibili fossili - per abitante,2024,0.992,,,,,TIPO_DATO_AMB__FOSDRIVEHIC_N1,'L"'indicatore è calcolato per il totale dei veicoli dotati di motore a combustione interna (benzina, gasolio, metano, GPL, bi-fuel), esclusi i veicoli ibridi elettrici.',,,,,,,,
A,Annuale,041067,Urbino,FOSDRIVEHIC,Veicoli alimentati a combustibili fossili - per abitante,2022,1.038,,,,,TIPO_DATO_AMB__FOSDRIVEHIC_N1,'L"'indicatore è calcolato per il totale dei veicoli dotati di motore a combustione interna (benzina, gasolio, metano, GPL, bi-fuel), esclusi i veicoli ibridi elettrici.',,,,,,,,
A,Annuale,041067,Urbino,FOSDRIVEHIC,Veicoli alimentati a combustibili fossili - per abitante,2023,1.044,,,,,TIPO_DATO_AMB__FOSDRIVEHIC_N1,'L"'indicatore è calcolato per il totale dei veicoli dotati di motore a combustione interna (benzina, gasolio, metano, GPL, bi-fuel), esclusi i veicoli ibridi elettrici.',,,,,,,,
A,Annuale,041067,Urbino,FOSDRIVEHIC,Veicoli alimentati a combustibili fossili - per abitante,2024,1.037,,,,,TIPO_DATO_AMB__FOSDRIVEHIC_N1,'L"'indicatore è calcolato per il totale dei veicoli dotati di motore a combustione interna (benzina, gasolio, metano, GPL, bi-fuel), esclusi i veicoli ibridi elettrici.',,,,,,,,
A,Annuale,042002,Ancona,FOSDRIVEHIC,Veicoli alimentati a combustibili fossili - per abitante,2022,0.851,,,,,TIPO_DATO_AMB__FOSDRIVEHIC_N1,'L"'indicatore è calcolato per il totale dei veicoli dotati di motore a combustione interna (benzina, gasolio, metano, GPL, bi-fuel), esclusi i veicoli ibridi elettrici.',,,,,,,,
A,Annuale,042002,Ancona,FOSDRIVEHIC,Veicoli alimentati a combustibili fossili - per abitante,2023,0.852,,,,,TIPO_DATO_AMB__FOSDRIVEHIC_N1,'L"'indicatore è calcolato per il totale dei veicoli dotati di motore a combustione interna (benzina, gasolio, metano, GPL, bi-fuel), esclusi i veicoli ibridi elettrici.',,,,,,,,
A,Annuale,042002,Ancona,FOSDRIVEHIC,Veicoli alimentati a combustibili fossili - per abitante,2024,0.843,,,,,TIPO_DATO_AMB__FOSDRIVEHIC_N1,'L"'indicatore è calcolato per il totale dei veicoli dotati di motore a combustione interna (benzina, gasolio, metano, GPL, bi-fuel), esclusi i veicoli ibridi elettrici.',,,,,,,,
A,Annuale,043023,Macerata,FOSDRIVEHIC,Veicoli alimentati a combustibili fossili - per abitante,2022,0.93,,,,,TIPO_DATO_AMB__FOSDRIVEHIC_N1,'L"'indicatore è calcolato per il totale dei veicoli dotati di motore a combustione interna (benzina, gasolio, metano, GPL, bi-fuel), esclusi i veicoli ibridi elettrici.',,,,,,,,
A,Annuale,043023,Macerata,FOSDRIVEHIC,Veicoli alimentati a combustibili fossili - per abitante,2023,0.929,,,,,TIPO_DATO_AMB__FOSDRIVEHIC_N1,'L"'indicatore è calcolato per il totale dei veicoli dotati di motore a combustione interna (benzina, gasolio, metano, GPL, bi-fuel), esclusi i veicoli ibridi elettrici.',,,,,,,,
A,Annuale,043023,Macerata,FOSDRIVEHIC,Veicoli alimentati a combustibili fossili - per abitante,2024,0.922,,,,,TIPO_DATO_AMB__FOSDRIVEHIC_N1,'L"'indicatore è calcolato per il totale dei veicoli dotati di motore a combustione interna (benzina, gasolio, metano, GPL, bi-fuel), esclusi i veicoli ibridi elettrici.',,,,,,,,
A,Annuale,044007,Ascoli Piceno,FOSDRIVEHIC,Veicoli alimentati a combustibili fossili - per abitante,2022,0.963,,,,,TIPO_DATO_AMB__FOSDRIVEHIC_N1,'L"'indicatore è calcolato per il totale dei veicoli dotati di motore a combustione interna (benzina, gasolio, metano, GPL, bi-fuel), esclusi i veicoli ibridi elettrici.',,,,,,,,
A,Annuale,044007,Ascoli Piceno,FOSDRIVEHIC,Veicoli alimentati a combustibili fossili - per abitante,2023,0.971,,,,,TIPO_DATO_AMB__FOSDRIVEHIC_N1,'L"'indicatore è calcolato per il totale dei veicoli dotati di motore a combustione interna (benzina, gasolio, metano, GPL, bi-fuel), esclusi i veicoli ibridi elettrici.',,,,,,,,
A,Annuale,044007,Ascoli Piceno,FOSDRIVEHIC,Veicoli alimentati a combustibili fossili - per abitante,2024,0.974,,,,,TIPO_DATO_AMB__FOSDRIVEHIC_N1,'L"'indicatore è calcolato per il totale dei veicoli dotati di motore a combustione interna (benzina, gasolio, metano, GPL, bi-fuel), esclusi i veicoli ibridi elettrici.',,,,,,,,
A,Annuale,109006,Fermo,FOSDRIVEHIC,Veicoli alimentati a combustibili fossili - per abitante,2022,0.978,,,ITTER107__109006_N1,Comune incluso nella rilevazione a partire dal 2010,TIPO_DATO_AMB__FOSDRIVEHIC_N1,'L"'indicatore è calcolato per il totale dei veicoli dotati di motore a combustione interna (benzina, gasolio, metano, GPL, bi-fuel), esclusi i veicoli ibridi elettrici.',,,,,,,,
A,Annuale,109006,Fermo,FOSDRIVEHIC,Veicoli alimentati a combustibili fossili - per abitante,2023,0.981,,,ITTER107__109006_N1,Comune incluso nella rilevazione a partire dal 2010,TIPO_DATO_AMB__FOSDRIVEHIC_N1,'L"'indicatore è calcolato per il totale dei veicoli dotati di motore a combustione interna (benzina, gasolio, metano, GPL, bi-fuel), esclusi i veicoli ibridi elettrici.',,,,,,,,
A,Annuale,109006,Fermo,FOSDRIVEHIC,Veicoli alimentati a combustibili fossili - per abitante,2024,0.989,,,ITTER107__109006_N1,Comune incluso nella rilevazione a partire dal 2010,TIPO_DATO_AMB__FOSDRIVEHIC_N1,'L"'indicatore è calcolato per il totale dei veicoli dotati di motore a combustione interna (benzina, gasolio, metano, GPL, bi-fuel), esclusi i veicoli ibridi elettrici.',,,,,,,,
A,Annuale,056059,Viterbo,FOSDRIVEHIC,Veicoli alimentati a combustibili fossili - per abitante,2022,1.008,,,,,TIPO_DATO_AMB__FOSDRIVEHIC_N1,'L"'indicatore è calcolato per il totale dei veicoli dotati di motore a combustione interna (benzina, gasolio, metano, GPL, bi-fuel), esclusi i veicoli ibridi elettrici.',,,,,,,,
A,Annuale,056059,Viterbo,FOSDRIVEHIC,Veicoli alimentati a combustibili fossili - per abitante,2023,1.003,,,,,TIPO_DATO_AMB__FOSDRIVEHIC_N1,'L"'indicatore è calcolato per il totale dei veicoli dotati di motore a combustione interna (benzina, gasolio, metano, GPL, bi-fuel), esclusi i veicoli ibridi elettrici.',,,,,,,,
A,Annuale,056059,Viterbo,FOSDRIVEHIC,Veicoli alimentati a combustibili fossili - per abitante,2024,1,,,,,TIPO_DATO_AMB__FOSDRIVEHIC_N1,'L"'indicatore è calcolato per il totale dei veicoli dotati di motore a combustione interna (benzina, gasolio, metano, GPL, bi-fuel), esclusi i veicoli ibridi elettrici.',,,,,,,,
A,Annuale,057059,Rieti,FOSDRIVEHIC,Veicoli alimentati a combustibili fossili - per abitante,2022,0.948,,,,,TIPO_DATO_AMB__FOSDRIVEHIC_N1,'L"'indicatore è calcolato per il totale dei veicoli dotati di motore a combustione interna (benzina, gasolio, metano, GPL, bi-fuel), esclusi i veicoli ibridi elettrici.',,,,,,,,
A,Annuale,057059,Rieti,FOSDRIVEHIC,Veicoli alimentati a combustibili fossili - per abitante,2023,0.951,,,,,TIPO_DATO_AMB__FOSDRIVEHIC_N1,'L"'indicatore è calcolato per il totale dei veicoli dotati di motore a combustione interna (benzina, gasolio, metano, GPL, bi-fuel), esclusi i veicoli ibridi elettrici.',,,,,,,,
A,Annuale,057059,Rieti,FOSDRIVEHIC,Veicoli alimentati a combustibili fossili - per abitante,2024,0.946,,,,,TIPO_DATO_AMB__FOSDRIVEHIC_N1,'L"'indicatore è calcolato per il totale dei veicoli dotati di motore a combustione interna (benzina, gasolio, metano, GPL, bi-fuel), esclusi i veicoli ibridi elettrici.',,,,,,,,
A,Annuale,058091,Roma,FOSDRIVEHIC,Veicoli alimentati a combustibili fossili - per abitante,2022,0.792,,,,,TIPO_DATO_AMB__FOSDRIVEHIC_N1,'L"'indicatore è calcolato per il totale dei veicoli dotati di motore a combustione interna (benzina, gasolio, metano, GPL, bi-fuel), esclusi i veicoli ibridi elettrici.',,,,,,,,
A,Annuale,058091,Roma,FOSDRIVEHIC,Veicoli alimentati a combustibili fossili - per abitante,2023,0.787,,,,,TIPO_DATO_AMB__FOSDRIVEHIC_N1,'L"'indicatore è calcolato per il totale dei veicoli dotati di motore a combustione interna (benzina, gasolio, metano, GPL, bi-fuel), esclusi i veicoli ibridi elettrici.',,,,,,,,
A,Annuale,058091,Roma,FOSDRIVEHIC,Veicoli alimentati a combustibili fossili - per abitante,2024,0.777,,,,,TIPO_DATO_AMB__FOSDRIVEHIC_N1,'L"'indicatore è calcolato per il totale dei veicoli dotati di motore a combustione interna (benzina, gasolio, metano, GPL, bi-fuel), esclusi i veicoli ibridi elettrici.',,,,,,,,
A,Annuale,059011,Latina,FOSDRIVEHIC,Veicoli alimentati a combustibili fossili - per abitante,2022,0.901,,,,,TIPO_DATO_AMB__FOSDRIVEHIC_N1,'L"'indicatore è calcolato per il totale dei veicoli dotati di motore a combustione interna (benzina, gasolio, metano, GPL, bi-fuel), esclusi i veicoli ibridi elettrici.',,,,,,,,
A,Annuale,059011,Latina,FOSDRIVEHIC,Veicoli alimentati a combustibili fossili - per abitante,2023,0.907,,,,,TIPO_DATO_AMB__FOSDRIVEHIC_N1,'L"'indicatore è calcolato per il totale dei veicoli dotati di motore a combustione interna (benzina, gasolio, metano, GPL, bi-fuel), esclusi i veicoli ibridi elettrici.',,,,,,,,
A,Annuale,059011,Latina,FOSDRIVEHIC,Veicoli alimentati a combustibili fossili - per abitante,2024,0.906,,,,,TIPO_DATO_AMB__FOSDRIVEHIC_N1,'L"'indicatore è calcolato per il totale dei veicoli dotati di motore a combustione interna (benzina, gasolio, metano, GPL, bi-fuel), esclusi i veicoli ibridi elettrici.',,,,,,,,
A,Annuale,060038,Frosinone,FOSDRIVEHIC,Veicoli alimentati a combustibili fossili - per abitante,2022,1.035,,,,,TIPO_DATO_AMB__FOSDRIVEHIC_N1,'L"'indicatore è calcolato per il totale dei veicoli dotati di motore a combustione interna (benzina, gasolio, metano, GPL, bi-fuel), esclusi i veicoli ibridi elettrici.',,,,,,,,
A,Annuale,060038,Frosinone,FOSDRIVEHIC,Veicoli alimentati a combustibili fossili - per abitante,2023,1.041,,,,,TIPO_DATO_AMB__FOSDRIVEHIC_N1,'L"'indicatore è calcolato per il totale dei veicoli dotati di motore a combustione interna (benzina, gasolio, metano, GPL, bi-fuel), esclusi i veicoli ibridi elettrici.',,,,,,,,
A,Annuale,060038,Frosinone,FOSDRIVEHIC,Veicoli alimentati a combustibili fossili - per abitante,2024,1.044,,,,,TIPO_DATO_AMB__FOSDRIVEHIC_N1,'L"'indicatore è calcolato per il totale dei veicoli dotati di motore a combustione interna (benzina, gasolio, metano, GPL, bi-fuel), esclusi i veicoli ibridi elettrici.',,,,,,,,
A,Annuale,ITFG,Mezzogiorno,FOSDRIVEHIC,Veicoli alimentati a combustibili fossili - per abitante,2022,0.877,,,ITTER107__ITFG_N1,'Valori riferiti all"'insieme dei comuni capoluogo. Italia, Nord, Nord-est e Capoluoghi di provincia non includono il comune di Cesena.',TIPO_DATO_AMB__FOSDRIVEHIC_N1,'L"'indicatore è calcolato per il totale dei veicoli dotati di motore a combustione interna (benzina, gasolio, metano, GPL, bi-fuel), esclusi i veicoli ibridi elettrici.',,,,,,,,
A,Annuale,ITFG,Mezzogiorno,FOSDRIVEHIC,Veicoli alimentati a combustibili fossili - per abitante,2023,0.884,,,ITTER107__ITFG_N1,'Valori riferiti all"'insieme dei comuni capoluogo. Italia, Nord, Nord-est e Capoluoghi di provincia non includono il comune di Cesena.',TIPO_DATO_AMB__FOSDRIVEHIC_N1,'L"'indicatore è calcolato per il totale dei veicoli dotati di motore a combustione interna (benzina, gasolio, metano, GPL, bi-fuel), esclusi i veicoli ibridi elettrici.',,,,,,,,
A,Annuale,ITFG,Mezzogiorno,FOSDRIVEHIC,Veicoli alimentati a combustibili fossili - per abitante,2024,0.888,,,ITTER107__ITFG_N1,'Valori riferiti all"'insieme dei comuni capoluogo. Italia, Nord, Nord-est e Capoluoghi di provincia non includono il comune di Cesena.',TIPO_DATO_AMB__FOSDRIVEHIC_N1,'L"'indicatore è calcolato per il totale dei veicoli dotati di motore a combustione interna (benzina, gasolio, metano, GPL, bi-fuel), esclusi i veicoli ibridi elettrici.',,,,,,,,
A,Annuale,ITF,Sud,FOSDRIVEHIC,Veicoli alimentati a combustibili fossili - per abitante,2022,0.834,,,ITTER107__ITF_N1,'Valori riferiti all"'insieme dei comuni capoluogo. Italia, Nord, Nord-est e Capoluoghi di provincia non includono il comune di Cesena.',TIPO_DATO_AMB__FOSDRIVEHIC_N1,'L"'indicatore è calcolato per il totale dei veicoli dotati di motore a combustione interna (benzina, gasolio, metano, GPL, bi-fuel), esclusi i veicoli ibridi elettrici.',,,,,,,,
A,Annuale,ITF,Sud,FOSDRIVEHIC,Veicoli alimentati a combustibili fossili - per abitante,2023,0.841,,,ITTER107__ITF_N1,'Valori riferiti all"'insieme dei comuni capoluogo. Italia, Nord, Nord-est e Capoluoghi di provincia non includono il comune di Cesena.',TIPO_DATO_AMB__FOSDRIVEHIC_N1,'L"'indicatore è calcolato per il totale dei veicoli dotati di motore a combustione interna (benzina, gasolio, metano, GPL, bi-fuel), esclusi i veicoli ibridi elettrici.',,,,,,,,
A,Annuale,ITF,Sud,FOSDRIVEHIC,Veicoli alimentati a combustibili fossili - per abitante,2024,0.846,,,ITTER107__ITF_N1,'Valori riferiti all"'insieme dei comuni capoluogo. Italia, Nord, Nord-est e Capoluoghi di provincia non includono il comune di Cesena.',TIPO_DATO_AMB__FOSDRIVEHIC_N1,'L"'indicatore è calcolato per il totale dei veicoli dotati di motore a combustione interna (benzina, gasolio, metano, GPL, bi-fuel), esclusi i veicoli ibridi elettrici.',,,,,,,,
A,Annuale,066049,'L"'Aquila',FOSDRIVEHIC,Veicoli alimentati a combustibili fossili - per abitante,2022,1.007,,,,,TIPO_DATO_AMB__FOSDRIVEHIC_N1,'L"'indicatore è calcolato per il totale dei veicoli dotati di motore a combustione interna (benzina, gasolio, metano, GPL, bi-fuel), esclusi i veicoli ibridi elettrici.',,,,,,,,
A,Annuale,066049,'L"'Aquila',FOSDRIVEHIC,Veicoli alimentati a combustibili fossili - per abitante,2023,1.009,,,,,TIPO_DATO_AMB__FOSDRIVEHIC_N1,'L"'indicatore è calcolato per il totale dei veicoli dotati di motore a combustione interna (benzina, gasolio, metano, GPL, bi-fuel), esclusi i veicoli ibridi elettrici.',,,,,,,,
A,Annuale,066049,'L"'Aquila',FOSDRIVEHIC,Veicoli alimentati a combustibili fossili - per abitante,2024,1.003,,,,,TIPO_DATO_AMB__FOSDRIVEHIC_N1,'L"'indicatore è calcolato per il totale dei veicoli dotati di motore a combustione interna (benzina, gasolio, metano, GPL, bi-fuel), esclusi i veicoli ibridi elettrici.',,,,,,,,
A,Annuale,067041,Teramo,FOSDRIVEHIC,Veicoli alimentati a combustibili fossili - per abitante,2022,0.965,,,,,TIPO_DATO_AMB__FOSDRIVEHIC_N1,'L"'indicatore è calcolato per il totale dei veicoli dotati di motore a combustione interna (benzina, gasolio, metano, GPL, bi-fuel), esclusi i veicoli ibridi elettrici.',,,,,,,,
A,Annuale,067041,Teramo,FOSDRIVEHIC,Veicoli alimentati a combustibili fossili - per abitante,2023,0.971,,,,,TIPO_DATO_AMB__FOSDRIVEHIC_N1,'L"'indicatore è calcolato per il totale dei veicoli dotati di motore a combustione interna (benzina, gasolio, metano, GPL, bi-fuel), esclusi i veicoli ibridi elettrici.',,,,,,,,
A,Annuale,067041,Teramo,FOSDRIVEHIC,Veicoli alimentati a combustibili fossili - per abitante,2024,0.971,,,,,TIPO_DATO_AMB__FOSDRIVEHIC_N1,'L"'indicatore è calcolato per il totale dei veicoli dotati di motore a combustione interna (benzina, gasolio, metano, GPL, bi-fuel), esclusi i veicoli ibridi elettrici.',,,,,,,,
A,Annuale,068028,Pescara,FOSDRIVEHIC,Veicoli alimentati a combustibili fossili - per abitante,2022,0.838,,,,,TIPO_DATO_AMB__FOSDRIVEHIC_N1,'L"'indicatore è calcolato per il totale dei veicoli dotati di motore a combustione interna (benzina, gasolio, metano, GPL, bi-fuel), esclusi i veicoli ibridi elettrici.',,,,,,,,
A,Annuale,068028,Pescara,FOSDRIVEHIC,Veicoli alimentati a combustibili fossili - per abitante,2023,0.84,,,,,TIPO_DATO_AMB__FOSDRIVEHIC_N1,'L"'indicatore è calcolato per il totale dei veicoli dotati di motore a combustione interna (benzina, gasolio, metano, GPL, bi-fuel), esclusi i veicoli ibridi elettrici.',,,,,,,,
A,Annuale,068028,Pescara,FOSDRIVEHIC,Veicoli alimentati a combustibili fossili - per abitante,2024,0.838,,,,,TIPO_DATO_AMB__FOSDRIVEHIC_N1,'L"'indicatore è calcolato per il totale dei veicoli dotati di motore a combustione interna (benzina, gasolio, metano, GPL, bi-fuel), esclusi i veicoli ibridi elettrici.',,,,,,,,
A,Annuale,069022,Chieti,FOSDRIVEHIC,Veicoli alimentati a combustibili fossili - per abitante,2022,0.941,,,,,TIPO_DATO_AMB__FOSDRIVEHIC_N1,'L"'indicatore è calcolato per il totale dei veicoli dotati di motore a combustione interna (benzina, gasolio, metano, GPL, bi-fuel), esclusi i veicoli ibridi elettrici.',,,,,,,,
A,Annuale,069022,Chieti,FOSDRIVEHIC,Veicoli alimentati a combustibili fossili - per abitante,2023,0.942,,,,,TIPO_DATO_AMB__FOSDRIVEHIC_N1,'L"'indicatore è calcolato per il totale dei veicoli dotati di motore a combustione interna (benzina, gasolio, metano, GPL, bi-fuel), esclusi i veicoli ibridi elettrici.',,,,,,,,
A,Annuale,069022,Chieti,FOSDRIVEHIC,Veicoli alimentati a combustibili fossili - per abitante,2024,0.943,,,,,TIPO_DATO_AMB__FOSDRIVEHIC_N1,'L"'indicatore è calcolato per il totale dei veicoli dotati di motore a combustione interna (benzina, gasolio, metano, GPL, bi-fuel), esclusi i veicoli ibridi elettrici.',,,,,,,,
A,Annuale,070006,Campobasso,FOSDRIVEHIC,Veicoli alimentati a combustibili fossili - per abitante,2022,0.96,,,,,TIPO_DATO_AMB__FOSDRIVEHIC_N1,'L"'indicatore è calcolato per il totale dei veicoli dotati di motore a combustione interna (benzina, gasolio, metano, GPL, bi-fuel), esclusi i veicoli ibridi elettrici.',,,,,,,,
A,Annuale,070006,Campobasso,FOSDRIVEHIC,Veicoli alimentati a combustibili fossili - per abitante,2023,0.957,,,,,TIPO_DATO_AMB__FOSDRIVEHIC_N1,'L"'indicatore è calcolato per il totale dei veicoli dotati di motore a combustione interna (benzina, gasolio, metano, GPL, bi-fuel), esclusi i veicoli ibridi elettrici.',,,,,,,,
A,Annuale,070006,Campobasso,FOSDRIVEHIC,Veicoli alimentati a combustibili fossili - per abitante,2024,0.955,,,,,TIPO_DATO_AMB__FOSDRIVEHIC_N1,'L"'indicatore è calcolato per il totale dei veicoli dotati di motore a combustione interna (benzina, gasolio, metano, GPL, bi-fuel), esclusi i veicoli ibridi elettrici.',,,,,,,,
A,Annuale,094023,Isernia,FOSDRIVEHIC,Veicoli alimentati a combustibili fossili - per abitante,2022,1.086,,,,,TIPO_DATO_AMB__FOSDRIVEHIC_N1,'L"'indicatore è calcolato per il totale dei veicoli dotati di motore a combustione interna (benzina, gasolio, metano, GPL, bi-fuel), esclusi i veicoli ibridi elettrici.',,,,,,,,
A,Annuale,094023,Isernia,FOSDRIVEHIC,Veicoli alimentati a combustibili fossili - per abitante,2023,1.078,,,,,TIPO_DATO_AMB__FOSDRIVEHIC_N1,'L"'indicatore è calcolato per il totale dei veicoli dotati di motore a combustione interna (benzina, gasolio, metano, GPL, bi-fuel), esclusi i veicoli ibridi elettrici.',,,,,,,,
A,Annuale,094023,Isernia,FOSDRIVEHIC,Veicoli alimentati a combustibili fossili - per abitante,2024,1.068,,,,,TIPO_DATO_AMB__FOSDRIVEHIC_N1,'L"'indicatore è calcolato per il totale dei veicoli dotati di motore a combustione interna (benzina, gasolio, metano, GPL, bi-fuel), esclusi i veicoli ibridi elettrici.',,,,,,,,
A,Annuale,061022,Caserta,FOSDRIVEHIC,Veicoli alimentati a combustibili fossili - per abitante,2022,0.822,,,,,TIPO_DATO_AMB__FOSDRIVEHIC_N1,'L"'indicatore è calcolato per il totale dei veicoli dotati di motore a combustione interna (benzina, gasolio, metano, GPL, bi-fuel), esclusi i veicoli ibridi elettrici.',,,,,,,,
A,Annuale,061022,Caserta,FOSDRIVEHIC,Veicoli alimentati a combustibili fossili - per abitante,2023,0.827,,,,,TIPO_DATO_AMB__FOSDRIVEHIC_N1,'L"'indicatore è calcolato per il totale dei veicoli dotati di motore a combustione interna (benzina, gasolio, metano, GPL, bi-fuel), esclusi i veicoli ibridi elettrici.',,,,,,,,
A,Annuale,061022,Caserta,FOSDRIVEHIC,Veicoli alimentati a combustibili fossili - per abitante,2024,0.831,,,,,TIPO_DATO_AMB__FOSDRIVEHIC_N1,'L"'indicatore è calcolato per il totale dei veicoli dotati di motore a combustione interna (benzina, gasolio, metano, GPL, bi-fuel), esclusi i veicoli ibridi elettrici.',,,,,,,,
A,Annuale,062008,Benevento,FOSDRIVEHIC,Veicoli alimentati a combustibili fossili - per abitante,2022,0.858,,,,,TIPO_DATO_AMB__FOSDRIVEHIC_N1,'L"'indicatore è calcolato per il totale dei veicoli dotati di motore a combustione interna (benzina, gasolio, metano, GPL, bi-fuel), esclusi i veicoli ibridi elettrici.',,,,,,,,
A,Annuale,062008,Benevento,FOSDRIVEHIC,Veicoli alimentati a combustibili fossili - per abitante,2023,0.866,,,,,TIPO_DATO_AMB__FOSDRIVEHIC_N1,'L"'indicatore è calcolato per il totale dei veicoli dotati di motore a combustione interna (benzina, gasolio, metano, GPL, bi-fuel), esclusi i veicoli ibridi elettrici.',,,,,,,,
A,Annuale,062008,Benevento,FOSDRIVEHIC,Veicoli alimentati a combustibili fossili - per abitante,2024,0.873,,,,,TIPO_DATO_AMB__FOSDRIVEHIC_N1,'L"'indicatore è calcolato per il totale dei veicoli dotati di motore a combustione interna (benzina, gasolio, metano, GPL, bi-fuel), esclusi i veicoli ibridi elettrici.',,,,,,,,
A,Annuale,063049,Napoli,FOSDRIVEHIC,Veicoli alimentati a combustibili fossili - per abitante,2022,0.835,,,,,TIPO_DATO_AMB__FOSDRIVEHIC_N1,'L"'indicatore è calcolato per il totale dei veicoli dotati di motore a combustione interna (benzina, gasolio, metano, GPL, bi-fuel), esclusi i veicoli ibridi elettrici.',,,,,,,,
A,Annuale,063049,Napoli,FOSDRIVEHIC,Veicoli alimentati a combustibili fossili - per abitante,2023,0.841,,,,,TIPO_DATO_AMB__FOSDRIVEHIC_N1,'L"'indicatore è calcolato per il totale dei veicoli dotati di motore a combustione interna (benzina, gasolio, metano, GPL, bi-fuel), esclusi i veicoli ibridi elettrici.',,,,,,,,
A,Annuale,063049,Napoli,FOSDRIVEHIC,Veicoli alimentati a combustibili fossili - per abitante,2024,0.847,,,,,TIPO_DATO_AMB__FOSDRIVEHIC_N1,'L"'indicatore è calcolato per il totale dei veicoli dotati di motore a combustione interna (benzina, gasolio, metano, GPL, bi-fuel), esclusi i veicoli ibridi elettrici.',,,,,,,,
A,Annuale,064008,Avellino,FOSDRIVEHIC,Veicoli alimentati a combustibili fossili - per abitante,2022,0.845,,,,,TIPO_DATO_AMB__FOSDRIVEHIC_N1,'L"'indicatore è calcolato per il totale dei veicoli dotati di motore a combustione interna (benzina, gasolio, metano, GPL, bi-fuel), esclusi i veicoli ibridi elettrici.',,,,,,,,
A,Annuale,064008,Avellino,FOSDRIVEHIC,Veicoli alimentati a combustibili fossili - per abitante,2023,0.854,,,,,TIPO_DATO_AMB__FOSDRIVEHIC_N1,'L"'indicatore è calcolato per il totale dei veicoli dotati di motore a combustione interna (benzina, gasolio, metano, GPL, bi-fuel), esclusi i veicoli ibridi elettrici.',,,,,,,,
A,Annuale,064008,Avellino,FOSDRIVEHIC,Veicoli alimentati a combustibili fossili - per abitante,2024,0.853,,,,,TIPO_DATO_AMB__FOSDRIVEHIC_N1,'L"'indicatore è calcolato per il totale dei veicoli dotati di motore a combustione interna (benzina, gasolio, metano, GPL, bi-fuel), esclusi i veicoli ibridi elettrici.',,,,,,,,
A,Annuale,065116,Salerno,FOSDRIVEHIC,Veicoli alimentati a combustibili fossili - per abitante,2022,0.864,,,,,TIPO_DATO_AMB__FOSDRIVEHIC_N1,'L"'indicatore è calcolato per il totale dei veicoli dotati di motore a combustione interna (benzina, gasolio, metano, GPL, bi-fuel), esclusi i veicoli ibridi elettrici.',,,,,,,,
A,Annuale,065116,Salerno,FOSDRIVEHIC,Veicoli alimentati a combustibili fossili - per abitante,2023,0.878,,,,,TIPO_DATO_AMB__FOSDRIVEHIC_N1,'L"'indicatore è calcolato per il totale dei veicoli dotati di motore a combustione interna (benzina, gasolio, metano, GPL, bi-fuel), esclusi i veicoli ibridi elettrici.',,,,,,,,
A,Annuale,065116,Salerno,FOSDRIVEHIC,Veicoli alimentati a combustibili fossili - per abitante,2024,0.887,,,,,TIPO_DATO_AMB__FOSDRIVEHIC_N1,'L"'indicatore è calcolato per il totale dei veicoli dotati di motore a combustione interna (benzina, gasolio, metano, GPL, bi-fuel), esclusi i veicoli ibridi elettrici.',,,,,,,,
A,Annuale,071024,Foggia,FOSDRIVEHIC,Veicoli alimentati a combustibili fossili - per abitante,2022,0.759,,,,,TIPO_DATO_AMB__FOSDRIVEHIC_N1,'L"'indicatore è calcolato per il totale dei veicoli dotati di motore a combustione interna (benzina, gasolio, metano, GPL, bi-fuel), esclusi i veicoli ibridi elettrici.',,,,,,,,
A,Annuale,071024,Foggia,FOSDRIVEHIC,Veicoli alimentati a combustibili fossili - per abitante,2023,0.772,,,,,TIPO_DATO_AMB__FOSDRIVEHIC_N1,'L"'indicatore è calcolato per il totale dei veicoli dotati di motore a combustione interna (benzina, gasolio, metano, GPL, bi-fuel), esclusi i veicoli ibridi elettrici.',,,,,,,,
A,Annuale,071024,Foggia,FOSDRIVEHIC,Veicoli alimentati a combustibili fossili - per abitante,2024,0.776,,,,,TIPO_DATO_AMB__FOSDRIVEHIC_N1,'L"'indicatore è calcolato per il totale dei veicoli dotati di motore a combustione interna (benzina, gasolio, metano, GPL, bi-fuel), esclusi i veicoli ibridi elettrici.',,,,,,,,
A,Annuale,072006,Bari,FOSDRIVEHIC,Veicoli alimentati a combustibili fossili - per abitante,2022,0.747,,,,,TIPO_DATO_AMB__FOSDRIVEHIC_N1,'L"'indicatore è calcolato per il totale dei veicoli dotati di motore a combustione interna (benzina, gasolio, metano, GPL, bi-fuel), esclusi i veicoli ibridi elettrici.',,,,,,,,
A,Annuale,072006,Bari,FOSDRIVEHIC,Veicoli alimentati a combustibili fossili - per abitante,2023,0.751,,,,,TIPO_DATO_AMB__FOSDRIVEHIC_N1,'L"'indicatore è calcolato per il totale dei veicoli dotati di motore a combustione interna (benzina, gasolio, metano, GPL, bi-fuel), esclusi i veicoli ibridi elettrici.',,,,,,,,
A,Annuale,072006,Bari,FOSDRIVEHIC,Veicoli alimentati a combustibili fossili - per abitante,2024,0.751,,,,,TIPO_DATO_AMB__FOSDRIVEHIC_N1,'L"'indicatore è calcolato per il totale dei veicoli dotati di motore a combustione interna (benzina, gasolio, metano, GPL, bi-fuel), esclusi i veicoli ibridi elettrici.',,,,,,,,
A,Annuale,073027,Taranto,FOSDRIVEHIC,Veicoli alimentati a combustibili fossili - per abitante,2022,0.73,,,,,TIPO_DATO_AMB__FOSDRIVEHIC_N1,'L"'indicatore è calcolato per il totale dei veicoli dotati di motore a combustione interna (benzina, gasolio, metano, GPL, bi-fuel), esclusi i veicoli ibridi elettrici.',,,,,,,,
A,Annuale,073027,Taranto,FOSDRIVEHIC,Veicoli alimentati a combustibili fossili - per abitante,2023,0.737,,,,,TIPO_DATO_AMB__FOSDRIVEHIC_N1,'L"'indicatore è calcolato per il totale dei veicoli dotati di motore a combustione interna (benzina, gasolio, metano, GPL, bi-fuel), esclusi i veicoli ibridi elettrici.',,,,,,,,
A,Annuale,073027,Taranto,FOSDRIVEHIC,Veicoli alimentati a combustibili fossili - per abitante,2024,0.739,,,,,TIPO_DATO_AMB__FOSDRIVEHIC_N1,'L"'indicatore è calcolato per il totale dei veicoli dotati di motore a combustione interna (benzina, gasolio, metano, GPL, bi-fuel), esclusi i veicoli ibridi elettrici.',,,,,,,,
A,Annuale,074001,Brindisi,FOSDRIVEHIC,Veicoli alimentati a combustibili fossili - per abitante,2022,0.803,,,,,TIPO_DATO_AMB__FOSDRIVEHIC_N1,'L"'indicatore è calcolato per il totale dei veicoli dotati di motore a combustione interna (benzina, gasolio, metano, GPL, bi-fuel), esclusi i veicoli ibridi elettrici.',,,,,,,,
A,Annuale,074001,Brindisi,FOSDRIVEHIC,Veicoli alimentati a combustibili fossili - per abitante,2023,0.814,,,,,TIPO_DATO_AMB__FOSDRIVEHIC_N1,'L"'indicatore è calcolato per il totale dei veicoli dotati di motore a combustione interna (benzina, gasolio, metano, GPL, bi-fuel), esclusi i veicoli ibridi elettrici.',,,,,,,,
A,Annuale,074001,Brindisi,FOSDRIVEHIC,Veicoli alimentati a combustibili fossili - per abitante,2024,0.821,,,,,TIPO_DATO_AMB__FOSDRIVEHIC_N1,'L"'indicatore è calcolato per il totale dei veicoli dotati di motore a combustione interna (benzina, gasolio, metano, GPL, bi-fuel), esclusi i veicoli ibridi elettrici.',,,,,,,,
A,Annuale,075035,Lecce,FOSDRIVEHIC,Veicoli alimentati a combustibili fossili - per abitante,2022,0.935,,,,,TIPO_DATO_AMB__FOSDRIVEHIC_N1,'L"'indicatore è calcolato per il totale dei veicoli dotati di motore a combustione interna (benzina, gasolio, metano, GPL, bi-fuel), esclusi i veicoli ibridi elettrici.',,,,,,,,
A,Annuale,075035,Lecce,FOSDRIVEHIC,Veicoli alimentati a combustibili fossili - per abitante,2023,0.946,,,,,TIPO_DATO_AMB__FOSDRIVEHIC_N1,'L"'indicatore è calcolato per il totale dei veicoli dotati di motore a combustione interna (benzina, gasolio, metano, GPL, bi-fuel), esclusi i veicoli ibridi elettrici.',,,,,,,,
A,Annuale,075035,Lecce,FOSDRIVEHIC,Veicoli alimentati a combustibili fossili - per abitante,2024,0.949,,,,,TIPO_DATO_AMB__FOSDRIVEHIC_N1,'L"'indicatore è calcolato per il totale dei veicoli dotati di motore a combustione interna (benzina, gasolio, metano, GPL, bi-fuel), esclusi i veicoli ibridi elettrici.',,,,,,,,
A,Annuale,110001,Andria,FOSDRIVEHIC,Veicoli alimentati a combustibili fossili - per abitante,2022,0.77,,,ITTER107__110001_N1,Comune incluso nella rilevazione a partire dal 2010,TIPO_DATO_AMB__FOSDRIVEHIC_N1,'L"'indicatore è calcolato per il totale dei veicoli dotati di motore a combustione interna (benzina, gasolio, metano, GPL, bi-fuel), esclusi i veicoli ibridi elettrici.',,,,,,,,
A,Annuale,110001,Andria,FOSDRIVEHIC,Veicoli alimentati a combustibili fossili - per abitante,2023,0.784,,,ITTER107__110001_N1,Comune incluso nella rilevazione a partire dal 2010,TIPO_DATO_AMB__FOSDRIVEHIC_N1,'L"'indicatore è calcolato per il totale dei veicoli dotati di motore a combustione interna (benzina, gasolio, metano, GPL, bi-fuel), esclusi i veicoli ibridi elettrici.',,,,,,,,
A,Annuale,110001,Andria,FOSDRIVEHIC,Veicoli alimentati a combustibili fossili - per abitante,2024,0.795,,,ITTER107__110001_N1,Comune incluso nella rilevazione a partire dal 2010,TIPO_DATO_AMB__FOSDRIVEHIC_N1,'L"'indicatore è calcolato per il totale dei veicoli dotati di motore a combustione interna (benzina, gasolio, metano, GPL, bi-fuel), esclusi i veicoli ibridi elettrici.',,,,,,,,
A,Annuale,110002,Barletta,FOSDRIVEHIC,Veicoli alimentati a combustibili fossili - per abitante,2022,0.711,,,ITTER107__110002_N1,Comune incluso nella rilevazione a partire dal 2010,TIPO_DATO_AMB__FOSDRIVEHIC_N1,'L"'indicatore è calcolato per il totale dei veicoli dotati di motore a combustione interna (benzina, gasolio, metano, GPL, bi-fuel), esclusi i veicoli ibridi elettrici.',,,,,,,,
A,Annuale,110002,Barletta,FOSDRIVEHIC,Veicoli alimentati a combustibili fossili - per abitante,2023,0.72,,,ITTER107__110002_N1,Comune incluso nella rilevazione a partire dal 2010,TIPO_DATO_AMB__FOSDRIVEHIC_N1,'L"'indicatore è calcolato per il totale dei veicoli dotati di motore a combustione interna (benzina, gasolio, metano, GPL, bi-fuel), esclusi i veicoli ibridi elettrici.',,,,,,,,
A,Annuale,110002,Barletta,FOSDRIVEHIC,Veicoli alimentati a combustibili fossili - per abitante,2024,0.73,,,ITTER107__110002_N1,Comune incluso nella rilevazione a partire dal 2010,TIPO_DATO_AMB__FOSDRIVEHIC_N1,'L"'indicatore è calcolato per il totale dei veicoli dotati di motore a combustione interna (benzina, gasolio, metano, GPL, bi-fuel), esclusi i veicoli ibridi elettrici.',,,,,,,,
A,Annuale,110009,Trani,FOSDRIVEHIC,Veicoli alimentati a combustibili fossili - per abitante,2022,0.777,,,ITTER107__110009_N1,Comune incluso nella rilevazione a partire dal 2010,TIPO_DATO_AMB__FOSDRIVEHIC_N1,'L"'indicatore è calcolato per il totale dei veicoli dotati di motore a combustione interna (benzina, gasolio, metano, GPL, bi-fuel), esclusi i veicoli ibridi elettrici.',,,,,,,,
A,Annuale,110009,Trani,FOSDRIVEHIC,Veicoli alimentati a combustibili fossili - per abitante,2023,0.789,,,ITTER107__110009_N1,Comune incluso nella rilevazione a partire dal 2010,TIPO_DATO_AMB__FOSDRIVEHIC_N1,'L"'indicatore è calcolato per il totale dei veicoli dotati di motore a combustione interna (benzina, gasolio, metano, GPL, bi-fuel), esclusi i veicoli ibridi elettrici.',,,,,,,,
A,Annuale,110009,Trani,FOSDRIVEHIC,Veicoli alimentati a combustibili fossili - per abitante,2024,0.798,,,ITTER107__110009_N1,Comune incluso nella rilevazione a partire dal 2010,TIPO_DATO_AMB__FOSDRIVEHIC_N1,'L"'indicatore è calcolato per il totale dei veicoli dotati di motore a combustione interna (benzina, gasolio, metano, GPL, bi-fuel), esclusi i veicoli ibridi elettrici.',,,,,,,,
A,Annuale,076063,Potenza,FOSDRIVEHIC,Veicoli alimentati a combustibili fossili - per abitante,2022,0.976,,,,,TIPO_DATO_AMB__FOSDRIVEHIC_N1,'L"'indicatore è calcolato per il totale dei veicoli dotati di motore a combustione interna (benzina, gasolio, metano, GPL, bi-fuel), esclusi i veicoli ibridi elettrici.',,,,,,,,
A,Annuale,076063,Potenza,FOSDRIVEHIC,Veicoli alimentati a combustibili fossili - per abitante,2023,0.984,,,,,TIPO_DATO_AMB__FOSDRIVEHIC_N1,'L"'indicatore è calcolato per il totale dei veicoli dotati di motore a combustione interna (benzina, gasolio, metano, GPL, bi-fuel), esclusi i veicoli ibridi elettrici.',,,,,,,,
A,Annuale,076063,Potenza,FOSDRIVEHIC,Veicoli alimentati a combustibili fossili - per abitante,2024,0.99,,,,,TIPO_DATO_AMB__FOSDRIVEHIC_N1,'L"'indicatore è calcolato per il totale dei veicoli dotati di motore a combustione interna (benzina, gasolio, metano, GPL, bi-fuel), esclusi i veicoli ibridi elettrici.',,,,,,,,
A,Annuale,077014,Matera,FOSDRIVEHIC,Veicoli alimentati a combustibili fossili - per abitante,2022,0.836,,,,,TIPO_DATO_AMB__FOSDRIVEHIC_N1,'L"'indicatore è calcolato per il totale dei veicoli dotati di motore a combustione interna (benzina, gasolio, metano, GPL, bi-fuel), esclusi i veicoli ibridi elettrici.',,,,,,,,
A,Annuale,077014,Matera,FOSDRIVEHIC,Veicoli alimentati a combustibili fossili - per abitante,2023,0.84,,,,,TIPO_DATO_AMB__FOSDRIVEHIC_N1,'L"'indicatore è calcolato per il totale dei veicoli dotati di motore a combustione interna (benzina, gasolio, metano, GPL, bi-fuel), esclusi i veicoli ibridi elettrici.',,,,,,,,
A,Annuale,077014,Matera,FOSDRIVEHIC,Veicoli alimentati a combustibili fossili - per abitante,2024,0.845,,,,,TIPO_DATO_AMB__FOSDRIVEHIC_N1,'L"'indicatore è calcolato per il totale dei veicoli dotati di motore a combustione interna (benzina, gasolio, metano, GPL, bi-fuel), esclusi i veicoli ibridi elettrici.',,,,,,,,
A,Annuale,078045,Cosenza,FOSDRIVEHIC,Veicoli alimentati a combustibili fossili - per abitante,2022,0.885,,,,,TIPO_DATO_AMB__FOSDRIVEHIC_N1,'L"'indicatore è calcolato per il totale dei veicoli dotati di motore a combustione interna (benzina, gasolio, metano, GPL, bi-fuel), esclusi i veicoli ibridi elettrici.',,,,,,,,
A,Annuale,078045,Cosenza,FOSDRIVEHIC,Veicoli alimentati a combustibili fossili - per abitante,2023,0.887,,,,,TIPO_DATO_AMB__FOSDRIVEHIC_N1,'L"'indicatore è calcolato per il totale dei veicoli dotati di motore a combustione interna (benzina, gasolio, metano, GPL, bi-fuel), esclusi i veicoli ibridi elettrici.',,,,,,,,
A,Annuale,078045,Cosenza,FOSDRIVEHIC,Veicoli alimentati a combustibili fossili - per abitante,2024,0.891,,,,,TIPO_DATO_AMB__FOSDRIVEHIC_N1,'L"'indicatore è calcolato per il totale dei veicoli dotati di motore a combustione interna (benzina, gasolio, metano, GPL, bi-fuel), esclusi i veicoli ibridi elettrici.',,,,,,,,
A,Annuale,079023,Catanzaro,FOSDRIVEHIC,Veicoli alimentati a combustibili fossili - per abitante,2022,0.916,,,,,TIPO_DATO_AMB__FOSDRIVEHIC_N1,'L"'indicatore è calcolato per il totale dei veicoli dotati di motore a combustione interna (benzina, gasolio, metano, GPL, bi-fuel), esclusi i veicoli ibridi elettrici.',,,,,,,,
A,Annuale,079023,Catanzaro,FOSDRIVEHIC,Veicoli alimentati a combustibili fossili - per abitante,2023,0.929,,,,,TIPO_DATO_AMB__FOSDRIVEHIC_N1,'L"'indicatore è calcolato per il totale dei veicoli dotati di motore a combustione interna (benzina, gasolio, metano, GPL, bi-fuel), esclusi i veicoli ibridi elettrici.',,,,,,,,
A,Annuale,079023,Catanzaro,FOSDRIVEHIC,Veicoli alimentati a combustibili fossili - per abitante,2024,0.938,,,,,TIPO_DATO_AMB__FOSDRIVEHIC_N1,'L"'indicatore è calcolato per il totale dei veicoli dotati di motore a combustione interna (benzina, gasolio, metano, GPL, bi-fuel), esclusi i veicoli ibridi elettrici.',,,,,,,,
A,Annuale,080063,Reggio di Calabria,FOSDRIVEHIC,Veicoli alimentati a combustibili fossili - per abitante,2022,0.877,,,,,TIPO_DATO_AMB__FOSDRIVEHIC_N1,'L"'indicatore è calcolato per il totale dei veicoli dotati di motore a combustione interna (benzina, gasolio, metano, GPL, bi-fuel), esclusi i veicoli ibridi elettrici.',,,,,,,,
A,Annuale,080063,Reggio di Calabria,FOSDRIVEHIC,Veicoli alimentati a combustibili fossili - per abitante,2023,0.887,,,,,TIPO_DATO_AMB__FOSDRIVEHIC_N1,'L"'indicatore è calcolato per il totale dei veicoli dotati di motore a combustione interna (benzina, gasolio, metano, GPL, bi-fuel), esclusi i veicoli ibridi elettrici.',,,,,,,,
A,Annuale,080063,Reggio di Calabria,FOSDRIVEHIC,Veicoli alimentati a combustibili fossili - per abitante,2024,0.897,,,,,TIPO_DATO_AMB__FOSDRIVEHIC_N1,'L"'indicatore è calcolato per il totale dei veicoli dotati di motore a combustione interna (benzina, gasolio, metano, GPL, bi-fuel), esclusi i veicoli ibridi elettrici.',,,,,,,,
A,Annuale,101010,Crotone,FOSDRIVEHIC,Veicoli alimentati a combustibili fossili - per abitante,2022,0.799,,,,,TIPO_DATO_AMB__FOSDRIVEHIC_N1,'L"'indicatore è calcolato per il totale dei veicoli dotati di motore a combustione interna (benzina, gasolio, metano, GPL, bi-fuel), esclusi i veicoli ibridi elettrici.',,,,,,,,
A,Annuale,101010,Crotone,FOSDRIVEHIC,Veicoli alimentati a combustibili fossili - per abitante,2023,0.812,,,,,TIPO_DATO_AMB__FOSDRIVEHIC_N1,'L"'indicatore è calcolato per il totale dei veicoli dotati di motore a combustione interna (benzina, gasolio, metano, GPL, bi-fuel), esclusi i veicoli ibridi elettrici.',,,,,,,,
A,Annuale,101010,Crotone,FOSDRIVEHIC,Veicoli alimentati a combustibili fossili - per abitante,2024,0.818,,,,,TIPO_DATO_AMB__FOSDRIVEHIC_N1,'L"'indicatore è calcolato per il totale dei veicoli dotati di motore a combustione interna (benzina, gasolio, metano, GPL, bi-fuel), esclusi i veicoli ibridi elettrici.',,,,,,,,
A,Annuale,102047,Vibo Valentia,FOSDRIVEHIC,Veicoli alimentati a combustibili fossili - per abitante,2022,0.988,,,,,TIPO_DATO_AMB__FOSDRIVEHIC_N1,'L"'indicatore è calcolato per il totale dei veicoli dotati di motore a combustione interna (benzina, gasolio, metano, GPL, bi-fuel), esclusi i veicoli ibridi elettrici.',,,,,,,,
A,Annuale,102047,Vibo Valentia,FOSDRIVEHIC,Veicoli alimentati a combustibili fossili - per abitante,2023,1.003,,,,,TIPO_DATO_AMB__FOSDRIVEHIC_N1,'L"'indicatore è calcolato per il totale dei veicoli dotati di motore a combustione interna (benzina, gasolio, metano, GPL, bi-fuel), esclusi i veicoli ibridi elettrici.',,,,,,,,
A,Annuale,102047,Vibo Valentia,FOSDRIVEHIC,Veicoli alimentati a combustibili fossili - per abitante,2024,1.008,,,,,TIPO_DATO_AMB__FOSDRIVEHIC_N1,'L"'indicatore è calcolato per il totale dei veicoli dotati di motore a combustione interna (benzina, gasolio, metano, GPL, bi-fuel), esclusi i veicoli ibridi elettrici.',,,,,,,,
A,Annuale,ITG,Isole,FOSDRIVEHIC,Veicoli alimentati a combustibili fossili - per abitante,2022,0.95,,,ITTER107__ITG_N1,'Valori riferiti all"'insieme dei comuni capoluogo. Italia, Nord, Nord-est e Capoluoghi di provincia non includono il comune di Cesena.',TIPO_DATO_AMB__FOSDRIVEHIC_N1,'L"'indicatore è calcolato per il totale dei veicoli dotati di motore a combustione interna (benzina, gasolio, metano, GPL, bi-fuel), esclusi i veicoli ibridi elettrici.',,,,,,,,
A,Annuale,ITG,Isole,FOSDRIVEHIC,Veicoli alimentati a combustibili fossili - per abitante,2023,0.956,,,ITTER107__ITG_N1,'Valori riferiti all"'insieme dei comuni capoluogo. Italia, Nord, Nord-est e Capoluoghi di provincia non includono il comune di Cesena.',TIPO_DATO_AMB__FOSDRIVEHIC_N1,'L"'indicatore è calcolato per il totale dei veicoli dotati di motore a combustione interna (benzina, gasolio, metano, GPL, bi-fuel), esclusi i veicoli ibridi elettrici.',,,,,,,,
A,Annuale,ITG,Isole,FOSDRIVEHIC,Veicoli alimentati a combustibili fossili - per abitante,2024,0.959,,,ITTER107__ITG_N1,'Valori riferiti all"'insieme dei comuni capoluogo. Italia, Nord, Nord-est e Capoluoghi di provincia non includono il comune di Cesena.',TIPO_DATO_AMB__FOSDRIVEHIC_N1,'L"'indicatore è calcolato per il totale dei veicoli dotati di motore a combustione interna (benzina, gasolio, metano, GPL, bi-fuel), esclusi i veicoli ibridi elettrici.',,,,,,,,
A,Annuale,081021,Trapani,FOSDRIVEHIC,Veicoli alimentati a combustibili fossili - per abitante,2022,0.97,,,,,TIPO_DATO_AMB__FOSDRIVEHIC_N1,'L"'indicatore è calcolato per il totale dei veicoli dotati di motore a combustione interna (benzina, gasolio, metano, GPL, bi-fuel), esclusi i veicoli ibridi elettrici.',,,,,,,,
A,Annuale,081021,Trapani,FOSDRIVEHIC,Veicoli alimentati a combustibili fossili - per abitante,2023,0.965,,,,,TIPO_DATO_AMB__FOSDRIVEHIC_N1,'L"'indicatore è calcolato per il totale dei veicoli dotati di motore a combustione interna (benzina, gasolio, metano, GPL, bi-fuel), esclusi i veicoli ibridi elettrici.',,,,,,,,
A,Annuale,081021,Trapani,FOSDRIVEHIC,Veicoli alimentati a combustibili fossili - per abitante,2024,0.962,,,,,TIPO_DATO_AMB__FOSDRIVEHIC_N1,'L"'indicatore è calcolato per il totale dei veicoli dotati di motore a combustione interna (benzina, gasolio, metano, GPL, bi-fuel), esclusi i veicoli ibridi elettrici.',,,,,,,,
A,Annuale,082053,Palermo,FOSDRIVEHIC,Veicoli alimentati a combustibili fossili - per abitante,2022,0.89,,,,,TIPO_DATO_AMB__FOSDRIVEHIC_N1,'L"'indicatore è calcolato per il totale dei veicoli dotati di motore a combustione interna (benzina, gasolio, metano, GPL, bi-fuel), esclusi i veicoli ibridi elettrici.',,,,,,,,
A,Annuale,082053,Palermo,FOSDRIVEHIC,Veicoli alimentati a combustibili fossili - per abitante,2023,0.894,,,,,TIPO_DATO_AMB__FOSDRIVEHIC_N1,'L"'indicatore è calcolato per il totale dei veicoli dotati di motore a combustione interna (benzina, gasolio, metano, GPL, bi-fuel), esclusi i veicoli ibridi elettrici.',,,,,,,,
A,Annuale,082053,Palermo,FOSDRIVEHIC,Veicoli alimentati a combustibili fossili - per abitante,2024,0.897,,,,,TIPO_DATO_AMB__FOSDRIVEHIC_N1,'L"'indicatore è calcolato per il totale dei veicoli dotati di motore a combustione interna (benzina, gasolio, metano, GPL, bi-fuel), esclusi i veicoli ibridi elettrici.',,,,,,,,
A,Annuale,083048,Messina,FOSDRIVEHIC,Veicoli alimentati a combustibili fossili - per abitante,2022,0.918,,,,,TIPO_DATO_AMB__FOSDRIVEHIC_N1,'L"'indicatore è calcolato per il totale dei veicoli dotati di motore a combustione interna (benzina, gasolio, metano, GPL, bi-fuel), esclusi i veicoli ibridi elettrici.',,,,,,,,
A,Annuale,083048,Messina,FOSDRIVEHIC,Veicoli alimentati a combustibili fossili - per abitante,2023,0.922,,,,,TIPO_DATO_AMB__FOSDRIVEHIC_N1,'L"'indicatore è calcolato per il totale dei veicoli dotati di motore a combustione interna (benzina, gasolio, metano, GPL, bi-fuel), esclusi i veicoli ibridi elettrici.',,,,,,,,
A,Annuale,083048,Messina,FOSDRIVEHIC,Veicoli alimentati a combustibili fossili - per abitante,2024,0.923,,,,,TIPO_DATO_AMB__FOSDRIVEHIC_N1,'L"'indicatore è calcolato per il totale dei veicoli dotati di motore a combustione interna (benzina, gasolio, metano, GPL, bi-fuel), esclusi i veicoli ibridi elettrici.',,,,,,,,
A,Annuale,084001,Agrigento,FOSDRIVEHIC,Veicoli alimentati a combustibili fossili - per abitante,2022,1.093,,,,,TIPO_DATO_AMB__FOSDRIVEHIC_N1,'L"'indicatore è calcolato per il totale dei veicoli dotati di motore a combustione interna (benzina, gasolio, metano, GPL, bi-fuel), esclusi i veicoli ibridi elettrici.',,,,,,,,
A,Annuale,084001,Agrigento,FOSDRIVEHIC,Veicoli alimentati a combustibili fossili - per abitante,2023,1.102,,,,,TIPO_DATO_AMB__FOSDRIVEHIC_N1,'L"'indicatore è calcolato per il totale dei veicoli dotati di motore a combustione interna (benzina, gasolio, metano, GPL, bi-fuel), esclusi i veicoli ibridi elettrici.',,,,,,,,
A,Annuale,084001,Agrigento,FOSDRIVEHIC,Veicoli alimentati a combustibili fossili - per abitante,2024,1.111,,,,,TIPO_DATO_AMB__FOSDRIVEHIC_N1,'L"'indicatore è calcolato per il totale dei veicoli dotati di motore a combustione interna (benzina, gasolio, metano, GPL, bi-fuel), esclusi i veicoli ibridi elettrici.',,,,,,,,
A,Annuale,085004,Caltanissetta,FOSDRIVEHIC,Veicoli alimentati a combustibili fossili - per abitante,2022,0.917,,,,,TIPO_DATO_AMB__FOSDRIVEHIC_N1,'L"'indicatore è calcolato per il totale dei veicoli dotati di motore a combustione interna (benzina, gasolio, metano, GPL, bi-fuel), esclusi i veicoli ibridi elettrici.',,,,,,,,
A,Annuale,085004,Caltanissetta,FOSDRIVEHIC,Veicoli alimentati a combustibili fossili - per abitante,2023,0.924,,,,,TIPO_DATO_AMB__FOSDRIVEHIC_N1,'L"'indicatore è calcolato per il totale dei veicoli dotati di motore a combustione interna (benzina, gasolio, metano, GPL, bi-fuel), esclusi i veicoli ibridi elettrici.',,,,,,,,
A,Annuale,085004,Caltanissetta,FOSDRIVEHIC,Veicoli alimentati a combustibili fossili - per abitante,2024,0.931,,,,,TIPO_DATO_AMB__FOSDRIVEHIC_N1,'L"'indicatore è calcolato per il totale dei veicoli dotati di motore a combustione interna (benzina, gasolio, metano, GPL, bi-fuel), esclusi i veicoli ibridi elettrici.',,,,,,,,
A,Annuale,086009,Enna,FOSDRIVEHIC,Veicoli alimentati a combustibili fossili - per abitante,2022,0.942,,,,,TIPO_DATO_AMB__FOSDRIVEHIC_N1,'L"'indicatore è calcolato per il totale dei veicoli dotati di motore a combustione interna (benzina, gasolio, metano, GPL, bi-fuel), esclusi i veicoli ibridi elettrici.',,,,,,,,
A,Annuale,086009,Enna,FOSDRIVEHIC,Veicoli alimentati a combustibili fossili - per abitante,2023,0.949,,,,,TIPO_DATO_AMB__FOSDRIVEHIC_N1,'L"'indicatore è calcolato per il totale dei veicoli dotati di motore a combustione interna (benzina, gasolio, metano, GPL, bi-fuel), esclusi i veicoli ibridi elettrici.',,,,,,,,
A,Annuale,086009,Enna,FOSDRIVEHIC,Veicoli alimentati a combustibili fossili - per abitante,2024,0.957,,,,,TIPO_DATO_AMB__FOSDRIVEHIC_N1,'L"'indicatore è calcolato per il totale dei veicoli dotati di motore a combustione interna (benzina, gasolio, metano, GPL, bi-fuel), esclusi i veicoli ibridi elettrici.',,,,,,,,
A,Annuale,087015,Catania,FOSDRIVEHIC,Veicoli alimentati a combustibili fossili - per abitante,2022,1.108,,,,,TIPO_DATO_AMB__FOSDRIVEHIC_N1,'L"'indicatore è calcolato per il totale dei veicoli dotati di motore a combustione interna (benzina, gasolio, metano, GPL, bi-fuel), esclusi i veicoli ibridi elettrici.',,,,,,,,
A,Annuale,087015,Catania,FOSDRIVEHIC,Veicoli alimentati a combustibili fossili - per abitante,2023,1.12,,,,,TIPO_DATO_AMB__FOSDRIVEHIC_N1,'L"'indicatore è calcolato per il totale dei veicoli dotati di motore a combustione interna (benzina, gasolio, metano, GPL, bi-fuel), esclusi i veicoli ibridi elettrici.',,,,,,,,
A,Annuale,087015,Catania,FOSDRIVEHIC,Veicoli alimentati a combustibili fossili - per abitante,2024,1.129,,,,,TIPO_DATO_AMB__FOSDRIVEHIC_N1,'L"'indicatore è calcolato per il totale dei veicoli dotati di motore a combustione interna (benzina, gasolio, metano, GPL, bi-fuel), esclusi i veicoli ibridi elettrici.',,,,,,,,
A,Annuale,088009,Ragusa,FOSDRIVEHIC,Veicoli alimentati a combustibili fossili - per abitante,2022,0.989,,,,,TIPO_DATO_AMB__FOSDRIVEHIC_N1,'L"'indicatore è calcolato per il totale dei veicoli dotati di motore a combustione interna (benzina, gasolio, metano, GPL, bi-fuel), esclusi i veicoli ibridi elettrici.',,,,,,,,
A,Annuale,088009,Ragusa,FOSDRIVEHIC,Veicoli alimentati a combustibili fossili - per abitante,2023,0.99,,,,,TIPO_DATO_AMB__FOSDRIVEHIC_N1,'L"'indicatore è calcolato per il totale dei veicoli dotati di motore a combustione interna (benzina, gasolio, metano, GPL, bi-fuel), esclusi i veicoli ibridi elettrici.',,,,,,,,
A,Annuale,088009,Ragusa,FOSDRIVEHIC,Veicoli alimentati a combustibili fossili - per abitante,2024,0.986,,,,,TIPO_DATO_AMB__FOSDRIVEHIC_N1,'L"'indicatore è calcolato per il totale dei veicoli dotati di motore a combustione interna (benzina, gasolio, metano, GPL, bi-fuel), esclusi i veicoli ibridi elettrici.',,,,,,,,
A,Annuale,089017,Siracusa,FOSDRIVEHIC,Veicoli alimentati a combustibili fossili - per abitante,2022,1.011,,,,,TIPO_DATO_AMB__FOSDRIVEHIC_N1,'L"'indicatore è calcolato per il totale dei veicoli dotati di motore a combustione interna (benzina, gasolio, metano, GPL, bi-fuel), esclusi i veicoli ibridi elettrici.',,,,,,,,
A,Annuale,089017,Siracusa,FOSDRIVEHIC,Veicoli alimentati a combustibili fossili - per abitante,2023,1.016,,,,,TIPO_DATO_AMB__FOSDRIVEHIC_N1,'L"'indicatore è calcolato per il totale dei veicoli dotati di motore a combustione interna (benzina, gasolio, metano, GPL, bi-fuel), esclusi i veicoli ibridi elettrici.',,,,,,,,
A,Annuale,089017,Siracusa,FOSDRIVEHIC,Veicoli alimentati a combustibili fossili - per abitante,2024,1.018,,,,,TIPO_DATO_AMB__FOSDRIVEHIC_N1,'L"'indicatore è calcolato per il totale dei veicoli dotati di motore a combustione interna (benzina, gasolio, metano, GPL, bi-fuel), esclusi i veicoli ibridi elettrici.',,,,,,,,
A,Annuale,090064,Sassari,FOSDRIVEHIC,Veicoli alimentati a combustibili fossili - per abitante,2022,0.896,,,,,TIPO_DATO_AMB__FOSDRIVEHIC_N1,'L"'indicatore è calcolato per il totale dei veicoli dotati di motore a combustione interna (benzina, gasolio, metano, GPL, bi-fuel), esclusi i veicoli ibridi elettrici.',,,,,,,,
A,Annuale,090064,Sassari,FOSDRIVEHIC,Veicoli alimentati a combustibili fossili - per abitante,2023,0.903,,,,,TIPO_DATO_AMB__FOSDRIVEHIC_N1,'L"'indicatore è calcolato per il totale dei veicoli dotati di motore a combustione interna (benzina, gasolio, metano, GPL, bi-fuel), esclusi i veicoli ibridi elettrici.',,,,,,,,
A,Annuale,090064,Sassari,FOSDRIVEHIC,Veicoli alimentati a combustibili fossili - per abitante,2024,0.906,,,,,TIPO_DATO_AMB__FOSDRIVEHIC_N1,'L"'indicatore è calcolato per il totale dei veicoli dotati di motore a combustione interna (benzina, gasolio, metano, GPL, bi-fuel), esclusi i veicoli ibridi elettrici.',,,,,,,,
A,Annuale,091051,Nuoro,FOSDRIVEHIC,Veicoli alimentati a combustibili fossili - per abitante,2022,0.954,,,,,TIPO_DATO_AMB__FOSDRIVEHIC_N1,'L"'indicatore è calcolato per il totale dei veicoli dotati di motore a combustione interna (benzina, gasolio, metano, GPL, bi-fuel), esclusi i veicoli ibridi elettrici.',,,,,,,,
A,Annuale,091051,Nuoro,FOSDRIVEHIC,Veicoli alimentati a combustibili fossili - per abitante,2023,0.972,,,,,TIPO_DATO_AMB__FOSDRIVEHIC_N1,'L"'indicatore è calcolato per il totale dei veicoli dotati di motore a combustione interna (benzina, gasolio, metano, GPL, bi-fuel), esclusi i veicoli ibridi elettrici.',,,,,,,,
A,Annuale,091051,Nuoro,FOSDRIVEHIC,Veicoli alimentati a combustibili fossili - per abitante,2024,0.975,,,,,TIPO_DATO_AMB__FOSDRIVEHIC_N1,'L"'indicatore è calcolato per il totale dei veicoli dotati di motore a combustione interna (benzina, gasolio, metano, GPL, bi-fuel), esclusi i veicoli ibridi elettrici.',,,,,,,,
A,Annuale,092009,Cagliari,FOSDRIVEHIC,Veicoli alimentati a combustibili fossili - per abitante,2022,0.887,,,,,TIPO_DATO_AMB__FOSDRIVEHIC_N1,'L"'indicatore è calcolato per il totale dei veicoli dotati di motore a combustione interna (benzina, gasolio, metano, GPL, bi-fuel), esclusi i veicoli ibridi elettrici.',,,,,,,,
A,Annuale,092009,Cagliari,FOSDRIVEHIC,Veicoli alimentati a combustibili fossili - per abitante,2023,0.892,,,,,TIPO_DATO_AMB__FOSDRIVEHIC_N1,'L"'indicatore è calcolato per il totale dei veicoli dotati di motore a combustione interna (benzina, gasolio, metano, GPL, bi-fuel), esclusi i veicoli ibridi elettrici.',,,,,,,,
A,Annuale,092009,Cagliari,FOSDRIVEHIC,Veicoli alimentati a combustibili fossili - per abitante,2024,0.886,,,,,TIPO_DATO_AMB__FOSDRIVEHIC_N1,'L"'indicatore è calcolato per il totale dei veicoli dotati di motore a combustione interna (benzina, gasolio, metano, GPL, bi-fuel), esclusi i veicoli ibridi elettrici.',,,,,,,,
A,Annuale,095038,Oristano,FOSDRIVEHIC,Veicoli alimentati a combustibili fossili - per abitante,2022,0.928,,,,,TIPO_DATO_AMB__FOSDRIVEHIC_N1,'L"'indicatore è calcolato per il totale dei veicoli dotati di motore a combustione interna (benzina, gasolio, metano, GPL, bi-fuel), esclusi i veicoli ibridi elettrici.',,,,,,,,
A,Annuale,095038,Oristano,FOSDRIVEHIC,Veicoli alimentati a combustibili fossili - per abitante,2023,0.938,,,,,TIPO_DATO_AMB__FOSDRIVEHIC_N1,'L"'indicatore è calcolato per il totale dei veicoli dotati di motore a combustione interna (benzina, gasolio, metano, GPL, bi-fuel), esclusi i veicoli ibridi elettrici.',,,,,,,,
A,Annuale,095038,Oristano,FOSDRIVEHIC,Veicoli alimentati a combustibili fossili - per abitante,2024,0.942,,,,,TIPO_DATO_AMB__FOSDRIVEHIC_N1,'L"'indicatore è calcolato per il totale dei veicoli dotati di motore a combustione interna (benzina, gasolio, metano, GPL, bi-fuel), esclusi i veicoli ibridi elettrici.',,,,,,,,
A,Annuale,107003,Carbonia,FOSDRIVEHIC,Veicoli alimentati a combustibili fossili - per abitante,2022,0.855,,,ITTER107__107003_N1,Comune incluso nella rilevazione a partire dal 2006,TIPO_DATO_AMB__FOSDRIVEHIC_N1,'L"'indicatore è calcolato per il totale dei veicoli dotati di motore a combustione interna (benzina, gasolio, metano, GPL, bi-fuel), esclusi i veicoli ibridi elettrici.',,,,,,,,
A,Annuale,107003,Carbonia,FOSDRIVEHIC,Veicoli alimentati a combustibili fossili - per abitante,2023,0.872,,,ITTER107__107003_N1,Comune incluso nella rilevazione a partire dal 2006,TIPO_DATO_AMB__FOSDRIVEHIC_N1,'L"'indicatore è calcolato per il totale dei veicoli dotati di motore a combustione interna (benzina, gasolio, metano, GPL, bi-fuel), esclusi i veicoli ibridi elettrici.',,,,,,,,
A,Annuale,111009,Carbonia,FOSDRIVEHIC,Veicoli alimentati a combustibili fossili - per abitante,2024,0.874,,,ITTER107__111009_N1,Comune incluso nella rilevazione a partire dal 2006,TIPO_DATO_AMB__FOSDRIVEHIC_N1,'L"'indicatore è calcolato per il totale dei veicoli dotati di motore a combustione interna (benzina, gasolio, metano, GPL, bi-fuel), esclusi i veicoli ibridi elettrici.',,,,,,,,
A,Annuale,IT_C_M,Capoluoghi di città metropolitana,FOSDRIVEHIC,Veicoli alimentati a combustibili fossili - per abitante,2022,0.783,,,ITTER107__IT_C_M_N1,'Valori riferiti all"'insieme dei comuni capoluogo. Italia, Nord, Nord-est e Capoluoghi di provincia non includono il comune di Cesena.',TIPO_DATO_AMB__FOSDRIVEHIC_N1,'L"'indicatore è calcolato per il totale dei veicoli dotati di motore a combustione interna (benzina, gasolio, metano, GPL, bi-fuel), esclusi i veicoli ibridi elettrici.',,,,,,,,
A,Annuale,IT_C_M,Capoluoghi di città metropolitana,FOSDRIVEHIC,Veicoli alimentati a combustibili fossili - per abitante,2023,0.782,,,ITTER107__IT_C_M_N1,'Valori riferiti all"'insieme dei comuni capoluogo. Italia, Nord, Nord-est e Capoluoghi di provincia non includono il comune di Cesena.',TIPO_DATO_AMB__FOSDRIVEHIC_N1,'L"'indicatore è calcolato per il totale dei veicoli dotati di motore a combustione interna (benzina, gasolio, metano, GPL, bi-fuel), esclusi i veicoli ibridi elettrici.',,,,,,,,
A,Annuale,IT_C_M,Capoluoghi di città metropolitana,FOSDRIVEHIC,Veicoli alimentati a combustibili fossili - per abitante,2024,0.775,,,ITTER107__IT_C_M_N1,'Valori riferiti all"'insieme dei comuni capoluogo. Italia, Nord, Nord-est e Capoluoghi di provincia non includono il comune di Cesena.',TIPO_DATO_AMB__FOSDRIVEHIC_N1,'L"'indicatore è calcolato per il totale dei veicoli dotati di motore a combustione interna (benzina, gasolio, metano, GPL, bi-fuel), esclusi i veicoli ibridi elettrici.',,,,,,,,
A,Annuale,IT_C_P,Capoluoghi di provincia,FOSDRIVEHIC,Veicoli alimentati a combustibili fossili - per abitante,2022,0.866,,,ITTER107__IT_C_P_N1,'Valori riferiti all"'insieme dei comuni capoluogo. Italia, Nord, Nord-est e Capoluoghi di provincia non includono il comune di Cesena.',TIPO_DATO_AMB__FOSDRIVEHIC_N1,'L"'indicatore è calcolato per il totale dei veicoli dotati di motore a combustione interna (benzina, gasolio, metano, GPL, bi-fuel), esclusi i veicoli ibridi elettrici.',,,,,,,,
A,Annuale,IT_C_P,Capoluoghi di provincia,FOSDRIVEHIC,Veicoli alimentati a combustibili fossili - per abitante,2023,0.859,,,ITTER107__IT_C_P_N1,'Valori riferiti all"'insieme dei comuni capoluogo. Italia, Nord, Nord-est e Capoluoghi di provincia non includono il comune di Cesena.',TIPO_DATO_AMB__FOSDRIVEHIC_N1,'L"'indicatore è calcolato per il totale dei veicoli dotati di motore a combustione interna (benzina, gasolio, metano, GPL, bi-fuel), esclusi i veicoli ibridi elettrici.',,,,,,,,
A,Annuale,IT_C_P,Capoluoghi di provincia,FOSDRIVEHIC,Veicoli alimentati a combustibili fossili - per abitante,2024,0.866,,,ITTER107__IT_C_P_N1,'Valori riferiti all"'insieme dei comuni capoluogo. Italia, Nord, Nord-est e Capoluoghi di provincia non includono il comune di Cesena.',TIPO_DATO_AMB__FOSDRIVEHIC_N1,'L"'indicatore è calcolato per il totale dei veicoli dotati di motore a combustione interna (benzina, gasolio, metano, GPL, bi-fuel), esclusi i veicoli ibridi elettrici.',,,,,,,,
