FREQ,Frequenza,REF_AREA,Territorio,DATA_TYPE,Indicatore,TIME_PERIOD,Osservazione,OBS_STATUS,"'Stato dell""'osservazione'",NOTE_REF_AREA,Territorio (NOTE_REF_AREA),NOTE_DATA_TYPE,Indicatore (NOTE_DATA_TYPE),NOTE_TIME_PERIOD,Tempo (NOTE_TIME_PERIOD),BASE_PER,Anno base,UNIT_MEAS,Unità di misura,UNIT_MULT,Unità di moltiplicazione,Regione
IT,Italia,FULECAR1000,Autovetture elettriche - per 1.000 autovetture,2015,0.2,,,ITTER107__IT_N4,"'Valori riferiti all""'insieme dei comuni capoluogo. Italia", Nord, Nord-est e Capoluoghi di provincia non includono il comune di Cesena.',,,,,,,,,,,
IT,Italia,FULECAR1000,Autovetture elettriche - per 1.000 autovetture,2016,0.2,,,ITTER107__IT_N4,"'Valori riferiti all""'insieme dei comuni capoluogo. Italia", Nord, Nord-est e Capoluoghi di provincia non includono il comune di Cesena.',,,,,,,,,,,
IT,Italia,FULECAR1000,Autovetture elettriche - per 1.000 autovetture,2017,0.3,,,ITTER107__IT_N4,"'Valori riferiti all""'insieme dei comuni capoluogo. Italia", Nord, Nord-est e Capoluoghi di provincia non includono il comune di Cesena.',,,,,,,,,,,
IT,Italia,FULECAR1000,Autovetture elettriche - per 1.000 autovetture,2018,0.4,,,ITTER107__IT_N4,"'Valori riferiti all""'insieme dei comuni capoluogo. Italia", Nord, Nord-est e Capoluoghi di provincia non includono il comune di Cesena.',,,,,,,,,,,
IT,Italia,FULECAR1000,Autovetture elettriche - per 1.000 autovetture,2019,0.8,,,ITTER107__IT_N4,"'Valori riferiti all""'insieme dei comuni capoluogo. Italia", Nord, Nord-est e Capoluoghi di provincia non includono il comune di Cesena.',,,,,,,,,,,
IT,Italia,FULECAR1000,Autovetture elettriche - per 1.000 autovetture,2020,1.7,,,ITTER107__IT_N4,"'Valori riferiti all""'insieme dei comuni capoluogo. Italia", Nord, Nord-est e Capoluoghi di provincia non includono il comune di Cesena.',,,,,,,,,,,
IT,Italia,FULECAR1000,Autovetture elettriche - per 1.000 autovetture,2021,3.5,,,ITTER107__IT_N4,"'Valori riferiti all""'insieme dei comuni capoluogo. Italia", Nord, Nord-est e Capoluoghi di provincia non includono il comune di Cesena.',,,,,,,,,,,
IT,Italia,FULECAR1000,Autovetture elettriche - per 1.000 autovetture,2022,4.6,,,ITTER107__IT_N4,"'Valori riferiti all""'insieme dei comuni capoluogo. Italia", Nord, Nord-est e Capoluoghi di provincia non includono il comune di Cesena.',,,,,,,,,,,
IT,Italia,FULECAR1000,Autovetture elettriche - per 1.000 autovetture,2023,6.4,,,ITTER107__IT_N4,"'Valori riferiti all""'insieme dei comuni capoluogo. Italia", Nord, Nord-est e Capoluoghi di provincia non includono il comune di Cesena.',,,,,,,,,,,
ITCD,Nord,FULECAR1000,Autovetture elettriche - per 1.000 autovetture,2015,0.2,,,ITTER107__ITCD_N1,"'Valori riferiti all""'insieme dei comuni capoluogo. Italia", Nord, Nord-est e Capoluoghi di provincia non includono il comune di Cesena.',,,,,,,,,,,
ITCD,Nord,FULECAR1000,Autovetture elettriche - per 1.000 autovetture,2016,0.2,,,ITTER107__ITCD_N1,"'Valori riferiti all""'insieme dei comuni capoluogo. Italia", Nord, Nord-est e Capoluoghi di provincia non includono il comune di Cesena.',,,,,,,,,,,
ITCD,Nord,FULECAR1000,Autovetture elettriche - per 1.000 autovetture,2017,0.3,,,ITTER107__ITCD_N1,"'Valori riferiti all""'insieme dei comuni capoluogo. Italia", Nord, Nord-est e Capoluoghi di provincia non includono il comune di Cesena.',,,,,,,,,,,
ITCD,Nord,FULECAR1000,Autovetture elettriche - per 1.000 autovetture,2018,0.5,,,ITTER107__ITCD_N1,"'Valori riferiti all""'insieme dei comuni capoluogo. Italia", Nord, Nord-est e Capoluoghi di provincia non includono il comune di Cesena.',,,,,,,,,,,
ITCD,Nord,FULECAR1000,Autovetture elettriche - per 1.000 autovetture,2019,0.9,,,ITTER107__ITCD_N1,"'Valori riferiti all""'insieme dei comuni capoluogo. Italia", Nord, Nord-est e Capoluoghi di provincia non includono il comune di Cesena.',,,,,,,,,,,
ITCD,Nord,FULECAR1000,Autovetture elettriche - per 1.000 autovetture,2020,2.2,,,ITTER107__ITCD_N1,"'Valori riferiti all""'insieme dei comuni capoluogo. Italia", Nord, Nord-est e Capoluoghi di provincia non includono il comune di Cesena.',,,,,,,,,,,
ITCD,Nord,FULECAR1000,Autovetture elettriche - per 1.000 autovetture,2021,4.6,,,ITTER107__ITCD_N1,"'Valori riferiti all""'insieme dei comuni capoluogo. Italia", Nord, Nord-est e Capoluoghi di provincia non includono il comune di Cesena.',,,,,,,,,,,
ITCD,Nord,FULECAR1000,Autovetture elettriche - per 1.000 autovetture,2022,5.8,,,ITTER107__ITCD_N1,"'Valori riferiti all""'insieme dei comuni capoluogo. Italia", Nord, Nord-est e Capoluoghi di provincia non includono il comune di Cesena.',,,,,,,,,,,
ITCD,Nord,FULECAR1000,Autovetture elettriche - per 1.000 autovetture,2023,8,,,ITTER107__ITCD_N1,"'Valori riferiti all""'insieme dei comuni capoluogo. Italia", Nord, Nord-est e Capoluoghi di provincia non includono il comune di Cesena.',,,,,,,,,,,
ITC,Nord-ovest,FULECAR1000,Autovetture elettriche - per 1.000 autovetture,2015,0.2,,,ITTER107__ITC_N1,"'Valori riferiti all""'insieme dei comuni capoluogo. Italia", Nord, Nord-est e Capoluoghi di provincia non includono il comune di Cesena.',,,,,,,,,,,
ITC,Nord-ovest,FULECAR1000,Autovetture elettriche - per 1.000 autovetture,2016,0.3,,,ITTER107__ITC_N1,"'Valori riferiti all""'insieme dei comuni capoluogo. Italia", Nord, Nord-est e Capoluoghi di provincia non includono il comune di Cesena.',,,,,,,,,,,
ITC,Nord-ovest,FULECAR1000,Autovetture elettriche - per 1.000 autovetture,2017,0.3,,,ITTER107__ITC_N1,"'Valori riferiti all""'insieme dei comuni capoluogo. Italia", Nord, Nord-est e Capoluoghi di provincia non includono il comune di Cesena.',,,,,,,,,,,
ITC,Nord-ovest,FULECAR1000,Autovetture elettriche - per 1.000 autovetture,2018,0.5,,,ITTER107__ITC_N1,"'Valori riferiti all""'insieme dei comuni capoluogo. Italia", Nord, Nord-est e Capoluoghi di provincia non includono il comune di Cesena.',,,,,,,,,,,
ITC,Nord-ovest,FULECAR1000,Autovetture elettriche - per 1.000 autovetture,2019,1,,,ITTER107__ITC_N1,"'Valori riferiti all""'insieme dei comuni capoluogo. Italia", Nord, Nord-est e Capoluoghi di provincia non includono il comune di Cesena.',,,,,,,,,,,
ITC,Nord-ovest,FULECAR1000,Autovetture elettriche - per 1.000 autovetture,2020,2.2,,,ITTER107__ITC_N1,"'Valori riferiti all""'insieme dei comuni capoluogo. Italia", Nord, Nord-est e Capoluoghi di provincia non includono il comune di Cesena.',,,,,,,,,,,
ITC,Nord-ovest,FULECAR1000,Autovetture elettriche - per 1.000 autovetture,2021,4.6,,,ITTER107__ITC_N1,"'Valori riferiti all""'insieme dei comuni capoluogo. Italia", Nord, Nord-est e Capoluoghi di provincia non includono il comune di Cesena.',,,,,,,,,,,
ITC,Nord-ovest,FULECAR1000,Autovetture elettriche - per 1.000 autovetture,2022,5.9,,,ITTER107__ITC_N1,"'Valori riferiti all""'insieme dei comuni capoluogo. Italia", Nord, Nord-est e Capoluoghi di provincia non includono il comune di Cesena.',,,,,,,,,,,
ITC,Nord-ovest,FULECAR1000,Autovetture elettriche - per 1.000 autovetture,2023,8.3,,,ITTER107__ITC_N1,"'Valori riferiti all""'insieme dei comuni capoluogo. Italia", Nord, Nord-est e Capoluoghi di provincia non includono il comune di Cesena.',,,,,,,,,,,
001272,Torino,FULECAR1000,Autovetture elettriche - per 1.000 autovetture,2015,0.1,,,,,,,,,,,,,,,,,
001272,Torino,FULECAR1000,Autovetture elettriche - per 1.000 autovetture,2016,0.2,,,,,,,,,,,,,,,,,
001272,Torino,FULECAR1000,Autovetture elettriche - per 1.000 autovetture,2017,0.2,,,,,,,,,,,,,,,,,
001272,Torino,FULECAR1000,Autovetture elettriche - per 1.000 autovetture,2018,0.4,,,,,,,,,,,,,,,,,
001272,Torino,FULECAR1000,Autovetture elettriche - per 1.000 autovetture,2019,0.6,,,,,,,,,,,,,,,,,
001272,Torino,FULECAR1000,Autovetture elettriche - per 1.000 autovetture,2020,1.7,,,,,,,,,,,,,,,,,
001272,Torino,FULECAR1000,Autovetture elettriche - per 1.000 autovetture,2021,3.7,,,,,,,,,,,,,,,,,
001272,Torino,FULECAR1000,Autovetture elettriche - per 1.000 autovetture,2022,4.2,,,,,,,,,,,,,,,,,
001272,Torino,FULECAR1000,Autovetture elettriche - per 1.000 autovetture,2023,6.7,,,,,,,,,,,,,,,,,
002158,Vercelli,FULECAR1000,Autovetture elettriche - per 1.000 autovetture,2015,..,0.0,Il dato non raggiunge la metà della cifra minima considerata,,,,,,,,,,,,,,,
002158,Vercelli,FULECAR1000,Autovetture elettriche - per 1.000 autovetture,2016,0,,,,,,,,,,,,,,,,,
002158,Vercelli,FULECAR1000,Autovetture elettriche - per 1.000 autovetture,2017,0.1,,,,,,,,,,,,,,,,,
002158,Vercelli,FULECAR1000,Autovetture elettriche - per 1.000 autovetture,2018,0.2,,,,,,,,,,,,,,,,,
002158,Vercelli,FULECAR1000,Autovetture elettriche - per 1.000 autovetture,2019,0.5,,,,,,,,,,,,,,,,,
002158,Vercelli,FULECAR1000,Autovetture elettriche - per 1.000 autovetture,2020,1.2,,,,,,,,,,,,,,,,,
002158,Vercelli,FULECAR1000,Autovetture elettriche - per 1.000 autovetture,2021,2.9,,,,,,,,,,,,,,,,,
002158,Vercelli,FULECAR1000,Autovetture elettriche - per 1.000 autovetture,2022,3.9,,,,,,,,,,,,,,,,,
002158,Vercelli,FULECAR1000,Autovetture elettriche - per 1.000 autovetture,2023,4.8,,,,,,,,,,,,,,,,,
003106,Novara,FULECAR1000,Autovetture elettriche - per 1.000 autovetture,2015,..,0.0,Il dato non raggiunge la metà della cifra minima considerata,,,,,,,,,,,,,,,
003106,Novara,FULECAR1000,Autovetture elettriche - per 1.000 autovetture,2016,0.1,,,,,,,,,,,,,,,,,
003106,Novara,FULECAR1000,Autovetture elettriche - per 1.000 autovetture,2017,0.1,,,,,,,,,,,,,,,,,
003106,Novara,FULECAR1000,Autovetture elettriche - per 1.000 autovetture,2018,0.3,,,,,,,,,,,,,,,,,
003106,Novara,FULECAR1000,Autovetture elettriche - per 1.000 autovetture,2019,0.6,,,,,,,,,,,,,,,,,
003106,Novara,FULECAR1000,Autovetture elettriche - per 1.000 autovetture,2020,1.4,,,,,,,,,,,,,,,,,
003106,Novara,FULECAR1000,Autovetture elettriche - per 1.000 autovetture,2021,3.5,,,,,,,,,,,,,,,,,
003106,Novara,FULECAR1000,Autovetture elettriche - per 1.000 autovetture,2022,4.7,,,,,,,,,,,,,,,,,
003106,Novara,FULECAR1000,Autovetture elettriche - per 1.000 autovetture,2023,6.3,,,,,,,,,,,,,,,,,
004078,Cuneo,FULECAR1000,Autovetture elettriche - per 1.000 autovetture,2015,0.2,,,,,,,,,,,,,,,,,
004078,Cuneo,FULECAR1000,Autovetture elettriche - per 1.000 autovetture,2016,0.2,,,,,,,,,,,,,,,,,
004078,Cuneo,FULECAR1000,Autovetture elettriche - per 1.000 autovetture,2017,0.4,,,,,,,,,,,,,,,,,
004078,Cuneo,FULECAR1000,Autovetture elettriche - per 1.000 autovetture,2018,0.6,,,,,,,,,,,,,,,,,
004078,Cuneo,FULECAR1000,Autovetture elettriche - per 1.000 autovetture,2019,0.9,,,,,,,,,,,,,,,,,
004078,Cuneo,FULECAR1000,Autovetture elettriche - per 1.000 autovetture,2020,2.3,,,,,,,,,,,,,,,,,
004078,Cuneo,FULECAR1000,Autovetture elettriche - per 1.000 autovetture,2021,5.1,,,,,,,,,,,,,,,,,
004078,Cuneo,FULECAR1000,Autovetture elettriche - per 1.000 autovetture,2022,6,,,,,,,,,,,,,,,,,
004078,Cuneo,FULECAR1000,Autovetture elettriche - per 1.000 autovetture,2023,8.8,,,,,,,,,,,,,,,,,
005005,Asti,FULECAR1000,Autovetture elettriche - per 1.000 autovetture,2015,0.2,,,,,,,,,,,,,,,,,
005005,Asti,FULECAR1000,Autovetture elettriche - per 1.000 autovetture,2016,0.2,,,,,,,,,,,,,,,,,
005005,Asti,FULECAR1000,Autovetture elettriche - per 1.000 autovetture,2017,0.2,,,,,,,,,,,,,,,,,
005005,Asti,FULECAR1000,Autovetture elettriche - per 1.000 autovetture,2018,0.3,,,,,,,,,,,,,,,,,
005005,Asti,FULECAR1000,Autovetture elettriche - per 1.000 autovetture,2019,0.4,,,,,,,,,,,,,,,,,
005005,Asti,FULECAR1000,Autovetture elettriche - per 1.000 autovetture,2020,1.7,,,,,,,,,,,,,,,,,
005005,Asti,FULECAR1000,Autovetture elettriche - per 1.000 autovetture,2021,3.2,,,,,,,,,,,,,,,,,
005005,Asti,FULECAR1000,Autovetture elettriche - per 1.000 autovetture,2022,3.4,,,,,,,,,,,,,,,,,
005005,Asti,FULECAR1000,Autovetture elettriche - per 1.000 autovetture,2023,5.3,,,,,,,,,,,,,,,,,
006003,Alessandria,FULECAR1000,Autovetture elettriche - per 1.000 autovetture,2015,0.1,,,,,,,,,,,,,,,,,
006003,Alessandria,FULECAR1000,Autovetture elettriche - per 1.000 autovetture,2016,0.1,,,,,,,,,,,,,,,,,
006003,Alessandria,FULECAR1000,Autovetture elettriche - per 1.000 autovetture,2017,0.1,,,,,,,,,,,,,,,,,
006003,Alessandria,FULECAR1000,Autovetture elettriche - per 1.000 autovetture,2018,0.2,,,,,,,,,,,,,,,,,
006003,Alessandria,FULECAR1000,Autovetture elettriche - per 1.000 autovetture,2019,0.4,,,,,,,,,,,,,,,,,
006003,Alessandria,FULECAR1000,Autovetture elettriche - per 1.000 autovetture,2020,1.2,,,,,,,,,,,,,,,,,
006003,Alessandria,FULECAR1000,Autovetture elettriche - per 1.000 autovetture,2021,3.1,,,,,,,,,,,,,,,,,
006003,Alessandria,FULECAR1000,Autovetture elettriche - per 1.000 autovetture,2022,3.8,,,,,,,,,,,,,,,,,
006003,Alessandria,FULECAR1000,Autovetture elettriche - per 1.000 autovetture,2023,5.3,,,,,,,,,,,,,,,,,
096004,Biella,FULECAR1000,Autovetture elettriche - per 1.000 autovetture,2015,0.1,,,,,,,,,,,,,,,,,
096004,Biella,FULECAR1000,Autovetture elettriche - per 1.000 autovetture,2016,0.2,,,,,,,,,,,,,,,,,
096004,Biella,FULECAR1000,Autovetture elettriche - per 1.000 autovetture,2017,0.2,,,,,,,,,,,,,,,,,
096004,Biella,FULECAR1000,Autovetture elettriche - per 1.000 autovetture,2018,0.2,,,,,,,,,,,,,,,,,
096004,Biella,FULECAR1000,Autovetture elettriche - per 1.000 autovetture,2019,0.5,,,,,,,,,,,,,,,,,
096004,Biella,FULECAR1000,Autovetture elettriche - per 1.000 autovetture,2020,1.3,,,,,,,,,,,,,,,,,
096004,Biella,FULECAR1000,Autovetture elettriche - per 1.000 autovetture,2021,3.3,,,,,,,,,,,,,,,,,
096004,Biella,FULECAR1000,Autovetture elettriche - per 1.000 autovetture,2022,3.6,,,,,,,,,,,,,,,,,
096004,Biella,FULECAR1000,Autovetture elettriche - per 1.000 autovetture,2023,4.8,,,,,,,,,,,,,,,,,
103072,Verbania,FULECAR1000,Autovetture elettriche - per 1.000 autovetture,2015,0.1,,,,,,,,,,,,,,,,,
103072,Verbania,FULECAR1000,Autovetture elettriche - per 1.000 autovetture,2016,0.1,,,,,,,,,,,,,,,,,
103072,Verbania,FULECAR1000,Autovetture elettriche - per 1.000 autovetture,2017,0.1,,,,,,,,,,,,,,,,,
103072,Verbania,FULECAR1000,Autovetture elettriche - per 1.000 autovetture,2018,0.4,,,,,,,,,,,,,,,,,
103072,Verbania,FULECAR1000,Autovetture elettriche - per 1.000 autovetture,2019,0.4,,,,,,,,,,,,,,,,,
103072,Verbania,FULECAR1000,Autovetture elettriche - per 1.000 autovetture,2020,0.8,,,,,,,,,,,,,,,,,
103072,Verbania,FULECAR1000,Autovetture elettriche - per 1.000 autovetture,2021,3.5,,,,,,,,,,,,,,,,,
103072,Verbania,FULECAR1000,Autovetture elettriche - per 1.000 autovetture,2022,5.5,,,,,,,,,,,,,,,,,
103072,Verbania,FULECAR1000,Autovetture elettriche - per 1.000 autovetture,2023,6.5,,,,,,,,,,,,,,,,,
007003,Aosta,FULECAR1000,Autovetture elettriche - per 1.000 autovetture,2015,0.2,,,,,,,,,,,,,,,,,
007003,Aosta,FULECAR1000,Autovetture elettriche - per 1.000 autovetture,2016,0.3,,,,,,,,,,,,,,,,,
007003,Aosta,FULECAR1000,Autovetture elettriche - per 1.000 autovetture,2017,0.5,,,,,,,,,,,,,,,,,
007003,Aosta,FULECAR1000,Autovetture elettriche - per 1.000 autovetture,2018,0.7,,,,,,,,,,,,,,,,,
007003,Aosta,FULECAR1000,Autovetture elettriche - per 1.000 autovetture,2019,0.7,,,,,,,,,,,,,,,,,
007003,Aosta,FULECAR1000,Autovetture elettriche - per 1.000 autovetture,2020,2.6,,,,,,,,,,,,,,,,,
007003,Aosta,FULECAR1000,Autovetture elettriche - per 1.000 autovetture,2021,6.1,,,,,,,,,,,,,,,,,
007003,Aosta,FULECAR1000,Autovetture elettriche - per 1.000 autovetture,2022,7.7,,,,,,,,,,,,,,,,,
007003,Aosta,FULECAR1000,Autovetture elettriche - per 1.000 autovetture,2023,9.5,,,,,,,,,,,,,,,,,
008031,Imperia,FULECAR1000,Autovetture elettriche - per 1.000 autovetture,2015,0.1,,,,,,,,,,,,,,,,,
008031,Imperia,FULECAR1000,Autovetture elettriche - per 1.000 autovetture,2016,0.1,,,,,,,,,,,,,,,,,
008031,Imperia,FULECAR1000,Autovetture elettriche - per 1.000 autovetture,2017,0.2,,,,,,,,,,,,,,,,,
008031,Imperia,FULECAR1000,Autovetture elettriche - per 1.000 autovetture,2018,0.3,,,,,,,,,,,,,,,,,
008031,Imperia,FULECAR1000,Autovetture elettriche - per 1.000 autovetture,2019,0.5,,,,,,,,,,,,,,,,,
008031,Imperia,FULECAR1000,Autovetture elettriche - per 1.000 autovetture,2020,0.8,,,,,,,,,,,,,,,,,
008031,Imperia,FULECAR1000,Autovetture elettriche - per 1.000 autovetture,2021,1.8,,,,,,,,,,,,,,,,,
008031,Imperia,FULECAR1000,Autovetture elettriche - per 1.000 autovetture,2022,3.1,,,,,,,,,,,,,,,,,
008031,Imperia,FULECAR1000,Autovetture elettriche - per 1.000 autovetture,2023,4.5,,,,,,,,,,,,,,,,,
009056,Savona,FULECAR1000,Autovetture elettriche - per 1.000 autovetture,2015,0.1,,,,,,,,,,,,,,,,,
009056,Savona,FULECAR1000,Autovetture elettriche - per 1.000 autovetture,2016,0.1,,,,,,,,,,,,,,,,,
009056,Savona,FULECAR1000,Autovetture elettriche - per 1.000 autovetture,2017,0.1,,,,,,,,,,,,,,,,,
009056,Savona,FULECAR1000,Autovetture elettriche - per 1.000 autovetture,2018,0.1,,,,,,,,,,,,,,,,,
009056,Savona,FULECAR1000,Autovetture elettriche - per 1.000 autovetture,2019,0.3,,,,,,,,,,,,,,,,,
009056,Savona,FULECAR1000,Autovetture elettriche - per 1.000 autovetture,2020,0.8,,,,,,,,,,,,,,,,,
009056,Savona,FULECAR1000,Autovetture elettriche - per 1.000 autovetture,2021,2.9,,,,,,,,,,,,,,,,,
009056,Savona,FULECAR1000,Autovetture elettriche - per 1.000 autovetture,2022,3.7,,,,,,,,,,,,,,,,,
009056,Savona,FULECAR1000,Autovetture elettriche - per 1.000 autovetture,2023,4.9,,,,,,,,,,,,,,,,,
010025,Genova,FULECAR1000,Autovetture elettriche - per 1.000 autovetture,2015,0.1,,,,,,,,,,,,,,,,,
010025,Genova,FULECAR1000,Autovetture elettriche - per 1.000 autovetture,2016,0.1,,,,,,,,,,,,,,,,,
010025,Genova,FULECAR1000,Autovetture elettriche - per 1.000 autovetture,2017,0.2,,,,,,,,,,,,,,,,,
010025,Genova,FULECAR1000,Autovetture elettriche - per 1.000 autovetture,2018,0.4,,,,,,,,,,,,,,,,,
010025,Genova,FULECAR1000,Autovetture elettriche - per 1.000 autovetture,2019,0.8,,,,,,,,,,,,,,,,,
010025,Genova,FULECAR1000,Autovetture elettriche - per 1.000 autovetture,2020,1.6,,,,,,,,,,,,,,,,,
010025,Genova,FULECAR1000,Autovetture elettriche - per 1.000 autovetture,2021,3.1,,,,,,,,,,,,,,,,,
010025,Genova,FULECAR1000,Autovetture elettriche - per 1.000 autovetture,2022,3.9,,,,,,,,,,,,,,,,,
010025,Genova,FULECAR1000,Autovetture elettriche - per 1.000 autovetture,2023,5.1,,,,,,,,,,,,,,,,,
011015,La Spezia,FULECAR1000,Autovetture elettriche - per 1.000 autovetture,2015,0.1,,,,,,,,,,,,,,,,,
011015,La Spezia,FULECAR1000,Autovetture elettriche - per 1.000 autovetture,2016,0.1,,,,,,,,,,,,,,,,,
011015,La Spezia,FULECAR1000,Autovetture elettriche - per 1.000 autovetture,2017,0.1,,,,,,,,,,,,,,,,,
011015,La Spezia,FULECAR1000,Autovetture elettriche - per 1.000 autovetture,2018,0.3,,,,,,,,,,,,,,,,,
011015,La Spezia,FULECAR1000,Autovetture elettriche - per 1.000 autovetture,2019,0.4,,,,,,,,,,,,,,,,,
011015,La Spezia,FULECAR1000,Autovetture elettriche - per 1.000 autovetture,2020,1.5,,,,,,,,,,,,,,,,,
011015,La Spezia,FULECAR1000,Autovetture elettriche - per 1.000 autovetture,2021,3.2,,,,,,,,,,,,,,,,,
011015,La Spezia,FULECAR1000,Autovetture elettriche - per 1.000 autovetture,2022,4,,,,,,,,,,,,,,,,,
011015,La Spezia,FULECAR1000,Autovetture elettriche - per 1.000 autovetture,2023,5.8,,,,,,,,,,,,,,,,,
012133,Varese,FULECAR1000,Autovetture elettriche - per 1.000 autovetture,2015,0.2,,,,,,,,,,,,,,,,,
012133,Varese,FULECAR1000,Autovetture elettriche - per 1.000 autovetture,2016,0.2,,,,,,,,,,,,,,,,,
012133,Varese,FULECAR1000,Autovetture elettriche - per 1.000 autovetture,2017,0.3,,,,,,,,,,,,,,,,,
012133,Varese,FULECAR1000,Autovetture elettriche - per 1.000 autovetture,2018,0.6,,,,,,,,,,,,,,,,,
012133,Varese,FULECAR1000,Autovetture elettriche - per 1.000 autovetture,2019,0.8,,,,,,,,,,,,,,,,,
012133,Varese,FULECAR1000,Autovetture elettriche - per 1.000 autovetture,2020,2.4,,,,,,,,,,,,,,,,,
012133,Varese,FULECAR1000,Autovetture elettriche - per 1.000 autovetture,2021,5.5,,,,,,,,,,,,,,,,,
012133,Varese,FULECAR1000,Autovetture elettriche - per 1.000 autovetture,2022,7.4,,,,,,,,,,,,,,,,,
012133,Varese,FULECAR1000,Autovetture elettriche - per 1.000 autovetture,2023,9.9,,,,,,,,,,,,,,,,,
013075,Como,FULECAR1000,Autovetture elettriche - per 1.000 autovetture,2015,0.3,,,,,,,,,,,,,,,,,
013075,Como,FULECAR1000,Autovetture elettriche - per 1.000 autovetture,2016,0.2,,,,,,,,,,,,,,,,,
013075,Como,FULECAR1000,Autovetture elettriche - per 1.000 autovetture,2017,0.3,,,,,,,,,,,,,,,,,
013075,Como,FULECAR1000,Autovetture elettriche - per 1.000 autovetture,2018,0.6,,,,,,,,,,,,,,,,,
013075,Como,FULECAR1000,Autovetture elettriche - per 1.000 autovetture,2019,1.1,,,,,,,,,,,,,,,,,
013075,Como,FULECAR1000,Autovetture elettriche - per 1.000 autovetture,2020,2.9,,,,,,,,,,,,,,,,,
013075,Como,FULECAR1000,Autovetture elettriche - per 1.000 autovetture,2021,5.6,,,,,,,,,,,,,,,,,
013075,Como,FULECAR1000,Autovetture elettriche - per 1.000 autovetture,2022,7.5,,,,,,,,,,,,,,,,,
013075,Como,FULECAR1000,Autovetture elettriche - per 1.000 autovetture,2023,9.7,,,,,,,,,,,,,,,,,
014061,Sondrio,FULECAR1000,Autovetture elettriche - per 1.000 autovetture,2015,0,,,,,,,,,,,,,,,,,
014061,Sondrio,FULECAR1000,Autovetture elettriche - per 1.000 autovetture,2016,0.1,,,,,,,,,,,,,,,,,
014061,Sondrio,FULECAR1000,Autovetture elettriche - per 1.000 autovetture,2017,0,,,,,,,,,,,,,,,,,
014061,Sondrio,FULECAR1000,Autovetture elettriche - per 1.000 autovetture,2018,0.2,,,,,,,,,,,,,,,,,
014061,Sondrio,FULECAR1000,Autovetture elettriche - per 1.000 autovetture,2019,0.7,,,,,,,,,,,,,,,,,
014061,Sondrio,FULECAR1000,Autovetture elettriche - per 1.000 autovetture,2020,1.3,,,,,,,,,,,,,,,,,
014061,Sondrio,FULECAR1000,Autovetture elettriche - per 1.000 autovetture,2021,3.3,,,,,,,,,,,,,,,,,
014061,Sondrio,FULECAR1000,Autovetture elettriche - per 1.000 autovetture,2022,4.8,,,,,,,,,,,,,,,,,
014061,Sondrio,FULECAR1000,Autovetture elettriche - per 1.000 autovetture,2023,6.4,,,,,,,,,,,,,,,,,
015146,Milano,FULECAR1000,Autovetture elettriche - per 1.000 autovetture,2015,0.3,,,,,,,,,,,,,,,,,
015146,Milano,FULECAR1000,Autovetture elettriche - per 1.000 autovetture,2016,0.5,,,,,,,,,,,,,,,,,
015146,Milano,FULECAR1000,Autovetture elettriche - per 1.000 autovetture,2017,0.6,,,,,,,,,,,,,,,,,
015146,Milano,FULECAR1000,Autovetture elettriche - per 1.000 autovetture,2018,0.9,,,,,,,,,,,,,,,,,
015146,Milano,FULECAR1000,Autovetture elettriche - per 1.000 autovetture,2019,1.6,,,,,,,,,,,,,,,,,
015146,Milano,FULECAR1000,Autovetture elettriche - per 1.000 autovetture,2020,3.2,,,,,,,,,,,,,,,,,
015146,Milano,FULECAR1000,Autovetture elettriche - per 1.000 autovetture,2021,6,,,,,,,,,,,,,,,,,
015146,Milano,FULECAR1000,Autovetture elettriche - per 1.000 autovetture,2022,8.2,,,,,,,,,,,,,,,,,
015146,Milano,FULECAR1000,Autovetture elettriche - per 1.000 autovetture,2023,11.3,,,,,,,,,,,,,,,,,
016024,Bergamo,FULECAR1000,Autovetture elettriche - per 1.000 autovetture,2015,0.3,,,,,,,,,,,,,,,,,
016024,Bergamo,FULECAR1000,Autovetture elettriche - per 1.000 autovetture,2016,0.3,,,,,,,,,,,,,,,,,
016024,Bergamo,FULECAR1000,Autovetture elettriche - per 1.000 autovetture,2017,0.4,,,,,,,,,,,,,,,,,
016024,Bergamo,FULECAR1000,Autovetture elettriche - per 1.000 autovetture,2018,0.7,,,,,,,,,,,,,,,,,
016024,Bergamo,FULECAR1000,Autovetture elettriche - per 1.000 autovetture,2019,1.2,,,,,,,,,,,,,,,,,
016024,Bergamo,FULECAR1000,Autovetture elettriche - per 1.000 autovetture,2020,3.1,,,,,,,,,,,,,,,,,
016024,Bergamo,FULECAR1000,Autovetture elettriche - per 1.000 autovetture,2021,6.6,,,,,,,,,,,,,,,,,
016024,Bergamo,FULECAR1000,Autovetture elettriche - per 1.000 autovetture,2022,8.1,,,,,,,,,,,,,,,,,
016024,Bergamo,FULECAR1000,Autovetture elettriche - per 1.000 autovetture,2023,10.7,,,,,,,,,,,,,,,,,
017029,Brescia,FULECAR1000,Autovetture elettriche - per 1.000 autovetture,2015,0.3,,,,,,,,,,,,,,,,,
017029,Brescia,FULECAR1000,Autovetture elettriche - per 1.000 autovetture,2016,0.3,,,,,,,,,,,,,,,,,
017029,Brescia,FULECAR1000,Autovetture elettriche - per 1.000 autovetture,2017,0.5,,,,,,,,,,,,,,,,,
017029,Brescia,FULECAR1000,Autovetture elettriche - per 1.000 autovetture,2018,0.9,,,,,,,,,,,,,,,,,
017029,Brescia,FULECAR1000,Autovetture elettriche - per 1.000 autovetture,2019,1.5,,,,,,,,,,,,,,,,,
017029,Brescia,FULECAR1000,Autovetture elettriche - per 1.000 autovetture,2020,3.4,,,,,,,,,,,,,,,,,
017029,Brescia,FULECAR1000,Autovetture elettriche - per 1.000 autovetture,2021,6.4,,,,,,,,,,,,,,,,,
017029,Brescia,FULECAR1000,Autovetture elettriche - per 1.000 autovetture,2022,8.7,,,,,,,,,,,,,,,,,
017029,Brescia,FULECAR1000,Autovetture elettriche - per 1.000 autovetture,2023,11.5,,,,,,,,,,,,,,,,,
018110,Pavia,FULECAR1000,Autovetture elettriche - per 1.000 autovetture,2015,0.2,,,,,,,,,,,,,,,,,
018110,Pavia,FULECAR1000,Autovetture elettriche - per 1.000 autovetture,2016,0.3,,,,,,,,,,,,,,,,,
018110,Pavia,FULECAR1000,Autovetture elettriche - per 1.000 autovetture,2017,0.3,,,,,,,,,,,,,,,,,
018110,Pavia,FULECAR1000,Autovetture elettriche - per 1.000 autovetture,2018,0.3,,,,,,,,,,,,,,,,,
018110,Pavia,FULECAR1000,Autovetture elettriche - per 1.000 autovetture,2019,0.6,,,,,,,,,,,,,,,,,
018110,Pavia,FULECAR1000,Autovetture elettriche - per 1.000 autovetture,2020,1.4,,,,,,,,,,,,,,,,,
018110,Pavia,FULECAR1000,Autovetture elettriche - per 1.000 autovetture,2021,2.9,,,,,,,,,,,,,,,,,
018110,Pavia,FULECAR1000,Autovetture elettriche - per 1.000 autovetture,2022,4.3,,,,,,,,,,,,,,,,,
018110,Pavia,FULECAR1000,Autovetture elettriche - per 1.000 autovetture,2023,6.1,,,,,,,,,,,,,,,,,
019036,Cremona,FULECAR1000,Autovetture elettriche - per 1.000 autovetture,2015,0.1,,,,,,,,,,,,,,,,,
019036,Cremona,FULECAR1000,Autovetture elettriche - per 1.000 autovetture,2016,0.2,,,,,,,,,,,,,,,,,
019036,Cremona,FULECAR1000,Autovetture elettriche - per 1.000 autovetture,2017,0.1,,,,,,,,,,,,,,,,,
019036,Cremona,FULECAR1000,Autovetture elettriche - per 1.000 autovetture,2018,0.3,,,,,,,,,,,,,,,,,
019036,Cremona,FULECAR1000,Autovetture elettriche - per 1.000 autovetture,2019,0.6,,,,,,,,,,,,,,,,,
019036,Cremona,FULECAR1000,Autovetture elettriche - per 1.000 autovetture,2020,1.7,,,,,,,,,,,,,,,,,
019036,Cremona,FULECAR1000,Autovetture elettriche - per 1.000 autovetture,2021,4.6,,,,,,,,,,,,,,,,,
019036,Cremona,FULECAR1000,Autovetture elettriche - per 1.000 autovetture,2022,5.5,,,,,,,,,,,,,,,,,
019036,Cremona,FULECAR1000,Autovetture elettriche - per 1.000 autovetture,2023,7.2,,,,,,,,,,,,,,,,,
020030,Mantova,FULECAR1000,Autovetture elettriche - per 1.000 autovetture,2015,..,0.0,Il dato non raggiunge la metà della cifra minima considerata,,,,,,,,,,,,,,,
020030,Mantova,FULECAR1000,Autovetture elettriche - per 1.000 autovetture,2016,0.3,,,,,,,,,,,,,,,,,
020030,Mantova,FULECAR1000,Autovetture elettriche - per 1.000 autovetture,2017,0.4,,,,,,,,,,,,,,,,,
020030,Mantova,FULECAR1000,Autovetture elettriche - per 1.000 autovetture,2018,0.4,,,,,,,,,,,,,,,,,
020030,Mantova,FULECAR1000,Autovetture elettriche - per 1.000 autovetture,2019,0.5,,,,,,,,,,,,,,,,,
020030,Mantova,FULECAR1000,Autovetture elettriche - per 1.000 autovetture,2020,1.6,,,,,,,,,,,,,,,,,
020030,Mantova,FULECAR1000,Autovetture elettriche - per 1.000 autovetture,2021,3,,,,,,,,,,,,,,,,,
020030,Mantova,FULECAR1000,Autovetture elettriche - per 1.000 autovetture,2022,3.5,,,,,,,,,,,,,,,,,
020030,Mantova,FULECAR1000,Autovetture elettriche - per 1.000 autovetture,2023,5.5,,,,,,,,,,,,,,,,,
097042,Lecco,FULECAR1000,Autovetture elettriche - per 1.000 autovetture,2015,0.1,,,,,,,,,,,,,,,,,
097042,Lecco,FULECAR1000,Autovetture elettriche - per 1.000 autovetture,2016,..,0.0,Il dato non raggiunge la metà della cifra minima considerata,,,,,,,,,,,,,,,
097042,Lecco,FULECAR1000,Autovetture elettriche - per 1.000 autovetture,2017,..,0.0,Il dato non raggiunge la metà della cifra minima considerata,,,,,,,,,,,,,,,
097042,Lecco,FULECAR1000,Autovetture elettriche - per 1.000 autovetture,2018,0.4,,,,,,,,,,,,,,,,,
097042,Lecco,FULECAR1000,Autovetture elettriche - per 1.000 autovetture,2019,0.8,,,,,,,,,,,,,,,,,
097042,Lecco,FULECAR1000,Autovetture elettriche - per 1.000 autovetture,2020,2.2,,,,,,,,,,,,,,,,,
097042,Lecco,FULECAR1000,Autovetture elettriche - per 1.000 autovetture,2021,4.8,,,,,,,,,,,,,,,,,
097042,Lecco,FULECAR1000,Autovetture elettriche - per 1.000 autovetture,2022,6,,,,,,,,,,,,,,,,,
097042,Lecco,FULECAR1000,Autovetture elettriche - per 1.000 autovetture,2023,7.8,,,,,,,,,,,,,,,,,
098031,Lodi,FULECAR1000,Autovetture elettriche - per 1.000 autovetture,2015,0.3,,,,,,,,,,,,,,,,,
098031,Lodi,FULECAR1000,Autovetture elettriche - per 1.000 autovetture,2016,0.1,,,,,,,,,,,,,,,,,
098031,Lodi,FULECAR1000,Autovetture elettriche - per 1.000 autovetture,2017,0.2,,,,,,,,,,,,,,,,,
098031,Lodi,FULECAR1000,Autovetture elettriche - per 1.000 autovetture,2018,0.4,,,,,,,,,,,,,,,,,
098031,Lodi,FULECAR1000,Autovetture elettriche - per 1.000 autovetture,2019,0.9,,,,,,,,,,,,,,,,,
098031,Lodi,FULECAR1000,Autovetture elettriche - per 1.000 autovetture,2020,1.9,,,,,,,,,,,,,,,,,
098031,Lodi,FULECAR1000,Autovetture elettriche - per 1.000 autovetture,2021,3.6,,,,,,,,,,,,,,,,,
098031,Lodi,FULECAR1000,Autovetture elettriche - per 1.000 autovetture,2022,5.3,,,,,,,,,,,,,,,,,
098031,Lodi,FULECAR1000,Autovetture elettriche - per 1.000 autovetture,2023,7.3,,,,,,,,,,,,,,,,,
108033,Monza,FULECAR1000,Autovetture elettriche - per 1.000 autovetture,2015,0.1,,,ITTER107__108033_N1,Comune incluso nella rilevazione a partire dal 2010,,,,,,,,,,,,,
108033,Monza,FULECAR1000,Autovetture elettriche - per 1.000 autovetture,2016,0.1,,,ITTER107__108033_N1,Comune incluso nella rilevazione a partire dal 2010,,,,,,,,,,,,,
108033,Monza,FULECAR1000,Autovetture elettriche - per 1.000 autovetture,2017,0.2,,,ITTER107__108033_N1,Comune incluso nella rilevazione a partire dal 2010,,,,,,,,,,,,,
108033,Monza,FULECAR1000,Autovetture elettriche - per 1.000 autovetture,2018,0.5,,,ITTER107__108033_N1,Comune incluso nella rilevazione a partire dal 2010,,,,,,,,,,,,,
108033,Monza,FULECAR1000,Autovetture elettriche - per 1.000 autovetture,2019,0.9,,,ITTER107__108033_N1,Comune incluso nella rilevazione a partire dal 2010,,,,,,,,,,,,,
108033,Monza,FULECAR1000,Autovetture elettriche - per 1.000 autovetture,2020,2.4,,,ITTER107__108033_N1,Comune incluso nella rilevazione a partire dal 2010,,,,,,,,,,,,,
108033,Monza,FULECAR1000,Autovetture elettriche - per 1.000 autovetture,2021,5,,,ITTER107__108033_N1,Comune incluso nella rilevazione a partire dal 2010,,,,,,,,,,,,,
108033,Monza,FULECAR1000,Autovetture elettriche - per 1.000 autovetture,2022,6.7,,,ITTER107__108033_N1,Comune incluso nella rilevazione a partire dal 2010,,,,,,,,,,,,,
108033,Monza,FULECAR1000,Autovetture elettriche - per 1.000 autovetture,2023,9.6,,,ITTER107__108033_N1,Comune incluso nella rilevazione a partire dal 2010,,,,,,,,,,,,,
ITD,Nord-est,FULECAR1000,Autovetture elettriche - per 1.000 autovetture,2015,0.2,,,ITTER107__ITD_N1,"'Valori riferiti all""'insieme dei comuni capoluogo. Italia", Nord, Nord-est e Capoluoghi di provincia non includono il comune di Cesena.',,,,,,,,,,,
ITD,Nord-est,FULECAR1000,Autovetture elettriche - per 1.000 autovetture,2016,0.2,,,ITTER107__ITD_N1,"'Valori riferiti all""'insieme dei comuni capoluogo. Italia", Nord, Nord-est e Capoluoghi di provincia non includono il comune di Cesena.',,,,,,,,,,,
ITD,Nord-est,FULECAR1000,Autovetture elettriche - per 1.000 autovetture,2017,0.3,,,ITTER107__ITD_N1,"'Valori riferiti all""'insieme dei comuni capoluogo. Italia", Nord, Nord-est e Capoluoghi di provincia non includono il comune di Cesena.',,,,,,,,,,,
ITD,Nord-est,FULECAR1000,Autovetture elettriche - per 1.000 autovetture,2018,0.5,,,ITTER107__ITD_N1,"'Valori riferiti all""'insieme dei comuni capoluogo. Italia", Nord, Nord-est e Capoluoghi di provincia non includono il comune di Cesena.',,,,,,,,,,,
ITD,Nord-est,FULECAR1000,Autovetture elettriche - per 1.000 autovetture,2019,0.9,,,ITTER107__ITD_N1,"'Valori riferiti all""'insieme dei comuni capoluogo. Italia", Nord, Nord-est e Capoluoghi di provincia non includono il comune di Cesena.',,,,,,,,,,,
ITD,Nord-est,FULECAR1000,Autovetture elettriche - per 1.000 autovetture,2020,2.2,,,ITTER107__ITD_N1,"'Valori riferiti all""'insieme dei comuni capoluogo. Italia", Nord, Nord-est e Capoluoghi di provincia non includono il comune di Cesena.',,,,,,,,,,,
ITD,Nord-est,FULECAR1000,Autovetture elettriche - per 1.000 autovetture,2021,4.7,,,ITTER107__ITD_N1,"'Valori riferiti all""'insieme dei comuni capoluogo. Italia", Nord, Nord-est e Capoluoghi di provincia non includono il comune di Cesena.',,,,,,,,,,,
ITD,Nord-est,FULECAR1000,Autovetture elettriche - per 1.000 autovetture,2022,5.7,,,ITTER107__ITD_N1,"'Valori riferiti all""'insieme dei comuni capoluogo. Italia", Nord, Nord-est e Capoluoghi di provincia non includono il comune di Cesena.',,,,,,,,,,,
ITD,Nord-est,FULECAR1000,Autovetture elettriche - per 1.000 autovetture,2023,7.7,,,ITTER107__ITD_N1,"'Valori riferiti all""'insieme dei comuni capoluogo. Italia", Nord, Nord-est e Capoluoghi di provincia non includono il comune di Cesena.',,,,,,,,,,,
021008,Bolzano/Bozen,FULECAR1000,Autovetture elettriche - per 1.000 autovetture,2015,0.2,,,,,,,,,,,,,,,,,
021008,Bolzano/Bozen,FULECAR1000,Autovetture elettriche - per 1.000 autovetture,2016,0.4,,,,,,,,,,,,,,,,,
021008,Bolzano/Bozen,FULECAR1000,Autovetture elettriche - per 1.000 autovetture,2017,0.7,,,,,,,,,,,,,,,,,
021008,Bolzano/Bozen,FULECAR1000,Autovetture elettriche - per 1.000 autovetture,2018,1.7,,,,,,,,,,,,,,,,,
021008,Bolzano/Bozen,FULECAR1000,Autovetture elettriche - per 1.000 autovetture,2019,2.3,,,,,,,,,,,,,,,,,
021008,Bolzano/Bozen,FULECAR1000,Autovetture elettriche - per 1.000 autovetture,2020,4.7,,,,,,,,,,,,,,,,,
021008,Bolzano/Bozen,FULECAR1000,Autovetture elettriche - per 1.000 autovetture,2021,7.5,,,,,,,,,,,,,,,,,
021008,Bolzano/Bozen,FULECAR1000,Autovetture elettriche - per 1.000 autovetture,2022,10.1,,,,,,,,,,,,,,,,,
021008,Bolzano/Bozen,FULECAR1000,Autovetture elettriche - per 1.000 autovetture,2023,14.9,,,,,,,,,,,,,,,,,
022205,Trento,FULECAR1000,Autovetture elettriche - per 1.000 autovetture,2015,0.1,,,,,,,,,,,,,,,,,
022205,Trento,FULECAR1000,Autovetture elettriche - per 1.000 autovetture,2016,0.3,,,,,,,,,,,,,,,,,
022205,Trento,FULECAR1000,Autovetture elettriche - per 1.000 autovetture,2017,0.3,,,,,,,,,,,,,,,,,
022205,Trento,FULECAR1000,Autovetture elettriche - per 1.000 autovetture,2018,0.5,,,,,,,,,,,,,,,,,
022205,Trento,FULECAR1000,Autovetture elettriche - per 1.000 autovetture,2019,1.3,,,,,,,,,,,,,,,,,
022205,Trento,FULECAR1000,Autovetture elettriche - per 1.000 autovetture,2020,4.3,,,,,,,,,,,,,,,,,
022205,Trento,FULECAR1000,Autovetture elettriche - per 1.000 autovetture,2021,9.2,,,,,,,,,,,,,,,,,
022205,Trento,FULECAR1000,Autovetture elettriche - per 1.000 autovetture,2022,9.9,,,,,,,,,,,,,,,,,
022205,Trento,FULECAR1000,Autovetture elettriche - per 1.000 autovetture,2023,12.9,,,,,,,,,,,,,,,,,
023091,Verona,FULECAR1000,Autovetture elettriche - per 1.000 autovetture,2015,0.2,,,,,,,,,,,,,,,,,
023091,Verona,FULECAR1000,Autovetture elettriche - per 1.000 autovetture,2016,0.2,,,,,,,,,,,,,,,,,
023091,Verona,FULECAR1000,Autovetture elettriche - per 1.000 autovetture,2017,0.3,,,,,,,,,,,,,,,,,
023091,Verona,FULECAR1000,Autovetture elettriche - per 1.000 autovetture,2018,0.5,,,,,,,,,,,,,,,,,
023091,Verona,FULECAR1000,Autovetture elettriche - per 1.000 autovetture,2019,1.1,,,,,,,,,,,,,,,,,
023091,Verona,FULECAR1000,Autovetture elettriche - per 1.000 autovetture,2020,2.6,,,,,,,,,,,,,,,,,
023091,Verona,FULECAR1000,Autovetture elettriche - per 1.000 autovetture,2021,7.3,,,,,,,,,,,,,,,,,
023091,Verona,FULECAR1000,Autovetture elettriche - per 1.000 autovetture,2022,7.3,,,,,,,,,,,,,,,,,
023091,Verona,FULECAR1000,Autovetture elettriche - per 1.000 autovetture,2023,8.6,,,,,,,,,,,,,,,,,
024116,Vicenza,FULECAR1000,Autovetture elettriche - per 1.000 autovetture,2015,0.1,,,,,,,,,,,,,,,,,
024116,Vicenza,FULECAR1000,Autovetture elettriche - per 1.000 autovetture,2016,0.3,,,,,,,,,,,,,,,,,
024116,Vicenza,FULECAR1000,Autovetture elettriche - per 1.000 autovetture,2017,0.3,,,,,,,,,,,,,,,,,
024116,Vicenza,FULECAR1000,Autovetture elettriche - per 1.000 autovetture,2018,0.5,,,,,,,,,,,,,,,,,
024116,Vicenza,FULECAR1000,Autovetture elettriche - per 1.000 autovetture,2019,0.9,,,,,,,,,,,,,,,,,
024116,Vicenza,FULECAR1000,Autovetture elettriche - per 1.000 autovetture,2020,2.6,,,,,,,,,,,,,,,,,
024116,Vicenza,FULECAR1000,Autovetture elettriche - per 1.000 autovetture,2021,5.3,,,,,,,,,,,,,,,,,
024116,Vicenza,FULECAR1000,Autovetture elettriche - per 1.000 autovetture,2022,6.7,,,,,,,,,,,,,,,,,
024116,Vicenza,FULECAR1000,Autovetture elettriche - per 1.000 autovetture,2023,8.4,,,,,,,,,,,,,,,,,
025006,Belluno,FULECAR1000,Autovetture elettriche - per 1.000 autovetture,2015,0.1,,,,,,,,,,,,,,,,,
025006,Belluno,FULECAR1000,Autovetture elettriche - per 1.000 autovetture,2016,0.2,,,,,,,,,,,,,,,,,
025006,Belluno,FULECAR1000,Autovetture elettriche - per 1.000 autovetture,2017,0.3,,,,,,,,,,,,,,,,,
025006,Belluno,FULECAR1000,Autovetture elettriche - per 1.000 autovetture,2018,0.4,,,,,,,,,,,,,,,,,
025006,Belluno,FULECAR1000,Autovetture elettriche - per 1.000 autovetture,2019,0.5,,,,,,,,,,,,,,,,,
025006,Belluno,FULECAR1000,Autovetture elettriche - per 1.000 autovetture,2020,2.2,,,,,,,,,,,,,,,,,
025006,Belluno,FULECAR1000,Autovetture elettriche - per 1.000 autovetture,2021,3.5,,,,,,,,,,,,,,,,,
025006,Belluno,FULECAR1000,Autovetture elettriche - per 1.000 autovetture,2022,3.6,,,,,,,,,,,,,,,,,
025006,Belluno,FULECAR1000,Autovetture elettriche - per 1.000 autovetture,2023,6.4,,,,,,,,,,,,,,,,,
026086,Treviso,FULECAR1000,Autovetture elettriche - per 1.000 autovetture,2015,0.1,,,,,,,,,,,,,,,,,
026086,Treviso,FULECAR1000,Autovetture elettriche - per 1.000 autovetture,2016,0.2,,,,,,,,,,,,,,,,,
026086,Treviso,FULECAR1000,Autovetture elettriche - per 1.000 autovetture,2017,0.3,,,,,,,,,,,,,,,,,
026086,Treviso,FULECAR1000,Autovetture elettriche - per 1.000 autovetture,2018,0.6,,,,,,,,,,,,,,,,,
026086,Treviso,FULECAR1000,Autovetture elettriche - per 1.000 autovetture,2019,1,,,,,,,,,,,,,,,,,
026086,Treviso,FULECAR1000,Autovetture elettriche - per 1.000 autovetture,2020,2.3,,,,,,,,,,,,,,,,,
026086,Treviso,FULECAR1000,Autovetture elettriche - per 1.000 autovetture,2021,5,,,,,,,,,,,,,,,,,
026086,Treviso,FULECAR1000,Autovetture elettriche - per 1.000 autovetture,2022,6.5,,,,,,,,,,,,,,,,,
026086,Treviso,FULECAR1000,Autovetture elettriche - per 1.000 autovetture,2023,8.1,,,,,,,,,,,,,,,,,
027042,Venezia,FULECAR1000,Autovetture elettriche - per 1.000 autovetture,2015,0.2,,,,,,,,,,,,,,,,,
027042,Venezia,FULECAR1000,Autovetture elettriche - per 1.000 autovetture,2016,0.3,,,,,,,,,,,,,,,,,
027042,Venezia,FULECAR1000,Autovetture elettriche - per 1.000 autovetture,2017,0.3,,,,,,,,,,,,,,,,,
027042,Venezia,FULECAR1000,Autovetture elettriche - per 1.000 autovetture,2018,0.5,,,,,,,,,,,,,,,,,
027042,Venezia,FULECAR1000,Autovetture elettriche - per 1.000 autovetture,2019,0.9,,,,,,,,,,,,,,,,,
027042,Venezia,FULECAR1000,Autovetture elettriche - per 1.000 autovetture,2020,1.6,,,,,,,,,,,,,,,,,
027042,Venezia,FULECAR1000,Autovetture elettriche - per 1.000 autovetture,2021,3.7,,,,,,,,,,,,,,,,,
027042,Venezia,FULECAR1000,Autovetture elettriche - per 1.000 autovetture,2022,4.6,,,,,,,,,,,,,,,,,
027042,Venezia,FULECAR1000,Autovetture elettriche - per 1.000 autovetture,2023,6.9,,,,,,,,,,,,,,,,,
028060,Padova,FULECAR1000,Autovetture elettriche - per 1.000 autovetture,2015,0.1,,,,,,,,,,,,,,,,,
028060,Padova,FULECAR1000,Autovetture elettriche - per 1.000 autovetture,2016,0.1,,,,,,,,,,,,,,,,,
028060,Padova,FULECAR1000,Autovetture elettriche - per 1.000 autovetture,2017,0.2,,,,,,,,,,,,,,,,,
028060,Padova,FULECAR1000,Autovetture elettriche - per 1.000 autovetture,2018,0.4,,,,,,,,,,,,,,,,,
028060,Padova,FULECAR1000,Autovetture elettriche - per 1.000 autovetture,2019,0.9,,,,,,,,,,,,,,,,,
028060,Padova,FULECAR1000,Autovetture elettriche - per 1.000 autovetture,2020,2.1,,,,,,,,,,,,,,,,,
028060,Padova,FULECAR1000,Autovetture elettriche - per 1.000 autovetture,2021,4.8,,,,,,,,,,,,,,,,,
028060,Padova,FULECAR1000,Autovetture elettriche - per 1.000 autovetture,2022,6.4,,,,,,,,,,,,,,,,,
028060,Padova,FULECAR1000,Autovetture elettriche - per 1.000 autovetture,2023,8.8,,,,,,,,,,,,,,,,,
029041,Rovigo,FULECAR1000,Autovetture elettriche - per 1.000 autovetture,2015,0.1,,,,,,,,,,,,,,,,,
029041,Rovigo,FULECAR1000,Autovetture elettriche - per 1.000 autovetture,2016,0.2,,,,,,,,,,,,,,,,,
029041,Rovigo,FULECAR1000,Autovetture elettriche - per 1.000 autovetture,2017,0.1,,,,,,,,,,,,,,,,,
029041,Rovigo,FULECAR1000,Autovetture elettriche - per 1.000 autovetture,2018,0.2,,,,,,,,,,,,,,,,,
029041,Rovigo,FULECAR1000,Autovetture elettriche - per 1.000 autovetture,2019,0.8,,,,,,,,,,,,,,,,,
029041,Rovigo,FULECAR1000,Autovetture elettriche - per 1.000 autovetture,2020,1.6,,,,,,,,,,,,,,,,,
029041,Rovigo,FULECAR1000,Autovetture elettriche - per 1.000 autovetture,2021,3.5,,,,,,,,,,,,,,,,,
029041,Rovigo,FULECAR1000,Autovetture elettriche - per 1.000 autovetture,2022,4.4,,,,,,,,,,,,,,,,,
029041,Rovigo,FULECAR1000,Autovetture elettriche - per 1.000 autovetture,2023,5.9,,,,,,,,,,,,,,,,,
030129,Udine,FULECAR1000,Autovetture elettriche - per 1.000 autovetture,2015,0.2,,,,,,,,,,,,,,,,,
030129,Udine,FULECAR1000,Autovetture elettriche - per 1.000 autovetture,2016,0.4,,,,,,,,,,,,,,,,,
030129,Udine,FULECAR1000,Autovetture elettriche - per 1.000 autovetture,2017,0.5,,,,,,,,,,,,,,,,,
030129,Udine,FULECAR1000,Autovetture elettriche - per 1.000 autovetture,2018,0.5,,,,,,,,,,,,,,,,,
030129,Udine,FULECAR1000,Autovetture elettriche - per 1.000 autovetture,2019,0.9,,,,,,,,,,,,,,,,,
030129,Udine,FULECAR1000,Autovetture elettriche - per 1.000 autovetture,2020,2.1,,,,,,,,,,,,,,,,,
030129,Udine,FULECAR1000,Autovetture elettriche - per 1.000 autovetture,2021,5.2,,,,,,,,,,,,,,,,,
030129,Udine,FULECAR1000,Autovetture elettriche - per 1.000 autovetture,2022,6,,,,,,,,,,,,,,,,,
030129,Udine,FULECAR1000,Autovetture elettriche - per 1.000 autovetture,2023,7.1,,,,,,,,,,,,,,,,,
031007,Gorizia,FULECAR1000,Autovetture elettriche - per 1.000 autovetture,2015,0.1,,,,,,,,,,,,,,,,,
031007,Gorizia,FULECAR1000,Autovetture elettriche - per 1.000 autovetture,2016,0.1,,,,,,,,,,,,,,,,,
031007,Gorizia,FULECAR1000,Autovetture elettriche - per 1.000 autovetture,2017,0.1,,,,,,,,,,,,,,,,,
031007,Gorizia,FULECAR1000,Autovetture elettriche - per 1.000 autovetture,2018,0.4,,,,,,,,,,,,,,,,,
031007,Gorizia,FULECAR1000,Autovetture elettriche - per 1.000 autovetture,2019,0.4,,,,,,,,,,,,,,,,,
031007,Gorizia,FULECAR1000,Autovetture elettriche - per 1.000 autovetture,2020,1.2,,,,,,,,,,,,,,,,,
031007,Gorizia,FULECAR1000,Autovetture elettriche - per 1.000 autovetture,2021,2.8,,,,,,,,,,,,,,,,,
031007,Gorizia,FULECAR1000,Autovetture elettriche - per 1.000 autovetture,2022,3,,,,,,,,,,,,,,,,,
031007,Gorizia,FULECAR1000,Autovetture elettriche - per 1.000 autovetture,2023,4,,,,,,,,,,,,,,,,,
032006,Trieste,FULECAR1000,Autovetture elettriche - per 1.000 autovetture,2015,0.1,,,,,,,,,,,,,,,,,
032006,Trieste,FULECAR1000,Autovetture elettriche - per 1.000 autovetture,2016,0.1,,,,,,,,,,,,,,,,,
032006,Trieste,FULECAR1000,Autovetture elettriche - per 1.000 autovetture,2017,0.1,,,,,,,,,,,,,,,,,
032006,Trieste,FULECAR1000,Autovetture elettriche - per 1.000 autovetture,2018,0.3,,,,,,,,,,,,,,,,,
032006,Trieste,FULECAR1000,Autovetture elettriche - per 1.000 autovetture,2019,0.4,,,,,,,,,,,,,,,,,
032006,Trieste,FULECAR1000,Autovetture elettriche - per 1.000 autovetture,2020,1.6,,,,,,,,,,,,,,,,,
032006,Trieste,FULECAR1000,Autovetture elettriche - per 1.000 autovetture,2021,3.1,,,,,,,,,,,,,,,,,
032006,Trieste,FULECAR1000,Autovetture elettriche - per 1.000 autovetture,2022,3.7,,,,,,,,,,,,,,,,,
032006,Trieste,FULECAR1000,Autovetture elettriche - per 1.000 autovetture,2023,4.3,,,,,,,,,,,,,,,,,
093033,Pordenone,FULECAR1000,Autovetture elettriche - per 1.000 autovetture,2015,0.1,,,,,,,,,,,,,,,,,
093033,Pordenone,FULECAR1000,Autovetture elettriche - per 1.000 autovetture,2016,0.2,,,,,,,,,,,,,,,,,
093033,Pordenone,FULECAR1000,Autovetture elettriche - per 1.000 autovetture,2017,0.3,,,,,,,,,,,,,,,,,
093033,Pordenone,FULECAR1000,Autovetture elettriche - per 1.000 autovetture,2018,0.4,,,,,,,,,,,,,,,,,
093033,Pordenone,FULECAR1000,Autovetture elettriche - per 1.000 autovetture,2019,0.6,,,,,,,,,,,,,,,,,
093033,Pordenone,FULECAR1000,Autovetture elettriche - per 1.000 autovetture,2020,2.3,,,,,,,,,,,,,,,,,
093033,Pordenone,FULECAR1000,Autovetture elettriche - per 1.000 autovetture,2021,4.3,,,,,,,,,,,,,,,,,
093033,Pordenone,FULECAR1000,Autovetture elettriche - per 1.000 autovetture,2022,5.3,,,,,,,,,,,,,,,,,
093033,Pordenone,FULECAR1000,Autovetture elettriche - per 1.000 autovetture,2023,7.4,,,,,,,,,,,,,,,,,
033032,Piacenza,FULECAR1000,Autovetture elettriche - per 1.000 autovetture,2015,0.1,,,,,,,,,,,,,,,,,
033032,Piacenza,FULECAR1000,Autovetture elettriche - per 1.000 autovetture,2016,0.1,,,,,,,,,,,,,,,,,
033032,Piacenza,FULECAR1000,Autovetture elettriche - per 1.000 autovetture,2017,0.1,,,,,,,,,,,,,,,,,
033032,Piacenza,FULECAR1000,Autovetture elettriche - per 1.000 autovetture,2018,0.3,,,,,,,,,,,,,,,,,
033032,Piacenza,FULECAR1000,Autovetture elettriche - per 1.000 autovetture,2019,0.6,,,,,,,,,,,,,,,,,
033032,Piacenza,FULECAR1000,Autovetture elettriche - per 1.000 autovetture,2020,1.7,,,,,,,,,,,,,,,,,
033032,Piacenza,FULECAR1000,Autovetture elettriche - per 1.000 autovetture,2021,3.8,,,,,,,,,,,,,,,,,
033032,Piacenza,FULECAR1000,Autovetture elettriche - per 1.000 autovetture,2022,5,,,,,,,,,,,,,,,,,
033032,Piacenza,FULECAR1000,Autovetture elettriche - per 1.000 autovetture,2023,6.7,,,,,,,,,,,,,,,,,
034027,Parma,FULECAR1000,Autovetture elettriche - per 1.000 autovetture,2015,0.2,,,,,,,,,,,,,,,,,
034027,Parma,FULECAR1000,Autovetture elettriche - per 1.000 autovetture,2016,0.3,,,,,,,,,,,,,,,,,
034027,Parma,FULECAR1000,Autovetture elettriche - per 1.000 autovetture,2017,0.3,,,,,,,,,,,,,,,,,
034027,Parma,FULECAR1000,Autovetture elettriche - per 1.000 autovetture,2018,0.6,,,,,,,,,,,,,,,,,
034027,Parma,FULECAR1000,Autovetture elettriche - per 1.000 autovetture,2019,1,,,,,,,,,,,,,,,,,
034027,Parma,FULECAR1000,Autovetture elettriche - per 1.000 autovetture,2020,2,,,,,,,,,,,,,,,,,
034027,Parma,FULECAR1000,Autovetture elettriche - per 1.000 autovetture,2021,4.1,,,,,,,,,,,,,,,,,
034027,Parma,FULECAR1000,Autovetture elettriche - per 1.000 autovetture,2022,5.1,,,,,,,,,,,,,,,,,
034027,Parma,FULECAR1000,Autovetture elettriche - per 1.000 autovetture,2023,7.8,,,,,,,,,,,,,,,,,
035033,"'Reggio nell""'Emilia'",FULECAR1000,Autovetture elettriche - per 1.000 autovetture,2015,0.2,,,,,,,,,,,,,,,,,
035033,"'Reggio nell""'Emilia'",FULECAR1000,Autovetture elettriche - per 1.000 autovetture,2016,0.3,,,,,,,,,,,,,,,,,
035033,"'Reggio nell""'Emilia'",FULECAR1000,Autovetture elettriche - per 1.000 autovetture,2017,0.2,,,,,,,,,,,,,,,,,
035033,"'Reggio nell""'Emilia'",FULECAR1000,Autovetture elettriche - per 1.000 autovetture,2018,0.5,,,,,,,,,,,,,,,,,
035033,"'Reggio nell""'Emilia'",FULECAR1000,Autovetture elettriche - per 1.000 autovetture,2019,1,,,,,,,,,,,,,,,,,
035033,"'Reggio nell""'Emilia'",FULECAR1000,Autovetture elettriche - per 1.000 autovetture,2020,2.1,,,,,,,,,,,,,,,,,
035033,"'Reggio nell""'Emilia'",FULECAR1000,Autovetture elettriche - per 1.000 autovetture,2021,4.4,,,,,,,,,,,,,,,,,
035033,"'Reggio nell""'Emilia'",FULECAR1000,Autovetture elettriche - per 1.000 autovetture,2022,6.5,,,,,,,,,,,,,,,,,
035033,"'Reggio nell""'Emilia'",FULECAR1000,Autovetture elettriche - per 1.000 autovetture,2023,7.9,,,,,,,,,,,,,,,,,
036023,Modena,FULECAR1000,Autovetture elettriche - per 1.000 autovetture,2015,0.2,,,,,,,,,,,,,,,,,
036023,Modena,FULECAR1000,Autovetture elettriche - per 1.000 autovetture,2016,0.2,,,,,,,,,,,,,,,,,
036023,Modena,FULECAR1000,Autovetture elettriche - per 1.000 autovetture,2017,0.3,,,,,,,,,,,,,,,,,
036023,Modena,FULECAR1000,Autovetture elettriche - per 1.000 autovetture,2018,0.4,,,,,,,,,,,,,,,,,
036023,Modena,FULECAR1000,Autovetture elettriche - per 1.000 autovetture,2019,0.9,,,,,,,,,,,,,,,,,
036023,Modena,FULECAR1000,Autovetture elettriche - per 1.000 autovetture,2020,2,,,,,,,,,,,,,,,,,
036023,Modena,FULECAR1000,Autovetture elettriche - per 1.000 autovetture,2021,4.3,,,,,,,,,,,,,,,,,
036023,Modena,FULECAR1000,Autovetture elettriche - per 1.000 autovetture,2022,5.5,,,,,,,,,,,,,,,,,
036023,Modena,FULECAR1000,Autovetture elettriche - per 1.000 autovetture,2023,8,,,,,,,,,,,,,,,,,
037006,Bologna,FULECAR1000,Autovetture elettriche - per 1.000 autovetture,2015,0.3,,,,,,,,,,,,,,,,,
037006,Bologna,FULECAR1000,Autovetture elettriche - per 1.000 autovetture,2016,0.4,,,,,,,,,,,,,,,,,
037006,Bologna,FULECAR1000,Autovetture elettriche - per 1.000 autovetture,2017,0.4,,,,,,,,,,,,,,,,,
037006,Bologna,FULECAR1000,Autovetture elettriche - per 1.000 autovetture,2018,0.6,,,,,,,,,,,,,,,,,
037006,Bologna,FULECAR1000,Autovetture elettriche - per 1.000 autovetture,2019,1.1,,,,,,,,,,,,,,,,,
037006,Bologna,FULECAR1000,Autovetture elettriche - per 1.000 autovetture,2020,2.4,,,,,,,,,,,,,,,,,
037006,Bologna,FULECAR1000,Autovetture elettriche - per 1.000 autovetture,2021,5.2,,,,,,,,,,,,,,,,,
037006,Bologna,FULECAR1000,Autovetture elettriche - per 1.000 autovetture,2022,5.9,,,,,,,,,,,,,,,,,
037006,Bologna,FULECAR1000,Autovetture elettriche - per 1.000 autovetture,2023,8.6,,,,,,,,,,,,,,,,,
038008,Ferrara,FULECAR1000,Autovetture elettriche - per 1.000 autovetture,2015,0.1,,,,,,,,,,,,,,,,,
038008,Ferrara,FULECAR1000,Autovetture elettriche - per 1.000 autovetture,2016,0.1,,,,,,,,,,,,,,,,,
038008,Ferrara,FULECAR1000,Autovetture elettriche - per 1.000 autovetture,2017,0.1,,,,,,,,,,,,,,,,,
038008,Ferrara,FULECAR1000,Autovetture elettriche - per 1.000 autovetture,2018,0.3,,,,,,,,,,,,,,,,,
038008,Ferrara,FULECAR1000,Autovetture elettriche - per 1.000 autovetture,2019,0.5,,,,,,,,,,,,,,,,,
038008,Ferrara,FULECAR1000,Autovetture elettriche - per 1.000 autovetture,2020,1.3,,,,,,,,,,,,,,,,,
038008,Ferrara,FULECAR1000,Autovetture elettriche - per 1.000 autovetture,2021,2.9,,,,,,,,,,,,,,,,,
038008,Ferrara,FULECAR1000,Autovetture elettriche - per 1.000 autovetture,2022,3.7,,,,,,,,,,,,,,,,,
038008,Ferrara,FULECAR1000,Autovetture elettriche - per 1.000 autovetture,2023,5.6,,,,,,,,,,,,,,,,,
039014,Ravenna,FULECAR1000,Autovetture elettriche - per 1.000 autovetture,2015,0.2,,,,,,,,,,,,,,,,,
039014,Ravenna,FULECAR1000,Autovetture elettriche - per 1.000 autovetture,2016,0.2,,,,,,,,,,,,,,,,,
039014,Ravenna,FULECAR1000,Autovetture elettriche - per 1.000 autovetture,2017,0.2,,,,,,,,,,,,,,,,,
039014,Ravenna,FULECAR1000,Autovetture elettriche - per 1.000 autovetture,2018,0.3,,,,,,,,,,,,,,,,,
039014,Ravenna,FULECAR1000,Autovetture elettriche - per 1.000 autovetture,2019,0.7,,,,,,,,,,,,,,,,,
039014,Ravenna,FULECAR1000,Autovetture elettriche - per 1.000 autovetture,2020,1.8,,,,,,,,,,,,,,,,,
039014,Ravenna,FULECAR1000,Autovetture elettriche - per 1.000 autovetture,2021,3.4,,,,,,,,,,,,,,,,,
039014,Ravenna,FULECAR1000,Autovetture elettriche - per 1.000 autovetture,2022,4.5,,,,,,,,,,,,,,,,,
039014,Ravenna,FULECAR1000,Autovetture elettriche - per 1.000 autovetture,2023,5.9,,,,,,,,,,,,,,,,,
040007,Cesena,FULECAR1000,Autovetture elettriche - per 1.000 autovetture,2015,0.1,,,ITTER107__040007_N1,Comune incluso nella rilevazione a partire dal 2020,,,,,,,,,,,,,
040007,Cesena,FULECAR1000,Autovetture elettriche - per 1.000 autovetture,2016,0.2,,,ITTER107__040007_N1,Comune incluso nella rilevazione a partire dal 2020,,,,,,,,,,,,,
040007,Cesena,FULECAR1000,Autovetture elettriche - per 1.000 autovetture,2017,0.2,,,ITTER107__040007_N1,Comune incluso nella rilevazione a partire dal 2020,,,,,,,,,,,,,
040007,Cesena,FULECAR1000,Autovetture elettriche - per 1.000 autovetture,2018,0.4,,,ITTER107__040007_N1,Comune incluso nella rilevazione a partire dal 2020,,,,,,,,,,,,,
040007,Cesena,FULECAR1000,Autovetture elettriche - per 1.000 autovetture,2019,0.6,,,ITTER107__040007_N1,Comune incluso nella rilevazione a partire dal 2020,,,,,,,,,,,,,
040007,Cesena,FULECAR1000,Autovetture elettriche - per 1.000 autovetture,2020,1.5,,,ITTER107__040007_N1,Comune incluso nella rilevazione a partire dal 2020,,,,,,,,,,,,,
040007,Cesena,FULECAR1000,Autovetture elettriche - per 1.000 autovetture,2021,3.2,,,ITTER107__040007_N1,Comune incluso nella rilevazione a partire dal 2020,,,,,,,,,,,,,
040007,Cesena,FULECAR1000,Autovetture elettriche - per 1.000 autovetture,2022,4.3,,,ITTER107__040007_N1,Comune incluso nella rilevazione a partire dal 2020,,,,,,,,,,,,,
040007,Cesena,FULECAR1000,Autovetture elettriche - per 1.000 autovetture,2023,5.4,,,ITTER107__040007_N1,Comune incluso nella rilevazione a partire dal 2020,,,,,,,,,,,,,
040012,Forlì,FULECAR1000,Autovetture elettriche - per 1.000 autovetture,2015,0.2,,,,,,,,,,,,,,,,,
040012,Forlì,FULECAR1000,Autovetture elettriche - per 1.000 autovetture,2016,0.2,,,,,,,,,,,,,,,,,
040012,Forlì,FULECAR1000,Autovetture elettriche - per 1.000 autovetture,2017,0.3,,,,,,,,,,,,,,,,,
040012,Forlì,FULECAR1000,Autovetture elettriche - per 1.000 autovetture,2018,0.4,,,,,,,,,,,,,,,,,
040012,Forlì,FULECAR1000,Autovetture elettriche - per 1.000 autovetture,2019,0.8,,,,,,,,,,,,,,,,,
040012,Forlì,FULECAR1000,Autovetture elettriche - per 1.000 autovetture,2020,1.5,,,,,,,,,,,,,,,,,
040012,Forlì,FULECAR1000,Autovetture elettriche - per 1.000 autovetture,2021,3.3,,,,,,,,,,,,,,,,,
040012,Forlì,FULECAR1000,Autovetture elettriche - per 1.000 autovetture,2022,4,,,,,,,,,,,,,,,,,
040012,Forlì,FULECAR1000,Autovetture elettriche - per 1.000 autovetture,2023,5.3,,,,,,,,,,,,,,,,,
099014,Rimini,FULECAR1000,Autovetture elettriche - per 1.000 autovetture,2015,0.2,,,,,,,,,,,,,,,,,
099014,Rimini,FULECAR1000,Autovetture elettriche - per 1.000 autovetture,2016,0.1,,,,,,,,,,,,,,,,,
099014,Rimini,FULECAR1000,Autovetture elettriche - per 1.000 autovetture,2017,0.2,,,,,,,,,,,,,,,,,
099014,Rimini,FULECAR1000,Autovetture elettriche - per 1.000 autovetture,2018,0.3,,,,,,,,,,,,,,,,,
099014,Rimini,FULECAR1000,Autovetture elettriche - per 1.000 autovetture,2019,0.6,,,,,,,,,,,,,,,,,
099014,Rimini,FULECAR1000,Autovetture elettriche - per 1.000 autovetture,2020,1.6,,,,,,,,,,,,,,,,,
099014,Rimini,FULECAR1000,Autovetture elettriche - per 1.000 autovetture,2021,3.2,,,,,,,,,,,,,,,,,
099014,Rimini,FULECAR1000,Autovetture elettriche - per 1.000 autovetture,2022,4,,,,,,,,,,,,,,,,,
099014,Rimini,FULECAR1000,Autovetture elettriche - per 1.000 autovetture,2023,5.7,,,,,,,,,,,,,,,,,
ITE,Centro,FULECAR1000,Autovetture elettriche - per 1.000 autovetture,2015,0.2,,,ITTER107__ITE_N1,"'Valori riferiti all""'insieme dei comuni capoluogo. Italia", Nord, Nord-est e Capoluoghi di provincia non includono il comune di Cesena.',,,,,,,,,,,
ITE,Centro,FULECAR1000,Autovetture elettriche - per 1.000 autovetture,2016,0.3,,,ITTER107__ITE_N1,"'Valori riferiti all""'insieme dei comuni capoluogo. Italia", Nord, Nord-est e Capoluoghi di provincia non includono il comune di Cesena.',,,,,,,,,,,
ITE,Centro,FULECAR1000,Autovetture elettriche - per 1.000 autovetture,2017,0.3,,,ITTER107__ITE_N1,"'Valori riferiti all""'insieme dei comuni capoluogo. Italia", Nord, Nord-est e Capoluoghi di provincia non includono il comune di Cesena.',,,,,,,,,,,
ITE,Centro,FULECAR1000,Autovetture elettriche - per 1.000 autovetture,2018,0.5,,,ITTER107__ITE_N1,"'Valori riferiti all""'insieme dei comuni capoluogo. Italia", Nord, Nord-est e Capoluoghi di provincia non includono il comune di Cesena.',,,,,,,,,,,
ITE,Centro,FULECAR1000,Autovetture elettriche - per 1.000 autovetture,2019,0.9,,,ITTER107__ITE_N1,"'Valori riferiti all""'insieme dei comuni capoluogo. Italia", Nord, Nord-est e Capoluoghi di provincia non includono il comune di Cesena.',,,,,,,,,,,
ITE,Centro,FULECAR1000,Autovetture elettriche - per 1.000 autovetture,2020,1.7,,,ITTER107__ITE_N1,"'Valori riferiti all""'insieme dei comuni capoluogo. Italia", Nord, Nord-est e Capoluoghi di provincia non includono il comune di Cesena.',,,,,,,,,,,
ITE,Centro,FULECAR1000,Autovetture elettriche - per 1.000 autovetture,2021,3.6,,,ITTER107__ITE_N1,"'Valori riferiti all""'insieme dei comuni capoluogo. Italia", Nord, Nord-est e Capoluoghi di provincia non includono il comune di Cesena.',,,,,,,,,,,
ITE,Centro,FULECAR1000,Autovetture elettriche - per 1.000 autovetture,2022,4.8,,,ITTER107__ITE_N1,"'Valori riferiti all""'insieme dei comuni capoluogo. Italia", Nord, Nord-est e Capoluoghi di provincia non includono il comune di Cesena.',,,,,,,,,,,
ITE,Centro,FULECAR1000,Autovetture elettriche - per 1.000 autovetture,2023,6.9,,,ITTER107__ITE_N1,"'Valori riferiti all""'insieme dei comuni capoluogo. Italia", Nord, Nord-est e Capoluoghi di provincia non includono il comune di Cesena.',,,,,,,,,,,
045010,Massa,FULECAR1000,Autovetture elettriche - per 1.000 autovetture,2015,0.1,,,,,,,,,,,,,,,,,
045010,Massa,FULECAR1000,Autovetture elettriche - per 1.000 autovetture,2016,0.1,,,,,,,,,,,,,,,,,
045010,Massa,FULECAR1000,Autovetture elettriche - per 1.000 autovetture,2017,0.3,,,,,,,,,,,,,,,,,
045010,Massa,FULECAR1000,Autovetture elettriche - per 1.000 autovetture,2018,0.2,,,,,,,,,,,,,,,,,
045010,Massa,FULECAR1000,Autovetture elettriche - per 1.000 autovetture,2019,0.4,,,,,,,,,,,,,,,,,
045010,Massa,FULECAR1000,Autovetture elettriche - per 1.000 autovetture,2020,1.2,,,,,,,,,,,,,,,,,
045010,Massa,FULECAR1000,Autovetture elettriche - per 1.000 autovetture,2021,3.3,,,,,,,,,,,,,,,,,
045010,Massa,FULECAR1000,Autovetture elettriche - per 1.000 autovetture,2022,4.2,,,,,,,,,,,,,,,,,
045010,Massa,FULECAR1000,Autovetture elettriche - per 1.000 autovetture,2023,5.5,,,,,,,,,,,,,,,,,
046017,Lucca,FULECAR1000,Autovetture elettriche - per 1.000 autovetture,2015,0.3,,,,,,,,,,,,,,,,,
046017,Lucca,FULECAR1000,Autovetture elettriche - per 1.000 autovetture,2016,0.4,,,,,,,,,,,,,,,,,
046017,Lucca,FULECAR1000,Autovetture elettriche - per 1.000 autovetture,2017,0.5,,,,,,,,,,,,,,,,,
046017,Lucca,FULECAR1000,Autovetture elettriche - per 1.000 autovetture,2018,0.6,,,,,,,,,,,,,,,,,
046017,Lucca,FULECAR1000,Autovetture elettriche - per 1.000 autovetture,2019,0.9,,,,,,,,,,,,,,,,,
046017,Lucca,FULECAR1000,Autovetture elettriche - per 1.000 autovetture,2020,1.5,,,,,,,,,,,,,,,,,
046017,Lucca,FULECAR1000,Autovetture elettriche - per 1.000 autovetture,2021,3.8,,,,,,,,,,,,,,,,,
046017,Lucca,FULECAR1000,Autovetture elettriche - per 1.000 autovetture,2022,4.4,,,,,,,,,,,,,,,,,
046017,Lucca,FULECAR1000,Autovetture elettriche - per 1.000 autovetture,2023,6,,,,,,,,,,,,,,,,,
047014,Pistoia,FULECAR1000,Autovetture elettriche - per 1.000 autovetture,2015,0.1,,,,,,,,,,,,,,,,,
047014,Pistoia,FULECAR1000,Autovetture elettriche - per 1.000 autovetture,2016,0.1,,,,,,,,,,,,,,,,,
047014,Pistoia,FULECAR1000,Autovetture elettriche - per 1.000 autovetture,2017,0.1,,,,,,,,,,,,,,,,,
047014,Pistoia,FULECAR1000,Autovetture elettriche - per 1.000 autovetture,2018,0.2,,,,,,,,,,,,,,,,,
047014,Pistoia,FULECAR1000,Autovetture elettriche - per 1.000 autovetture,2019,0.4,,,,,,,,,,,,,,,,,
047014,Pistoia,FULECAR1000,Autovetture elettriche - per 1.000 autovetture,2020,1.3,,,,,,,,,,,,,,,,,
047014,Pistoia,FULECAR1000,Autovetture elettriche - per 1.000 autovetture,2021,3.2,,,,,,,,,,,,,,,,,
047014,Pistoia,FULECAR1000,Autovetture elettriche - per 1.000 autovetture,2022,4.1,,,,,,,,,,,,,,,,,
047014,Pistoia,FULECAR1000,Autovetture elettriche - per 1.000 autovetture,2023,6.2,,,,,,,,,,,,,,,,,
048017,Firenze,FULECAR1000,Autovetture elettriche - per 1.000 autovetture,2015,0.4,,,,,,,,,,,,,,,,,
048017,Firenze,FULECAR1000,Autovetture elettriche - per 1.000 autovetture,2016,0.4,,,,,,,,,,,,,,,,,
048017,Firenze,FULECAR1000,Autovetture elettriche - per 1.000 autovetture,2017,0.7,,,,,,,,,,,,,,,,,
048017,Firenze,FULECAR1000,Autovetture elettriche - per 1.000 autovetture,2018,0.9,,,,,,,,,,,,,,,,,
048017,Firenze,FULECAR1000,Autovetture elettriche - per 1.000 autovetture,2019,1.4,,,,,,,,,,,,,,,,,
048017,Firenze,FULECAR1000,Autovetture elettriche - per 1.000 autovetture,2020,2.4,,,,,,,,,,,,,,,,,
048017,Firenze,FULECAR1000,Autovetture elettriche - per 1.000 autovetture,2021,4.7,,,,,,,,,,,,,,,,,
048017,Firenze,FULECAR1000,Autovetture elettriche - per 1.000 autovetture,2022,5.9,,,,,,,,,,,,,,,,,
048017,Firenze,FULECAR1000,Autovetture elettriche - per 1.000 autovetture,2023,8.6,,,,,,,,,,,,,,,,,
049009,Livorno,FULECAR1000,Autovetture elettriche - per 1.000 autovetture,2015,0.1,,,,,,,,,,,,,,,,,
049009,Livorno,FULECAR1000,Autovetture elettriche - per 1.000 autovetture,2016,0.1,,,,,,,,,,,,,,,,,
049009,Livorno,FULECAR1000,Autovetture elettriche - per 1.000 autovetture,2017,0.1,,,,,,,,,,,,,,,,,
049009,Livorno,FULECAR1000,Autovetture elettriche - per 1.000 autovetture,2018,0.1,,,,,,,,,,,,,,,,,
049009,Livorno,FULECAR1000,Autovetture elettriche - per 1.000 autovetture,2019,0.2,,,,,,,,,,,,,,,,,
049009,Livorno,FULECAR1000,Autovetture elettriche - per 1.000 autovetture,2020,1.1,,,,,,,,,,,,,,,,,
049009,Livorno,FULECAR1000,Autovetture elettriche - per 1.000 autovetture,2021,2.5,,,,,,,,,,,,,,,,,
049009,Livorno,FULECAR1000,Autovetture elettriche - per 1.000 autovetture,2022,3,,,,,,,,,,,,,,,,,
049009,Livorno,FULECAR1000,Autovetture elettriche - per 1.000 autovetture,2023,4.8,,,,,,,,,,,,,,,,,
050026,Pisa,FULECAR1000,Autovetture elettriche - per 1.000 autovetture,2015,0.1,,,,,,,,,,,,,,,,,
050026,Pisa,FULECAR1000,Autovetture elettriche - per 1.000 autovetture,2016,0.1,,,,,,,,,,,,,,,,,
050026,Pisa,FULECAR1000,Autovetture elettriche - per 1.000 autovetture,2017,0.2,,,,,,,,,,,,,,,,,
050026,Pisa,FULECAR1000,Autovetture elettriche - per 1.000 autovetture,2018,0.3,,,,,,,,,,,,,,,,,
050026,Pisa,FULECAR1000,Autovetture elettriche - per 1.000 autovetture,2019,0.6,,,,,,,,,,,,,,,,,
050026,Pisa,FULECAR1000,Autovetture elettriche - per 1.000 autovetture,2020,1.6,,,,,,,,,,,,,,,,,
050026,Pisa,FULECAR1000,Autovetture elettriche - per 1.000 autovetture,2021,3.1,,,,,,,,,,,,,,,,,
050026,Pisa,FULECAR1000,Autovetture elettriche - per 1.000 autovetture,2022,4.3,,,,,,,,,,,,,,,,,
050026,Pisa,FULECAR1000,Autovetture elettriche - per 1.000 autovetture,2023,5.8,,,,,,,,,,,,,,,,,
051002,Arezzo,FULECAR1000,Autovetture elettriche - per 1.000 autovetture,2015,0.1,,,,,,,,,,,,,,,,,
051002,Arezzo,FULECAR1000,Autovetture elettriche - per 1.000 autovetture,2016,0.1,,,,,,,,,,,,,,,,,
051002,Arezzo,FULECAR1000,Autovetture elettriche - per 1.000 autovetture,2017,0.2,,,,,,,,,,,,,,,,,
051002,Arezzo,FULECAR1000,Autovetture elettriche - per 1.000 autovetture,2018,0.3,,,,,,,,,,,,,,,,,
051002,Arezzo,FULECAR1000,Autovetture elettriche - per 1.000 autovetture,2019,0.3,,,,,,,,,,,,,,,,,
051002,Arezzo,FULECAR1000,Autovetture elettriche - per 1.000 autovetture,2020,1.1,,,,,,,,,,,,,,,,,
051002,Arezzo,FULECAR1000,Autovetture elettriche - per 1.000 autovetture,2021,2.6,,,,,,,,,,,,,,,,,
051002,Arezzo,FULECAR1000,Autovetture elettriche - per 1.000 autovetture,2022,3.7,,,,,,,,,,,,,,,,,
051002,Arezzo,FULECAR1000,Autovetture elettriche - per 1.000 autovetture,2023,4.9,,,,,,,,,,,,,,,,,
052032,Siena,FULECAR1000,Autovetture elettriche - per 1.000 autovetture,2015,0.2,,,,,,,,,,,,,,,,,
052032,Siena,FULECAR1000,Autovetture elettriche - per 1.000 autovetture,2016,0.3,,,,,,,,,,,,,,,,,
052032,Siena,FULECAR1000,Autovetture elettriche - per 1.000 autovetture,2017,0.2,,,,,,,,,,,,,,,,,
052032,Siena,FULECAR1000,Autovetture elettriche - per 1.000 autovetture,2018,0.4,,,,,,,,,,,,,,,,,
052032,Siena,FULECAR1000,Autovetture elettriche - per 1.000 autovetture,2019,0.5,,,,,,,,,,,,,,,,,
052032,Siena,FULECAR1000,Autovetture elettriche - per 1.000 autovetture,2020,1.6,,,,,,,,,,,,,,,,,
052032,Siena,FULECAR1000,Autovetture elettriche - per 1.000 autovetture,2021,2.4,,,,,,,,,,,,,,,,,
052032,Siena,FULECAR1000,Autovetture elettriche - per 1.000 autovetture,2022,3.5,,,,,,,,,,,,,,,,,
052032,Siena,FULECAR1000,Autovetture elettriche - per 1.000 autovetture,2023,4.7,,,,,,,,,,,,,,,,,
053011,Grosseto,FULECAR1000,Autovetture elettriche - per 1.000 autovetture,2015,..,0.0,Il dato non raggiunge la metà della cifra minima considerata,,,,,,,,,,,,,,,
053011,Grosseto,FULECAR1000,Autovetture elettriche - per 1.000 autovetture,2016,0.1,,,,,,,,,,,,,,,,,
053011,Grosseto,FULECAR1000,Autovetture elettriche - per 1.000 autovetture,2017,0.1,,,,,,,,,,,,,,,,,
053011,Grosseto,FULECAR1000,Autovetture elettriche - per 1.000 autovetture,2018,0.2,,,,,,,,,,,,,,,,,
053011,Grosseto,FULECAR1000,Autovetture elettriche - per 1.000 autovetture,2019,0.4,,,,,,,,,,,,,,,,,
053011,Grosseto,FULECAR1000,Autovetture elettriche - per 1.000 autovetture,2020,0.9,,,,,,,,,,,,,,,,,
053011,Grosseto,FULECAR1000,Autovetture elettriche - per 1.000 autovetture,2021,2.2,,,,,,,,,,,,,,,,,
053011,Grosseto,FULECAR1000,Autovetture elettriche - per 1.000 autovetture,2022,3.2,,,,,,,,,,,,,,,,,
053011,Grosseto,FULECAR1000,Autovetture elettriche - per 1.000 autovetture,2023,4,,,,,,,,,,,,,,,,,
100005,Prato,FULECAR1000,Autovetture elettriche - per 1.000 autovetture,2015,0.1,,,,,,,,,,,,,,,,,
100005,Prato,FULECAR1000,Autovetture elettriche - per 1.000 autovetture,2016,0.2,,,,,,,,,,,,,,,,,
100005,Prato,FULECAR1000,Autovetture elettriche - per 1.000 autovetture,2017,0.2,,,,,,,,,,,,,,,,,
100005,Prato,FULECAR1000,Autovetture elettriche - per 1.000 autovetture,2018,0.3,,,,,,,,,,,,,,,,,
100005,Prato,FULECAR1000,Autovetture elettriche - per 1.000 autovetture,2019,0.5,,,,,,,,,,,,,,,,,
100005,Prato,FULECAR1000,Autovetture elettriche - per 1.000 autovetture,2020,1.2,,,,,,,,,,,,,,,,,
100005,Prato,FULECAR1000,Autovetture elettriche - per 1.000 autovetture,2021,2.8,,,,,,,,,,,,,,,,,
100005,Prato,FULECAR1000,Autovetture elettriche - per 1.000 autovetture,2022,4.1,,,,,,,,,,,,,,,,,
100005,Prato,FULECAR1000,Autovetture elettriche - per 1.000 autovetture,2023,6.2,,,,,,,,,,,,,,,,,
054039,Perugia,FULECAR1000,Autovetture elettriche - per 1.000 autovetture,2015,0.2,,,,,,,,,,,,,,,,,
054039,Perugia,FULECAR1000,Autovetture elettriche - per 1.000 autovetture,2016,0.2,,,,,,,,,,,,,,,,,
054039,Perugia,FULECAR1000,Autovetture elettriche - per 1.000 autovetture,2017,0.2,,,,,,,,,,,,,,,,,
054039,Perugia,FULECAR1000,Autovetture elettriche - per 1.000 autovetture,2018,0.4,,,,,,,,,,,,,,,,,
054039,Perugia,FULECAR1000,Autovetture elettriche - per 1.000 autovetture,2019,0.7,,,,,,,,,,,,,,,,,
054039,Perugia,FULECAR1000,Autovetture elettriche - per 1.000 autovetture,2020,1.5,,,,,,,,,,,,,,,,,
054039,Perugia,FULECAR1000,Autovetture elettriche - per 1.000 autovetture,2021,3.3,,,,,,,,,,,,,,,,,
054039,Perugia,FULECAR1000,Autovetture elettriche - per 1.000 autovetture,2022,4.3,,,,,,,,,,,,,,,,,
054039,Perugia,FULECAR1000,Autovetture elettriche - per 1.000 autovetture,2023,6,,,,,,,,,,,,,,,,,
055032,Terni,FULECAR1000,Autovetture elettriche - per 1.000 autovetture,2015,..,0.0,Il dato non raggiunge la metà della cifra minima considerata,,,,,,,,,,,,,,,
055032,Terni,FULECAR1000,Autovetture elettriche - per 1.000 autovetture,2016,..,0.0,Il dato non raggiunge la metà della cifra minima considerata,,,,,,,,,,,,,,,
055032,Terni,FULECAR1000,Autovetture elettriche - per 1.000 autovetture,2017,0.1,,,,,,,,,,,,,,,,,
055032,Terni,FULECAR1000,Autovetture elettriche - per 1.000 autovetture,2018,0.2,,,,,,,,,,,,,,,,,
055032,Terni,FULECAR1000,Autovetture elettriche - per 1.000 autovetture,2019,0.5,,,,,,,,,,,,,,,,,
055032,Terni,FULECAR1000,Autovetture elettriche - per 1.000 autovetture,2020,1.1,,,,,,,,,,,,,,,,,
055032,Terni,FULECAR1000,Autovetture elettriche - per 1.000 autovetture,2021,2.3,,,,,,,,,,,,,,,,,
055032,Terni,FULECAR1000,Autovetture elettriche - per 1.000 autovetture,2022,2.9,,,,,,,,,,,,,,,,,
055032,Terni,FULECAR1000,Autovetture elettriche - per 1.000 autovetture,2023,4.2,,,,,,,,,,,,,,,,,
041044,Pesaro,FULECAR1000,Autovetture elettriche - per 1.000 autovetture,2015,0.1,,,,,,,,,,,,,,,,,
041044,Pesaro,FULECAR1000,Autovetture elettriche - per 1.000 autovetture,2016,0.1,,,,,,,,,,,,,,,,,
041044,Pesaro,FULECAR1000,Autovetture elettriche - per 1.000 autovetture,2017,0.2,,,,,,,,,,,,,,,,,
041044,Pesaro,FULECAR1000,Autovetture elettriche - per 1.000 autovetture,2018,0.4,,,,,,,,,,,,,,,,,
041044,Pesaro,FULECAR1000,Autovetture elettriche - per 1.000 autovetture,2019,0.6,,,,,,,,,,,,,,,,,
041044,Pesaro,FULECAR1000,Autovetture elettriche - per 1.000 autovetture,2020,1.5,,,,,,,,,,,,,,,,,
041044,Pesaro,FULECAR1000,Autovetture elettriche - per 1.000 autovetture,2021,3.9,,,,,,,,,,,,,,,,,
041044,Pesaro,FULECAR1000,Autovetture elettriche - per 1.000 autovetture,2022,5.1,,,,,,,,,,,,,,,,,
041044,Pesaro,FULECAR1000,Autovetture elettriche - per 1.000 autovetture,2023,6.9,,,,,,,,,,,,,,,,,
042002,Ancona,FULECAR1000,Autovetture elettriche - per 1.000 autovetture,2015,0.1,,,,,,,,,,,,,,,,,
042002,Ancona,FULECAR1000,Autovetture elettriche - per 1.000 autovetture,2016,0.1,,,,,,,,,,,,,,,,,
042002,Ancona,FULECAR1000,Autovetture elettriche - per 1.000 autovetture,2017,0.1,,,,,,,,,,,,,,,,,
042002,Ancona,FULECAR1000,Autovetture elettriche - per 1.000 autovetture,2018,0.3,,,,,,,,,,,,,,,,,
042002,Ancona,FULECAR1000,Autovetture elettriche - per 1.000 autovetture,2019,0.5,,,,,,,,,,,,,,,,,
042002,Ancona,FULECAR1000,Autovetture elettriche - per 1.000 autovetture,2020,1.5,,,,,,,,,,,,,,,,,
042002,Ancona,FULECAR1000,Autovetture elettriche - per 1.000 autovetture,2021,3.5,,,,,,,,,,,,,,,,,
042002,Ancona,FULECAR1000,Autovetture elettriche - per 1.000 autovetture,2022,4.4,,,,,,,,,,,,,,,,,
042002,Ancona,FULECAR1000,Autovetture elettriche - per 1.000 autovetture,2023,6.4,,,,,,,,,,,,,,,,,
043023,Macerata,FULECAR1000,Autovetture elettriche - per 1.000 autovetture,2015,..,0.0,Il dato non raggiunge la metà della cifra minima considerata,,,,,,,,,,,,,,,
043023,Macerata,FULECAR1000,Autovetture elettriche - per 1.000 autovetture,2016,..,0.0,Il dato non raggiunge la metà della cifra minima considerata,,,,,,,,,,,,,,,
043023,Macerata,FULECAR1000,Autovetture elettriche - per 1.000 autovetture,2017,0.1,,,,,,,,,,,,,,,,,
043023,Macerata,FULECAR1000,Autovetture elettriche - per 1.000 autovetture,2018,0.1,,,,,,,,,,,,,,,,,
043023,Macerata,FULECAR1000,Autovetture elettriche - per 1.000 autovetture,2019,0.3,,,,,,,,,,,,,,,,,
043023,Macerata,FULECAR1000,Autovetture elettriche - per 1.000 autovetture,2020,0.7,,,,,,,,,,,,,,,,,
043023,Macerata,FULECAR1000,Autovetture elettriche - per 1.000 autovetture,2021,2.8,,,,,,,,,,,,,,,,,
043023,Macerata,FULECAR1000,Autovetture elettriche - per 1.000 autovetture,2022,2.8,,,,,,,,,,,,,,,,,
043023,Macerata,FULECAR1000,Autovetture elettriche - per 1.000 autovetture,2023,3.5,,,,,,,,,,,,,,,,,
044007,Ascoli Piceno,FULECAR1000,Autovetture elettriche - per 1.000 autovetture,2015,0.1,,,,,,,,,,,,,,,,,
044007,Ascoli Piceno,FULECAR1000,Autovetture elettriche - per 1.000 autovetture,2016,0.1,,,,,,,,,,,,,,,,,
044007,Ascoli Piceno,FULECAR1000,Autovetture elettriche - per 1.000 autovetture,2017,0.1,,,,,,,,,,,,,,,,,
044007,Ascoli Piceno,FULECAR1000,Autovetture elettriche - per 1.000 autovetture,2018,0.2,,,,,,,,,,,,,,,,,
044007,Ascoli Piceno,FULECAR1000,Autovetture elettriche - per 1.000 autovetture,2019,0.2,,,,,,,,,,,,,,,,,
044007,Ascoli Piceno,FULECAR1000,Autovetture elettriche - per 1.000 autovetture,2020,0.7,,,,,,,,,,,,,,,,,
044007,Ascoli Piceno,FULECAR1000,Autovetture elettriche - per 1.000 autovetture,2021,2.3,,,,,,,,,,,,,,,,,
044007,Ascoli Piceno,FULECAR1000,Autovetture elettriche - per 1.000 autovetture,2022,3.4,,,,,,,,,,,,,,,,,
044007,Ascoli Piceno,FULECAR1000,Autovetture elettriche - per 1.000 autovetture,2023,4.3,,,,,,,,,,,,,,,,,
109006,Fermo,FULECAR1000,Autovetture elettriche - per 1.000 autovetture,2015,0.2,,,ITTER107__109006_N1,Comune incluso nella rilevazione a partire dal 2010,,,,,,,,,,,,,
109006,Fermo,FULECAR1000,Autovetture elettriche - per 1.000 autovetture,2016,0.2,,,ITTER107__109006_N1,Comune incluso nella rilevazione a partire dal 2010,,,,,,,,,,,,,
109006,Fermo,FULECAR1000,Autovetture elettriche - per 1.000 autovetture,2017,0.3,,,ITTER107__109006_N1,Comune incluso nella rilevazione a partire dal 2010,,,,,,,,,,,,,
109006,Fermo,FULECAR1000,Autovetture elettriche - per 1.000 autovetture,2018,0.3,,,ITTER107__109006_N1,Comune incluso nella rilevazione a partire dal 2010,,,,,,,,,,,,,
109006,Fermo,FULECAR1000,Autovetture elettriche - per 1.000 autovetture,2019,0.7,,,ITTER107__109006_N1,Comune incluso nella rilevazione a partire dal 2010,,,,,,,,,,,,,
109006,Fermo,FULECAR1000,Autovetture elettriche - per 1.000 autovetture,2020,1.2,,,ITTER107__109006_N1,Comune incluso nella rilevazione a partire dal 2010,,,,,,,,,,,,,
109006,Fermo,FULECAR1000,Autovetture elettriche - per 1.000 autovetture,2021,2.4,,,ITTER107__109006_N1,Comune incluso nella rilevazione a partire dal 2010,,,,,,,,,,,,,
109006,Fermo,FULECAR1000,Autovetture elettriche - per 1.000 autovetture,2022,3.5,,,ITTER107__109006_N1,Comune incluso nella rilevazione a partire dal 2010,,,,,,,,,,,,,
109006,Fermo,FULECAR1000,Autovetture elettriche - per 1.000 autovetture,2023,4.1,,,ITTER107__109006_N1,Comune incluso nella rilevazione a partire dal 2010,,,,,,,,,,,,,
056059,Viterbo,FULECAR1000,Autovetture elettriche - per 1.000 autovetture,2015,0.1,,,,,,,,,,,,,,,,,
056059,Viterbo,FULECAR1000,Autovetture elettriche - per 1.000 autovetture,2016,0.1,,,,,,,,,,,,,,,,,
056059,Viterbo,FULECAR1000,Autovetture elettriche - per 1.000 autovetture,2017,0.2,,,,,,,,,,,,,,,,,
056059,Viterbo,FULECAR1000,Autovetture elettriche - per 1.000 autovetture,2018,0.2,,,,,,,,,,,,,,,,,
056059,Viterbo,FULECAR1000,Autovetture elettriche - per 1.000 autovetture,2019,0.5,,,,,,,,,,,,,,,,,
056059,Viterbo,FULECAR1000,Autovetture elettriche - per 1.000 autovetture,2020,0.9,,,,,,,,,,,,,,,,,
056059,Viterbo,FULECAR1000,Autovetture elettriche - per 1.000 autovetture,2021,2.5,,,,,,,,,,,,,,,,,
056059,Viterbo,FULECAR1000,Autovetture elettriche - per 1.000 autovetture,2022,3.7,,,,,,,,,,,,,,,,,
056059,Viterbo,FULECAR1000,Autovetture elettriche - per 1.000 autovetture,2023,5,,,,,,,,,,,,,,,,,
057059,Rieti,FULECAR1000,Autovetture elettriche - per 1.000 autovetture,2015,0.2,,,,,,,,,,,,,,,,,
057059,Rieti,FULECAR1000,Autovetture elettriche - per 1.000 autovetture,2016,0.1,,,,,,,,,,,,,,,,,
057059,Rieti,FULECAR1000,Autovetture elettriche - per 1.000 autovetture,2017,0.2,,,,,,,,,,,,,,,,,
057059,Rieti,FULECAR1000,Autovetture elettriche - per 1.000 autovetture,2018,0.3,,,,,,,,,,,,,,,,,
057059,Rieti,FULECAR1000,Autovetture elettriche - per 1.000 autovetture,2019,0.4,,,,,,,,,,,,,,,,,
057059,Rieti,FULECAR1000,Autovetture elettriche - per 1.000 autovetture,2020,0.9,,,,,,,,,,,,,,,,,
057059,Rieti,FULECAR1000,Autovetture elettriche - per 1.000 autovetture,2021,2.2,,,,,,,,,,,,,,,,,
057059,Rieti,FULECAR1000,Autovetture elettriche - per 1.000 autovetture,2022,3.1,,,,,,,,,,,,,,,,,
057059,Rieti,FULECAR1000,Autovetture elettriche - per 1.000 autovetture,2023,3.8,,,,,,,,,,,,,,,,,
058091,Roma,FULECAR1000,Autovetture elettriche - per 1.000 autovetture,2015,0.3,,,,,,,,,,,,,,,,,
058091,Roma,FULECAR1000,Autovetture elettriche - per 1.000 autovetture,2016,0.3,,,,,,,,,,,,,,,,,
058091,Roma,FULECAR1000,Autovetture elettriche - per 1.000 autovetture,2017,0.4,,,,,,,,,,,,,,,,,
058091,Roma,FULECAR1000,Autovetture elettriche - per 1.000 autovetture,2018,0.6,,,,,,,,,,,,,,,,,
058091,Roma,FULECAR1000,Autovetture elettriche - per 1.000 autovetture,2019,1,,,,,,,,,,,,,,,,,
058091,Roma,FULECAR1000,Autovetture elettriche - per 1.000 autovetture,2020,2,,,,,,,,,,,,,,,,,
058091,Roma,FULECAR1000,Autovetture elettriche - per 1.000 autovetture,2021,4,,,,,,,,,,,,,,,,,
058091,Roma,FULECAR1000,Autovetture elettriche - per 1.000 autovetture,2022,5.3,,,,,,,,,,,,,,,,,
058091,Roma,FULECAR1000,Autovetture elettriche - per 1.000 autovetture,2023,7.7,,,,,,,,,,,,,,,,,
059011,Latina,FULECAR1000,Autovetture elettriche - per 1.000 autovetture,2015,0.1,,,,,,,,,,,,,,,,,
059011,Latina,FULECAR1000,Autovetture elettriche - per 1.000 autovetture,2016,0.2,,,,,,,,,,,,,,,,,
059011,Latina,FULECAR1000,Autovetture elettriche - per 1.000 autovetture,2017,0.2,,,,,,,,,,,,,,,,,
059011,Latina,FULECAR1000,Autovetture elettriche - per 1.000 autovetture,2018,0.4,,,,,,,,,,,,,,,,,
059011,Latina,FULECAR1000,Autovetture elettriche - per 1.000 autovetture,2019,0.7,,,,,,,,,,,,,,,,,
059011,Latina,FULECAR1000,Autovetture elettriche - per 1.000 autovetture,2020,1.3,,,,,,,,,,,,,,,,,
059011,Latina,FULECAR1000,Autovetture elettriche - per 1.000 autovetture,2021,3.3,,,,,,,,,,,,,,,,,
059011,Latina,FULECAR1000,Autovetture elettriche - per 1.000 autovetture,2022,4.6,,,,,,,,,,,,,,,,,
059011,Latina,FULECAR1000,Autovetture elettriche - per 1.000 autovetture,2023,6.1,,,,,,,,,,,,,,,,,
060038,Frosinone,FULECAR1000,Autovetture elettriche - per 1.000 autovetture,2015,..,0.0,Il dato non raggiunge la metà della cifra minima considerata,,,,,,,,,,,,,,,
060038,Frosinone,FULECAR1000,Autovetture elettriche - per 1.000 autovetture,2016,0.2,,,,,,,,,,,,,,,,,
060038,Frosinone,FULECAR1000,Autovetture elettriche - per 1.000 autovetture,2017,0.2,,,,,,,,,,,,,,,,,
060038,Frosinone,FULECAR1000,Autovetture elettriche - per 1.000 autovetture,2018,0.1,,,,,,,,,,,,,,,,,
060038,Frosinone,FULECAR1000,Autovetture elettriche - per 1.000 autovetture,2019,0.5,,,,,,,,,,,,,,,,,
060038,Frosinone,FULECAR1000,Autovetture elettriche - per 1.000 autovetture,2020,1.1,,,,,,,,,,,,,,,,,
060038,Frosinone,FULECAR1000,Autovetture elettriche - per 1.000 autovetture,2021,3.1,,,,,,,,,,,,,,,,,
060038,Frosinone,FULECAR1000,Autovetture elettriche - per 1.000 autovetture,2022,4.6,,,,,,,,,,,,,,,,,
060038,Frosinone,FULECAR1000,Autovetture elettriche - per 1.000 autovetture,2023,6.7,,,,,,,,,,,,,,,,,
ITFG,Mezzogiorno,FULECAR1000,Autovetture elettriche - per 1.000 autovetture,2015,0.1,,,ITTER107__ITFG_N1,"'Valori riferiti all""'insieme dei comuni capoluogo. Italia", Nord, Nord-est e Capoluoghi di provincia non includono il comune di Cesena.',,,,,,,,,,,
ITFG,Mezzogiorno,FULECAR1000,Autovetture elettriche - per 1.000 autovetture,2016,0.1,,,ITTER107__ITFG_N1,"'Valori riferiti all""'insieme dei comuni capoluogo. Italia", Nord, Nord-est e Capoluoghi di provincia non includono il comune di Cesena.',,,,,,,,,,,
ITFG,Mezzogiorno,FULECAR1000,Autovetture elettriche - per 1.000 autovetture,2017,0.2,,,ITTER107__ITFG_N1,"'Valori riferiti all""'insieme dei comuni capoluogo. Italia", Nord, Nord-est e Capoluoghi di provincia non includono il comune di Cesena.',,,,,,,,,,,
ITFG,Mezzogiorno,FULECAR1000,Autovetture elettriche - per 1.000 autovetture,2018,0.2,,,ITTER107__ITFG_N1,"'Valori riferiti all""'insieme dei comuni capoluogo. Italia", Nord, Nord-est e Capoluoghi di provincia non includono il comune di Cesena.',,,,,,,,,,,
ITFG,Mezzogiorno,FULECAR1000,Autovetture elettriche - per 1.000 autovetture,2019,0.4,,,ITTER107__ITFG_N1,"'Valori riferiti all""'insieme dei comuni capoluogo. Italia", Nord, Nord-est e Capoluoghi di provincia non includono il comune di Cesena.',,,,,,,,,,,
ITFG,Mezzogiorno,FULECAR1000,Autovetture elettriche - per 1.000 autovetture,2020,0.9,,,ITTER107__ITFG_N1,"'Valori riferiti all""'insieme dei comuni capoluogo. Italia", Nord, Nord-est e Capoluoghi di provincia non includono il comune di Cesena.',,,,,,,,,,,
ITFG,Mezzogiorno,FULECAR1000,Autovetture elettriche - per 1.000 autovetture,2021,2.1,,,ITTER107__ITFG_N1,"'Valori riferiti all""'insieme dei comuni capoluogo. Italia", Nord, Nord-est e Capoluoghi di provincia non includono il comune di Cesena.',,,,,,,,,,,
ITFG,Mezzogiorno,FULECAR1000,Autovetture elettriche - per 1.000 autovetture,2022,2.8,,,ITTER107__ITFG_N1,"'Valori riferiti all""'insieme dei comuni capoluogo. Italia", Nord, Nord-est e Capoluoghi di provincia non includono il comune di Cesena.',,,,,,,,,,,
ITFG,Mezzogiorno,FULECAR1000,Autovetture elettriche - per 1.000 autovetture,2023,3.8,,,ITTER107__ITFG_N1,"'Valori riferiti all""'insieme dei comuni capoluogo. Italia", Nord, Nord-est e Capoluoghi di provincia non includono il comune di Cesena.',,,,,,,,,,,
ITF,Sud,FULECAR1000,Autovetture elettriche - per 1.000 autovetture,2015,0.1,,,ITTER107__ITF_N1,"'Valori riferiti all""'insieme dei comuni capoluogo. Italia", Nord, Nord-est e Capoluoghi di provincia non includono il comune di Cesena.',,,,,,,,,,,
ITF,Sud,FULECAR1000,Autovetture elettriche - per 1.000 autovetture,2016,0.1,,,ITTER107__ITF_N1,"'Valori riferiti all""'insieme dei comuni capoluogo. Italia", Nord, Nord-est e Capoluoghi di provincia non includono il comune di Cesena.',,,,,,,,,,,
ITF,Sud,FULECAR1000,Autovetture elettriche - per 1.000 autovetture,2017,0.1,,,ITTER107__ITF_N1,"'Valori riferiti all""'insieme dei comuni capoluogo. Italia", Nord, Nord-est e Capoluoghi di provincia non includono il comune di Cesena.',,,,,,,,,,,
ITF,Sud,FULECAR1000,Autovetture elettriche - per 1.000 autovetture,2018,0.2,,,ITTER107__ITF_N1,"'Valori riferiti all""'insieme dei comuni capoluogo. Italia", Nord, Nord-est e Capoluoghi di provincia non includono il comune di Cesena.',,,,,,,,,,,
ITF,Sud,FULECAR1000,Autovetture elettriche - per 1.000 autovetture,2019,0.4,,,ITTER107__ITF_N1,"'Valori riferiti all""'insieme dei comuni capoluogo. Italia", Nord, Nord-est e Capoluoghi di provincia non includono il comune di Cesena.',,,,,,,,,,,
ITF,Sud,FULECAR1000,Autovetture elettriche - per 1.000 autovetture,2020,0.8,,,ITTER107__ITF_N1,"'Valori riferiti all""'insieme dei comuni capoluogo. Italia", Nord, Nord-est e Capoluoghi di provincia non includono il comune di Cesena.',,,,,,,,,,,
ITF,Sud,FULECAR1000,Autovetture elettriche - per 1.000 autovetture,2021,2,,,ITTER107__ITF_N1,"'Valori riferiti all""'insieme dei comuni capoluogo. Italia", Nord, Nord-est e Capoluoghi di provincia non includono il comune di Cesena.',,,,,,,,,,,
ITF,Sud,FULECAR1000,Autovetture elettriche - per 1.000 autovetture,2022,2.6,,,ITTER107__ITF_N1,"'Valori riferiti all""'insieme dei comuni capoluogo. Italia", Nord, Nord-est e Capoluoghi di provincia non includono il comune di Cesena.',,,,,,,,,,,
ITF,Sud,FULECAR1000,Autovetture elettriche - per 1.000 autovetture,2023,3.6,,,ITTER107__ITF_N1,"'Valori riferiti all""'insieme dei comuni capoluogo. Italia", Nord, Nord-est e Capoluoghi di provincia non includono il comune di Cesena.',,,,,,,,,,,
066049,"'L""'Aquila'",FULECAR1000,Autovetture elettriche - per 1.000 autovetture,2015,0.1,,,,,,,,,,,,,,,,,
066049,"'L""'Aquila'",FULECAR1000,Autovetture elettriche - per 1.000 autovetture,2016,0.1,,,,,,,,,,,,,,,,,
066049,"'L""'Aquila'",FULECAR1000,Autovetture elettriche - per 1.000 autovetture,2017,0.1,,,,,,,,,,,,,,,,,
066049,"'L""'Aquila'",FULECAR1000,Autovetture elettriche - per 1.000 autovetture,2018,0.3,,,,,,,,,,,,,,,,,
066049,"'L""'Aquila'",FULECAR1000,Autovetture elettriche - per 1.000 autovetture,2019,0.6,,,,,,,,,,,,,,,,,
066049,"'L""'Aquila'",FULECAR1000,Autovetture elettriche - per 1.000 autovetture,2020,1.4,,,,,,,,,,,,,,,,,
066049,"'L""'Aquila'",FULECAR1000,Autovetture elettriche - per 1.000 autovetture,2021,3.5,,,,,,,,,,,,,,,,,
066049,"'L""'Aquila'",FULECAR1000,Autovetture elettriche - per 1.000 autovetture,2022,4.6,,,,,,,,,,,,,,,,,
066049,"'L""'Aquila'",FULECAR1000,Autovetture elettriche - per 1.000 autovetture,2023,6.2,,,,,,,,,,,,,,,,,
067041,Teramo,FULECAR1000,Autovetture elettriche - per 1.000 autovetture,2015,0.2,,,,,,,,,,,,,,,,,
067041,Teramo,FULECAR1000,Autovetture elettriche - per 1.000 autovetture,2016,0.2,,,,,,,,,,,,,,,,,
067041,Teramo,FULECAR1000,Autovetture elettriche - per 1.000 autovetture,2017,0.2,,,,,,,,,,,,,,,,,
067041,Teramo,FULECAR1000,Autovetture elettriche - per 1.000 autovetture,2018,0.2,,,,,,,,,,,,,,,,,
067041,Teramo,FULECAR1000,Autovetture elettriche - per 1.000 autovetture,2019,0.4,,,,,,,,,,,,,,,,,
067041,Teramo,FULECAR1000,Autovetture elettriche - per 1.000 autovetture,2020,1.1,,,,,,,,,,,,,,,,,
067041,Teramo,FULECAR1000,Autovetture elettriche - per 1.000 autovetture,2021,2.7,,,,,,,,,,,,,,,,,
067041,Teramo,FULECAR1000,Autovetture elettriche - per 1.000 autovetture,2022,3.8,,,,,,,,,,,,,,,,,
067041,Teramo,FULECAR1000,Autovetture elettriche - per 1.000 autovetture,2023,5.5,,,,,,,,,,,,,,,,,
068028,Pescara,FULECAR1000,Autovetture elettriche - per 1.000 autovetture,2015,0.1,,,,,,,,,,,,,,,,,
068028,Pescara,FULECAR1000,Autovetture elettriche - per 1.000 autovetture,2016,0.1,,,,,,,,,,,,,,,,,
068028,Pescara,FULECAR1000,Autovetture elettriche - per 1.000 autovetture,2017,0.1,,,,,,,,,,,,,,,,,
068028,Pescara,FULECAR1000,Autovetture elettriche - per 1.000 autovetture,2018,0.2,,,,,,,,,,,,,,,,,
068028,Pescara,FULECAR1000,Autovetture elettriche - per 1.000 autovetture,2019,0.5,,,,,,,,,,,,,,,,,
068028,Pescara,FULECAR1000,Autovetture elettriche - per 1.000 autovetture,2020,1.1,,,,,,,,,,,,,,,,,
068028,Pescara,FULECAR1000,Autovetture elettriche - per 1.000 autovetture,2021,2.9,,,,,,,,,,,,,,,,,
068028,Pescara,FULECAR1000,Autovetture elettriche - per 1.000 autovetture,2022,4.5,,,,,,,,,,,,,,,,,
068028,Pescara,FULECAR1000,Autovetture elettriche - per 1.000 autovetture,2023,6.2,,,,,,,,,,,,,,,,,
069022,Chieti,FULECAR1000,Autovetture elettriche - per 1.000 autovetture,2015,0.1,,,,,,,,,,,,,,,,,
069022,Chieti,FULECAR1000,Autovetture elettriche - per 1.000 autovetture,2016,..,0.0,Il dato non raggiunge la metà della cifra minima considerata,,,,,,,,,,,,,,,
069022,Chieti,FULECAR1000,Autovetture elettriche - per 1.000 autovetture,2017,0.1,,,,,,,,,,,,,,,,,
069022,Chieti,FULECAR1000,Autovetture elettriche - per 1.000 autovetture,2018,0.2,,,,,,,,,,,,,,,,,
069022,Chieti,FULECAR1000,Autovetture elettriche - per 1.000 autovetture,2019,1.2,,,,,,,,,,,,,,,,,
069022,Chieti,FULECAR1000,Autovetture elettriche - per 1.000 autovetture,2020,1.4,,,,,,,,,,,,,,,,,
069022,Chieti,FULECAR1000,Autovetture elettriche - per 1.000 autovetture,2021,2.7,,,,,,,,,,,,,,,,,
069022,Chieti,FULECAR1000,Autovetture elettriche - per 1.000 autovetture,2022,3.4,,,,,,,,,,,,,,,,,
069022,Chieti,FULECAR1000,Autovetture elettriche - per 1.000 autovetture,2023,4.9,,,,,,,,,,,,,,,,,
070006,Campobasso,FULECAR1000,Autovetture elettriche - per 1.000 autovetture,2015,..,0.0,Il dato non raggiunge la metà della cifra minima considerata,,,,,,,,,,,,,,,
070006,Campobasso,FULECAR1000,Autovetture elettriche - per 1.000 autovetture,2016,0.1,,,,,,,,,,,,,,,,,
070006,Campobasso,FULECAR1000,Autovetture elettriche - per 1.000 autovetture,2017,0.2,,,,,,,,,,,,,,,,,
070006,Campobasso,FULECAR1000,Autovetture elettriche - per 1.000 autovetture,2018,0.1,,,,,,,,,,,,,,,,,
070006,Campobasso,FULECAR1000,Autovetture elettriche - per 1.000 autovetture,2019,0.3,,,,,,,,,,,,,,,,,
070006,Campobasso,FULECAR1000,Autovetture elettriche - per 1.000 autovetture,2020,0.9,,,,,,,,,,,,,,,,,
070006,Campobasso,FULECAR1000,Autovetture elettriche - per 1.000 autovetture,2021,2.1,,,,,,,,,,,,,,,,,
070006,Campobasso,FULECAR1000,Autovetture elettriche - per 1.000 autovetture,2022,2.9,,,,,,,,,,,,,,,,,
070006,Campobasso,FULECAR1000,Autovetture elettriche - per 1.000 autovetture,2023,3.6,,,,,,,,,,,,,,,,,
094023,Isernia,FULECAR1000,Autovetture elettriche - per 1.000 autovetture,2015,0.1,,,,,,,,,,,,,,,,,
094023,Isernia,FULECAR1000,Autovetture elettriche - per 1.000 autovetture,2016,0.1,,,,,,,,,,,,,,,,,
094023,Isernia,FULECAR1000,Autovetture elettriche - per 1.000 autovetture,2017,0.1,,,,,,,,,,,,,,,,,
094023,Isernia,FULECAR1000,Autovetture elettriche - per 1.000 autovetture,2018,0.2,,,,,,,,,,,,,,,,,
094023,Isernia,FULECAR1000,Autovetture elettriche - per 1.000 autovetture,2019,0.2,,,,,,,,,,,,,,,,,
094023,Isernia,FULECAR1000,Autovetture elettriche - per 1.000 autovetture,2020,1.1,,,,,,,,,,,,,,,,,
094023,Isernia,FULECAR1000,Autovetture elettriche - per 1.000 autovetture,2021,2,,,,,,,,,,,,,,,,,
094023,Isernia,FULECAR1000,Autovetture elettriche - per 1.000 autovetture,2022,2.8,,,,,,,,,,,,,,,,,
094023,Isernia,FULECAR1000,Autovetture elettriche - per 1.000 autovetture,2023,4.2,,,,,,,,,,,,,,,,,
061022,Caserta,FULECAR1000,Autovetture elettriche - per 1.000 autovetture,2015,0.1,,,,,,,,,,,,,,,,,
061022,Caserta,FULECAR1000,Autovetture elettriche - per 1.000 autovetture,2016,0.1,,,,,,,,,,,,,,,,,
061022,Caserta,FULECAR1000,Autovetture elettriche - per 1.000 autovetture,2017,0.1,,,,,,,,,,,,,,,,,
061022,Caserta,FULECAR1000,Autovetture elettriche - per 1.000 autovetture,2018,0.2,,,,,,,,,,,,,,,,,
061022,Caserta,FULECAR1000,Autovetture elettriche - per 1.000 autovetture,2019,0.3,,,,,,,,,,,,,,,,,
061022,Caserta,FULECAR1000,Autovetture elettriche - per 1.000 autovetture,2020,1.1,,,,,,,,,,,,,,,,,
061022,Caserta,FULECAR1000,Autovetture elettriche - per 1.000 autovetture,2021,2.9,,,,,,,,,,,,,,,,,
061022,Caserta,FULECAR1000,Autovetture elettriche - per 1.000 autovetture,2022,3.8,,,,,,,,,,,,,,,,,
061022,Caserta,FULECAR1000,Autovetture elettriche - per 1.000 autovetture,2023,6.1,,,,,,,,,,,,,,,,,
062008,Benevento,FULECAR1000,Autovetture elettriche - per 1.000 autovetture,2015,0.1,,,,,,,,,,,,,,,,,
062008,Benevento,FULECAR1000,Autovetture elettriche - per 1.000 autovetture,2016,0.1,,,,,,,,,,,,,,,,,
062008,Benevento,FULECAR1000,Autovetture elettriche - per 1.000 autovetture,2017,0.2,,,,,,,,,,,,,,,,,
062008,Benevento,FULECAR1000,Autovetture elettriche - per 1.000 autovetture,2018,0.1,,,,,,,,,,,,,,,,,
062008,Benevento,FULECAR1000,Autovetture elettriche - per 1.000 autovetture,2019,0.3,,,,,,,,,,,,,,,,,
062008,Benevento,FULECAR1000,Autovetture elettriche - per 1.000 autovetture,2020,0.8,,,,,,,,,,,,,,,,,
062008,Benevento,FULECAR1000,Autovetture elettriche - per 1.000 autovetture,2021,2.1,,,,,,,,,,,,,,,,,
062008,Benevento,FULECAR1000,Autovetture elettriche - per 1.000 autovetture,2022,2.3,,,,,,,,,,,,,,,,,
062008,Benevento,FULECAR1000,Autovetture elettriche - per 1.000 autovetture,2023,3.3,,,,,,,,,,,,,,,,,
063049,Napoli,FULECAR1000,Autovetture elettriche - per 1.000 autovetture,2015,0.1,,,,,,,,,,,,,,,,,
063049,Napoli,FULECAR1000,Autovetture elettriche - per 1.000 autovetture,2016,0.1,,,,,,,,,,,,,,,,,
063049,Napoli,FULECAR1000,Autovetture elettriche - per 1.000 autovetture,2017,0.1,,,,,,,,,,,,,,,,,
063049,Napoli,FULECAR1000,Autovetture elettriche - per 1.000 autovetture,2018,0.2,,,,,,,,,,,,,,,,,
063049,Napoli,FULECAR1000,Autovetture elettriche - per 1.000 autovetture,2019,0.3,,,,,,,,,,,,,,,,,
063049,Napoli,FULECAR1000,Autovetture elettriche - per 1.000 autovetture,2020,0.6,,,,,,,,,,,,,,,,,
063049,Napoli,FULECAR1000,Autovetture elettriche - per 1.000 autovetture,2021,1.3,,,,,,,,,,,,,,,,,
063049,Napoli,FULECAR1000,Autovetture elettriche - per 1.000 autovetture,2022,1.9,,,,,,,,,,,,,,,,,
063049,Napoli,FULECAR1000,Autovetture elettriche - per 1.000 autovetture,2023,2.6,,,,,,,,,,,,,,,,,
064008,Avellino,FULECAR1000,Autovetture elettriche - per 1.000 autovetture,2015,0.2,,,,,,,,,,,,,,,,,
064008,Avellino,FULECAR1000,Autovetture elettriche - per 1.000 autovetture,2016,0.2,,,,,,,,,,,,,,,,,
064008,Avellino,FULECAR1000,Autovetture elettriche - per 1.000 autovetture,2017,0.2,,,,,,,,,,,,,,,,,
064008,Avellino,FULECAR1000,Autovetture elettriche - per 1.000 autovetture,2018,0.1,,,,,,,,,,,,,,,,,
064008,Avellino,FULECAR1000,Autovetture elettriche - per 1.000 autovetture,2019,0.4,,,,,,,,,,,,,,,,,
064008,Avellino,FULECAR1000,Autovetture elettriche - per 1.000 autovetture,2020,1,,,,,,,,,,,,,,,,,
064008,Avellino,FULECAR1000,Autovetture elettriche - per 1.000 autovetture,2021,2.2,,,,,,,,,,,,,,,,,
064008,Avellino,FULECAR1000,Autovetture elettriche - per 1.000 autovetture,2022,2.9,,,,,,,,,,,,,,,,,
064008,Avellino,FULECAR1000,Autovetture elettriche - per 1.000 autovetture,2023,3.9,,,,,,,,,,,,,,,,,
065116,Salerno,FULECAR1000,Autovetture elettriche - per 1.000 autovetture,2015,0.1,,,,,,,,,,,,,,,,,
065116,Salerno,FULECAR1000,Autovetture elettriche - per 1.000 autovetture,2016,0.1,,,,,,,,,,,,,,,,,
065116,Salerno,FULECAR1000,Autovetture elettriche - per 1.000 autovetture,2017,0.2,,,,,,,,,,,,,,,,,
065116,Salerno,FULECAR1000,Autovetture elettriche - per 1.000 autovetture,2018,0.3,,,,,,,,,,,,,,,,,
065116,Salerno,FULECAR1000,Autovetture elettriche - per 1.000 autovetture,2019,0.3,,,,,,,,,,,,,,,,,
065116,Salerno,FULECAR1000,Autovetture elettriche - per 1.000 autovetture,2020,0.8,,,,,,,,,,,,,,,,,
065116,Salerno,FULECAR1000,Autovetture elettriche - per 1.000 autovetture,2021,2.7,,,,,,,,,,,,,,,,,
065116,Salerno,FULECAR1000,Autovetture elettriche - per 1.000 autovetture,2022,3.8,,,,,,,,,,,,,,,,,
065116,Salerno,FULECAR1000,Autovetture elettriche - per 1.000 autovetture,2023,5,,,,,,,,,,,,,,,,,
071024,Foggia,FULECAR1000,Autovetture elettriche - per 1.000 autovetture,2015,0.1,,,,,,,,,,,,,,,,,
071024,Foggia,FULECAR1000,Autovetture elettriche - per 1.000 autovetture,2016,0.1,,,,,,,,,,,,,,,,,
071024,Foggia,FULECAR1000,Autovetture elettriche - per 1.000 autovetture,2017,0.1,,,,,,,,,,,,,,,,,
071024,Foggia,FULECAR1000,Autovetture elettriche - per 1.000 autovetture,2018,0.2,,,,,,,,,,,,,,,,,
071024,Foggia,FULECAR1000,Autovetture elettriche - per 1.000 autovetture,2019,0.2,,,,,,,,,,,,,,,,,
071024,Foggia,FULECAR1000,Autovetture elettriche - per 1.000 autovetture,2020,0.7,,,,,,,,,,,,,,,,,
071024,Foggia,FULECAR1000,Autovetture elettriche - per 1.000 autovetture,2021,1.6,,,,,,,,,,,,,,,,,
071024,Foggia,FULECAR1000,Autovetture elettriche - per 1.000 autovetture,2022,2.2,,,,,,,,,,,,,,,,,
071024,Foggia,FULECAR1000,Autovetture elettriche - per 1.000 autovetture,2023,3,,,,,,,,,,,,,,,,,
072006,Bari,FULECAR1000,Autovetture elettriche - per 1.000 autovetture,2015,0.1,,,,,,,,,,,,,,,,,
072006,Bari,FULECAR1000,Autovetture elettriche - per 1.000 autovetture,2016,0.2,,,,,,,,,,,,,,,,,
072006,Bari,FULECAR1000,Autovetture elettriche - per 1.000 autovetture,2017,0.2,,,,,,,,,,,,,,,,,
072006,Bari,FULECAR1000,Autovetture elettriche - per 1.000 autovetture,2018,0.2,,,,,,,,,,,,,,,,,
072006,Bari,FULECAR1000,Autovetture elettriche - per 1.000 autovetture,2019,0.5,,,,,,,,,,,,,,,,,
072006,Bari,FULECAR1000,Autovetture elettriche - per 1.000 autovetture,2020,1.1,,,,,,,,,,,,,,,,,
072006,Bari,FULECAR1000,Autovetture elettriche - per 1.000 autovetture,2021,2.4,,,,,,,,,,,,,,,,,
072006,Bari,FULECAR1000,Autovetture elettriche - per 1.000 autovetture,2022,3,,,,,,,,,,,,,,,,,
072006,Bari,FULECAR1000,Autovetture elettriche - per 1.000 autovetture,2023,4.2,,,,,,,,,,,,,,,,,
073027,Taranto,FULECAR1000,Autovetture elettriche - per 1.000 autovetture,2015,0.1,,,,,,,,,,,,,,,,,
073027,Taranto,FULECAR1000,Autovetture elettriche - per 1.000 autovetture,2016,0.1,,,,,,,,,,,,,,,,,
073027,Taranto,FULECAR1000,Autovetture elettriche - per 1.000 autovetture,2017,0.1,,,,,,,,,,,,,,,,,
073027,Taranto,FULECAR1000,Autovetture elettriche - per 1.000 autovetture,2018,0.2,,,,,,,,,,,,,,,,,
073027,Taranto,FULECAR1000,Autovetture elettriche - per 1.000 autovetture,2019,0.3,,,,,,,,,,,,,,,,,
073027,Taranto,FULECAR1000,Autovetture elettriche - per 1.000 autovetture,2020,0.7,,,,,,,,,,,,,,,,,
073027,Taranto,FULECAR1000,Autovetture elettriche - per 1.000 autovetture,2021,1.7,,,,,,,,,,,,,,,,,
073027,Taranto,FULECAR1000,Autovetture elettriche - per 1.000 autovetture,2022,2.4,,,,,,,,,,,,,,,,,
073027,Taranto,FULECAR1000,Autovetture elettriche - per 1.000 autovetture,2023,3.4,,,,,,,,,,,,,,,,,
074001,Brindisi,FULECAR1000,Autovetture elettriche - per 1.000 autovetture,2015,0.2,,,,,,,,,,,,,,,,,
074001,Brindisi,FULECAR1000,Autovetture elettriche - per 1.000 autovetture,2016,0.1,,,,,,,,,,,,,,,,,
074001,Brindisi,FULECAR1000,Autovetture elettriche - per 1.000 autovetture,2017,0.1,,,,,,,,,,,,,,,,,
074001,Brindisi,FULECAR1000,Autovetture elettriche - per 1.000 autovetture,2018,0.2,,,,,,,,,,,,,,,,,
074001,Brindisi,FULECAR1000,Autovetture elettriche - per 1.000 autovetture,2019,0.3,,,,,,,,,,,,,,,,,
074001,Brindisi,FULECAR1000,Autovetture elettriche - per 1.000 autovetture,2020,0.6,,,,,,,,,,,,,,,,,
074001,Brindisi,FULECAR1000,Autovetture elettriche - per 1.000 autovetture,2021,2,,,,,,,,,,,,,,,,,
074001,Brindisi,FULECAR1000,Autovetture elettriche - per 1.000 autovetture,2022,2.7,,,,,,,,,,,,,,,,,
074001,Brindisi,FULECAR1000,Autovetture elettriche - per 1.000 autovetture,2023,3.7,,,,,,,,,,,,,,,,,
075035,Lecce,FULECAR1000,Autovetture elettriche - per 1.000 autovetture,2015,0.1,,,,,,,,,,,,,,,,,
075035,Lecce,FULECAR1000,Autovetture elettriche - per 1.000 autovetture,2016,0.2,,,,,,,,,,,,,,,,,
075035,Lecce,FULECAR1000,Autovetture elettriche - per 1.000 autovetture,2017,0.1,,,,,,,,,,,,,,,,,
075035,Lecce,FULECAR1000,Autovetture elettriche - per 1.000 autovetture,2018,0.1,,,,,,,,,,,,,,,,,
075035,Lecce,FULECAR1000,Autovetture elettriche - per 1.000 autovetture,2019,0.4,,,,,,,,,,,,,,,,,
075035,Lecce,FULECAR1000,Autovetture elettriche - per 1.000 autovetture,2020,0.9,,,,,,,,,,,,,,,,,
075035,Lecce,FULECAR1000,Autovetture elettriche - per 1.000 autovetture,2021,2.6,,,,,,,,,,,,,,,,,
075035,Lecce,FULECAR1000,Autovetture elettriche - per 1.000 autovetture,2022,2.9,,,,,,,,,,,,,,,,,
075035,Lecce,FULECAR1000,Autovetture elettriche - per 1.000 autovetture,2023,4.1,,,,,,,,,,,,,,,,,
110001,Andria,FULECAR1000,Autovetture elettriche - per 1.000 autovetture,2015,0.1,,,ITTER107__110001_N1,Comune incluso nella rilevazione a partire dal 2010,,,,,,,,,,,,,
110001,Andria,FULECAR1000,Autovetture elettriche - per 1.000 autovetture,2016,0.1,,,ITTER107__110001_N1,Comune incluso nella rilevazione a partire dal 2010,,,,,,,,,,,,,
110001,Andria,FULECAR1000,Autovetture elettriche - per 1.000 autovetture,2017,0.1,,,ITTER107__110001_N1,Comune incluso nella rilevazione a partire dal 2010,,,,,,,,,,,,,
110001,Andria,FULECAR1000,Autovetture elettriche - per 1.000 autovetture,2018,0.2,,,ITTER107__110001_N1,Comune incluso nella rilevazione a partire dal 2010,,,,,,,,,,,,,
110001,Andria,FULECAR1000,Autovetture elettriche - per 1.000 autovetture,2019,0.3,,,ITTER107__110001_N1,Comune incluso nella rilevazione a partire dal 2010,,,,,,,,,,,,,
110001,Andria,FULECAR1000,Autovetture elettriche - per 1.000 autovetture,2020,0.6,,,ITTER107__110001_N1,Comune incluso nella rilevazione a partire dal 2010,,,,,,,,,,,,,
110001,Andria,FULECAR1000,Autovetture elettriche - per 1.000 autovetture,2021,1.3,,,ITTER107__110001_N1,Comune incluso nella rilevazione a partire dal 2010,,,,,,,,,,,,,
110001,Andria,FULECAR1000,Autovetture elettriche - per 1.000 autovetture,2022,1.8,,,ITTER107__110001_N1,Comune incluso nella rilevazione a partire dal 2010,,,,,,,,,,,,,
110001,Andria,FULECAR1000,Autovetture elettriche - per 1.000 autovetture,2023,2.2,,,ITTER107__110001_N1,Comune incluso nella rilevazione a partire dal 2010,,,,,,,,,,,,,
110002,Barletta,FULECAR1000,Autovetture elettriche - per 1.000 autovetture,2015,0.1,,,ITTER107__110002_N1,Comune incluso nella rilevazione a partire dal 2010,,,,,,,,,,,,,
110002,Barletta,FULECAR1000,Autovetture elettriche - per 1.000 autovetture,2016,0.1,,,ITTER107__110002_N1,Comune incluso nella rilevazione a partire dal 2010,,,,,,,,,,,,,
110002,Barletta,FULECAR1000,Autovetture elettriche - per 1.000 autovetture,2017,0.2,,,ITTER107__110002_N1,Comune incluso nella rilevazione a partire dal 2010,,,,,,,,,,,,,
110002,Barletta,FULECAR1000,Autovetture elettriche - per 1.000 autovetture,2018,0.1,,,ITTER107__110002_N1,Comune incluso nella rilevazione a partire dal 2010,,,,,,,,,,,,,
110002,Barletta,FULECAR1000,Autovetture elettriche - per 1.000 autovetture,2019,0.5,,,ITTER107__110002_N1,Comune incluso nella rilevazione a partire dal 2010,,,,,,,,,,,,,
110002,Barletta,FULECAR1000,Autovetture elettriche - per 1.000 autovetture,2020,0.8,,,ITTER107__110002_N1,Comune incluso nella rilevazione a partire dal 2010,,,,,,,,,,,,,
110002,Barletta,FULECAR1000,Autovetture elettriche - per 1.000 autovetture,2021,1.4,,,ITTER107__110002_N1,Comune incluso nella rilevazione a partire dal 2010,,,,,,,,,,,,,
110002,Barletta,FULECAR1000,Autovetture elettriche - per 1.000 autovetture,2022,2.2,,,ITTER107__110002_N1,Comune incluso nella rilevazione a partire dal 2010,,,,,,,,,,,,,
110002,Barletta,FULECAR1000,Autovetture elettriche - per 1.000 autovetture,2023,3,,,ITTER107__110002_N1,Comune incluso nella rilevazione a partire dal 2010,,,,,,,,,,,,,
110009,Trani,FULECAR1000,Autovetture elettriche - per 1.000 autovetture,2015,0.1,,,ITTER107__110009_N1,Comune incluso nella rilevazione a partire dal 2010,,,,,,,,,,,,,
110009,Trani,FULECAR1000,Autovetture elettriche - per 1.000 autovetture,2016,0.1,,,ITTER107__110009_N1,Comune incluso nella rilevazione a partire dal 2010,,,,,,,,,,,,,
110009,Trani,FULECAR1000,Autovetture elettriche - per 1.000 autovetture,2017,0.2,,,ITTER107__110009_N1,Comune incluso nella rilevazione a partire dal 2010,,,,,,,,,,,,,
110009,Trani,FULECAR1000,Autovetture elettriche - per 1.000 autovetture,2018,0.1,,,ITTER107__110009_N1,Comune incluso nella rilevazione a partire dal 2010,,,,,,,,,,,,,
110009,Trani,FULECAR1000,Autovetture elettriche - per 1.000 autovetture,2019,0.3,,,ITTER107__110009_N1,Comune incluso nella rilevazione a partire dal 2010,,,,,,,,,,,,,
110009,Trani,FULECAR1000,Autovetture elettriche - per 1.000 autovetture,2020,1,,,ITTER107__110009_N1,Comune incluso nella rilevazione a partire dal 2010,,,,,,,,,,,,,
110009,Trani,FULECAR1000,Autovetture elettriche - per 1.000 autovetture,2021,1.6,,,ITTER107__110009_N1,Comune incluso nella rilevazione a partire dal 2010,,,,,,,,,,,,,
110009,Trani,FULECAR1000,Autovetture elettriche - per 1.000 autovetture,2022,2.3,,,ITTER107__110009_N1,Comune incluso nella rilevazione a partire dal 2010,,,,,,,,,,,,,
110009,Trani,FULECAR1000,Autovetture elettriche - per 1.000 autovetture,2023,3.3,,,ITTER107__110009_N1,Comune incluso nella rilevazione a partire dal 2010,,,,,,,,,,,,,
076063,Potenza,FULECAR1000,Autovetture elettriche - per 1.000 autovetture,2015,0.1,,,,,,,,,,,,,,,,,
076063,Potenza,FULECAR1000,Autovetture elettriche - per 1.000 autovetture,2016,0.1,,,,,,,,,,,,,,,,,
076063,Potenza,FULECAR1000,Autovetture elettriche - per 1.000 autovetture,2017,0.2,,,,,,,,,,,,,,,,,
076063,Potenza,FULECAR1000,Autovetture elettriche - per 1.000 autovetture,2018,0.2,,,,,,,,,,,,,,,,,
076063,Potenza,FULECAR1000,Autovetture elettriche - per 1.000 autovetture,2019,0.4,,,,,,,,,,,,,,,,,
076063,Potenza,FULECAR1000,Autovetture elettriche - per 1.000 autovetture,2020,0.9,,,,,,,,,,,,,,,,,
076063,Potenza,FULECAR1000,Autovetture elettriche - per 1.000 autovetture,2021,2.4,,,,,,,,,,,,,,,,,
076063,Potenza,FULECAR1000,Autovetture elettriche - per 1.000 autovetture,2022,3.3,,,,,,,,,,,,,,,,,
076063,Potenza,FULECAR1000,Autovetture elettriche - per 1.000 autovetture,2023,4.5,,,,,,,,,,,,,,,,,
077014,Matera,FULECAR1000,Autovetture elettriche - per 1.000 autovetture,2015,0.1,,,,,,,,,,,,,,,,,
077014,Matera,FULECAR1000,Autovetture elettriche - per 1.000 autovetture,2016,0.1,,,,,,,,,,,,,,,,,
077014,Matera,FULECAR1000,Autovetture elettriche - per 1.000 autovetture,2017,0.2,,,,,,,,,,,,,,,,,
077014,Matera,FULECAR1000,Autovetture elettriche - per 1.000 autovetture,2018,0.3,,,,,,,,,,,,,,,,,
077014,Matera,FULECAR1000,Autovetture elettriche - per 1.000 autovetture,2019,0.5,,,,,,,,,,,,,,,,,
077014,Matera,FULECAR1000,Autovetture elettriche - per 1.000 autovetture,2020,1.5,,,,,,,,,,,,,,,,,
077014,Matera,FULECAR1000,Autovetture elettriche - per 1.000 autovetture,2021,3.8,,,,,,,,,,,,,,,,,
077014,Matera,FULECAR1000,Autovetture elettriche - per 1.000 autovetture,2022,3.8,,,,,,,,,,,,,,,,,
077014,Matera,FULECAR1000,Autovetture elettriche - per 1.000 autovetture,2023,6.2,,,,,,,,,,,,,,,,,
078045,Cosenza,FULECAR1000,Autovetture elettriche - per 1.000 autovetture,2015,0.2,,,,,,,,,,,,,,,,,
078045,Cosenza,FULECAR1000,Autovetture elettriche - per 1.000 autovetture,2016,0.2,,,,,,,,,,,,,,,,,
078045,Cosenza,FULECAR1000,Autovetture elettriche - per 1.000 autovetture,2017,0.2,,,,,,,,,,,,,,,,,
078045,Cosenza,FULECAR1000,Autovetture elettriche - per 1.000 autovetture,2018,0.2,,,,,,,,,,,,,,,,,
078045,Cosenza,FULECAR1000,Autovetture elettriche - per 1.000 autovetture,2019,0.4,,,,,,,,,,,,,,,,,
078045,Cosenza,FULECAR1000,Autovetture elettriche - per 1.000 autovetture,2020,0.7,,,,,,,,,,,,,,,,,
078045,Cosenza,FULECAR1000,Autovetture elettriche - per 1.000 autovetture,2021,1.9,,,,,,,,,,,,,,,,,
078045,Cosenza,FULECAR1000,Autovetture elettriche - per 1.000 autovetture,2022,2.9,,,,,,,,,,,,,,,,,
078045,Cosenza,FULECAR1000,Autovetture elettriche - per 1.000 autovetture,2023,3.3,,,,,,,,,,,,,,,,,
079023,Catanzaro,FULECAR1000,Autovetture elettriche - per 1.000 autovetture,2015,0.1,,,,,,,,,,,,,,,,,
079023,Catanzaro,FULECAR1000,Autovetture elettriche - per 1.000 autovetture,2016,0.1,,,,,,,,,,,,,,,,,
079023,Catanzaro,FULECAR1000,Autovetture elettriche - per 1.000 autovetture,2017,0.1,,,,,,,,,,,,,,,,,
079023,Catanzaro,FULECAR1000,Autovetture elettriche - per 1.000 autovetture,2018,0.2,,,,,,,,,,,,,,,,,
079023,Catanzaro,FULECAR1000,Autovetture elettriche - per 1.000 autovetture,2019,0.3,,,,,,,,,,,,,,,,,
079023,Catanzaro,FULECAR1000,Autovetture elettriche - per 1.000 autovetture,2020,1.1,,,,,,,,,,,,,,,,,
079023,Catanzaro,FULECAR1000,Autovetture elettriche - per 1.000 autovetture,2021,2.2,,,,,,,,,,,,,,,,,
079023,Catanzaro,FULECAR1000,Autovetture elettriche - per 1.000 autovetture,2022,2.6,,,,,,,,,,,,,,,,,
079023,Catanzaro,FULECAR1000,Autovetture elettriche - per 1.000 autovetture,2023,3.5,,,,,,,,,,,,,,,,,
080063,Reggio di Calabria,FULECAR1000,Autovetture elettriche - per 1.000 autovetture,2015,0.1,,,,,,,,,,,,,,,,,
080063,Reggio di Calabria,FULECAR1000,Autovetture elettriche - per 1.000 autovetture,2016,0.1,,,,,,,,,,,,,,,,,
080063,Reggio di Calabria,FULECAR1000,Autovetture elettriche - per 1.000 autovetture,2017,0.1,,,,,,,,,,,,,,,,,
080063,Reggio di Calabria,FULECAR1000,Autovetture elettriche - per 1.000 autovetture,2018,0.1,,,,,,,,,,,,,,,,,
080063,Reggio di Calabria,FULECAR1000,Autovetture elettriche - per 1.000 autovetture,2019,0.4,,,,,,,,,,,,,,,,,
080063,Reggio di Calabria,FULECAR1000,Autovetture elettriche - per 1.000 autovetture,2020,0.6,,,,,,,,,,,,,,,,,
080063,Reggio di Calabria,FULECAR1000,Autovetture elettriche - per 1.000 autovetture,2021,2,,,,,,,,,,,,,,,,,
080063,Reggio di Calabria,FULECAR1000,Autovetture elettriche - per 1.000 autovetture,2022,2.3,,,,,,,,,,,,,,,,,
080063,Reggio di Calabria,FULECAR1000,Autovetture elettriche - per 1.000 autovetture,2023,3.4,,,,,,,,,,,,,,,,,
101010,Crotone,FULECAR1000,Autovetture elettriche - per 1.000 autovetture,2015,0.2,,,,,,,,,,,,,,,,,
101010,Crotone,FULECAR1000,Autovetture elettriche - per 1.000 autovetture,2016,0.2,,,,,,,,,,,,,,,,,
101010,Crotone,FULECAR1000,Autovetture elettriche - per 1.000 autovetture,2017,0.3,,,,,,,,,,,,,,,,,
101010,Crotone,FULECAR1000,Autovetture elettriche - per 1.000 autovetture,2018,0.3,,,,,,,,,,,,,,,,,
101010,Crotone,FULECAR1000,Autovetture elettriche - per 1.000 autovetture,2019,0.4,,,,,,,,,,,,,,,,,
101010,Crotone,FULECAR1000,Autovetture elettriche - per 1.000 autovetture,2020,0.6,,,,,,,,,,,,,,,,,
101010,Crotone,FULECAR1000,Autovetture elettriche - per 1.000 autovetture,2021,0.9,,,,,,,,,,,,,,,,,
101010,Crotone,FULECAR1000,Autovetture elettriche - per 1.000 autovetture,2022,1.9,,,,,,,,,,,,,,,,,
101010,Crotone,FULECAR1000,Autovetture elettriche - per 1.000 autovetture,2023,2.3,,,,,,,,,,,,,,,,,
102047,Vibo Valentia,FULECAR1000,Autovetture elettriche - per 1.000 autovetture,2015,..,0.0,Il dato non raggiunge la metà della cifra minima considerata,,,,,,,,,,,,,,,
102047,Vibo Valentia,FULECAR1000,Autovetture elettriche - per 1.000 autovetture,2016,0,,,,,,,,,,,,,,,,,
102047,Vibo Valentia,FULECAR1000,Autovetture elettriche - per 1.000 autovetture,2017,0,,,,,,,,,,,,,,,,,
102047,Vibo Valentia,FULECAR1000,Autovetture elettriche - per 1.000 autovetture,2018,..,0.0,Il dato non raggiunge la metà della cifra minima considerata,,,,,,,,,,,,,,,
102047,Vibo Valentia,FULECAR1000,Autovetture elettriche - per 1.000 autovetture,2019,0.4,,,,,,,,,,,,,,,,,
102047,Vibo Valentia,FULECAR1000,Autovetture elettriche - per 1.000 autovetture,2020,0.4,,,,,,,,,,,,,,,,,
102047,Vibo Valentia,FULECAR1000,Autovetture elettriche - per 1.000 autovetture,2021,1.3,,,,,,,,,,,,,,,,,
102047,Vibo Valentia,FULECAR1000,Autovetture elettriche - per 1.000 autovetture,2022,1.8,,,,,,,,,,,,,,,,,
102047,Vibo Valentia,FULECAR1000,Autovetture elettriche - per 1.000 autovetture,2023,2.9,,,,,,,,,,,,,,,,,
ITG,Isole,FULECAR1000,Autovetture elettriche - per 1.000 autovetture,2015,0.2,,,ITTER107__ITG_N1,"'Valori riferiti all""'insieme dei comuni capoluogo. Italia", Nord, Nord-est e Capoluoghi di provincia non includono il comune di Cesena.',,,,,,,,,,,
ITG,Isole,FULECAR1000,Autovetture elettriche - per 1.000 autovetture,2016,0.2,,,ITTER107__ITG_N1,"'Valori riferiti all""'insieme dei comuni capoluogo. Italia", Nord, Nord-est e Capoluoghi di provincia non includono il comune di Cesena.',,,,,,,,,,,
ITG,Isole,FULECAR1000,Autovetture elettriche - per 1.000 autovetture,2017,0.2,,,ITTER107__ITG_N1,"'Valori riferiti all""'insieme dei comuni capoluogo. Italia", Nord, Nord-est e Capoluoghi di provincia non includono il comune di Cesena.',,,,,,,,,,,
ITG,Isole,FULECAR1000,Autovetture elettriche - per 1.000 autovetture,2018,0.3,,,ITTER107__ITG_N1,"'Valori riferiti all""'insieme dei comuni capoluogo. Italia", Nord, Nord-est e Capoluoghi di provincia non includono il comune di Cesena.',,,,,,,,,,,
ITG,Isole,FULECAR1000,Autovetture elettriche - per 1.000 autovetture,2019,0.5,,,ITTER107__ITG_N1,"'Valori riferiti all""'insieme dei comuni capoluogo. Italia", Nord, Nord-est e Capoluoghi di provincia non includono il comune di Cesena.',,,,,,,,,,,
ITG,Isole,FULECAR1000,Autovetture elettriche - per 1.000 autovetture,2020,1,,,ITTER107__ITG_N1,"'Valori riferiti all""'insieme dei comuni capoluogo. Italia", Nord, Nord-est e Capoluoghi di provincia non includono il comune di Cesena.',,,,,,,,,,,
ITG,Isole,FULECAR1000,Autovetture elettriche - per 1.000 autovetture,2021,2.2,,,ITTER107__ITG_N1,"'Valori riferiti all""'insieme dei comuni capoluogo. Italia", Nord, Nord-est e Capoluoghi di provincia non includono il comune di Cesena.',,,,,,,,,,,
ITG,Isole,FULECAR1000,Autovetture elettriche - per 1.000 autovetture,2022,3,,,ITTER107__ITG_N1,"'Valori riferiti all""'insieme dei comuni capoluogo. Italia", Nord, Nord-est e Capoluoghi di provincia non includono il comune di Cesena.',,,,,,,,,,,
ITG,Isole,FULECAR1000,Autovetture elettriche - per 1.000 autovetture,2023,4.1,,,ITTER107__ITG_N1,"'Valori riferiti all""'insieme dei comuni capoluogo. Italia", Nord, Nord-est e Capoluoghi di provincia non includono il comune di Cesena.',,,,,,,,,,,
081021,Trapani,FULECAR1000,Autovetture elettriche - per 1.000 autovetture,2015,0.1,,,,,,,,,,,,,,,,,
081021,Trapani,FULECAR1000,Autovetture elettriche - per 1.000 autovetture,2016,..,0.0,Il dato non raggiunge la metà della cifra minima considerata,,,,,,,,,,,,,,,
081021,Trapani,FULECAR1000,Autovetture elettriche - per 1.000 autovetture,2017,0.1,,,,,,,,,,,,,,,,,
081021,Trapani,FULECAR1000,Autovetture elettriche - per 1.000 autovetture,2018,0.2,,,,,,,,,,,,,,,,,
081021,Trapani,FULECAR1000,Autovetture elettriche - per 1.000 autovetture,2019,0.5,,,,,,,,,,,,,,,,,
081021,Trapani,FULECAR1000,Autovetture elettriche - per 1.000 autovetture,2020,0.7,,,,,,,,,,,,,,,,,
081021,Trapani,FULECAR1000,Autovetture elettriche - per 1.000 autovetture,2021,1.3,,,,,,,,,,,,,,,,,
081021,Trapani,FULECAR1000,Autovetture elettriche - per 1.000 autovetture,2022,2.1,,,,,,,,,,,,,,,,,
081021,Trapani,FULECAR1000,Autovetture elettriche - per 1.000 autovetture,2023,3.3,,,,,,,,,,,,,,,,,
082053,Palermo,FULECAR1000,Autovetture elettriche - per 1.000 autovetture,2015,0.2,,,,,,,,,,,,,,,,,
082053,Palermo,FULECAR1000,Autovetture elettriche - per 1.000 autovetture,2016,0.2,,,,,,,,,,,,,,,,,
082053,Palermo,FULECAR1000,Autovetture elettriche - per 1.000 autovetture,2017,0.2,,,,,,,,,,,,,,,,,
082053,Palermo,FULECAR1000,Autovetture elettriche - per 1.000 autovetture,2018,0.3,,,,,,,,,,,,,,,,,
082053,Palermo,FULECAR1000,Autovetture elettriche - per 1.000 autovetture,2019,0.5,,,,,,,,,,,,,,,,,
082053,Palermo,FULECAR1000,Autovetture elettriche - per 1.000 autovetture,2020,0.9,,,,,,,,,,,,,,,,,
082053,Palermo,FULECAR1000,Autovetture elettriche - per 1.000 autovetture,2021,1.7,,,,,,,,,,,,,,,,,
082053,Palermo,FULECAR1000,Autovetture elettriche - per 1.000 autovetture,2022,2.3,,,,,,,,,,,,,,,,,
082053,Palermo,FULECAR1000,Autovetture elettriche - per 1.000 autovetture,2023,3,,,,,,,,,,,,,,,,,
083048,Messina,FULECAR1000,Autovetture elettriche - per 1.000 autovetture,2015,0.1,,,,,,,,,,,,,,,,,
083048,Messina,FULECAR1000,Autovetture elettriche - per 1.000 autovetture,2016,0.1,,,,,,,,,,,,,,,,,
083048,Messina,FULECAR1000,Autovetture elettriche - per 1.000 autovetture,2017,0.1,,,,,,,,,,,,,,,,,
083048,Messina,FULECAR1000,Autovetture elettriche - per 1.000 autovetture,2018,0.3,,,,,,,,,,,,,,,,,
083048,Messina,FULECAR1000,Autovetture elettriche - per 1.000 autovetture,2019,0.5,,,,,,,,,,,,,,,,,
083048,Messina,FULECAR1000,Autovetture elettriche - per 1.000 autovetture,2020,0.9,,,,,,,,,,,,,,,,,
083048,Messina,FULECAR1000,Autovetture elettriche - per 1.000 autovetture,2021,2.3,,,,,,,,,,,,,,,,,
083048,Messina,FULECAR1000,Autovetture elettriche - per 1.000 autovetture,2022,3,,,,,,,,,,,,,,,,,
083048,Messina,FULECAR1000,Autovetture elettriche - per 1.000 autovetture,2023,4,,,,,,,,,,,,,,,,,
084001,Agrigento,FULECAR1000,Autovetture elettriche - per 1.000 autovetture,2015,0.1,,,,,,,,,,,,,,,,,
084001,Agrigento,FULECAR1000,Autovetture elettriche - per 1.000 autovetture,2016,0.1,,,,,,,,,,,,,,,,,
084001,Agrigento,FULECAR1000,Autovetture elettriche - per 1.000 autovetture,2017,..,0.0,Il dato non raggiunge la metà della cifra minima considerata,,,,,,,,,,,,,,,
084001,Agrigento,FULECAR1000,Autovetture elettriche - per 1.000 autovetture,2018,0.1,,,,,,,,,,,,,,,,,
084001,Agrigento,FULECAR1000,Autovetture elettriche - per 1.000 autovetture,2019,0.4,,,,,,,,,,,,,,,,,
084001,Agrigento,FULECAR1000,Autovetture elettriche - per 1.000 autovetture,2020,1,,,,,,,,,,,,,,,,,
084001,Agrigento,FULECAR1000,Autovetture elettriche - per 1.000 autovetture,2021,1.9,,,,,,,,,,,,,,,,,
084001,Agrigento,FULECAR1000,Autovetture elettriche - per 1.000 autovetture,2022,2.5,,,,,,,,,,,,,,,,,
084001,Agrigento,FULECAR1000,Autovetture elettriche - per 1.000 autovetture,2023,4.2,,,,,,,,,,,,,,,,,
085004,Caltanissetta,FULECAR1000,Autovetture elettriche - per 1.000 autovetture,2015,0.1,,,,,,,,,,,,,,,,,
085004,Caltanissetta,FULECAR1000,Autovetture elettriche - per 1.000 autovetture,2016,0.1,,,,,,,,,,,,,,,,,
085004,Caltanissetta,FULECAR1000,Autovetture elettriche - per 1.000 autovetture,2017,..,0.0,Il dato non raggiunge la metà della cifra minima considerata,,,,,,,,,,,,,,,
085004,Caltanissetta,FULECAR1000,Autovetture elettriche - per 1.000 autovetture,2018,0.1,,,,,,,,,,,,,,,,,
085004,Caltanissetta,FULECAR1000,Autovetture elettriche - per 1.000 autovetture,2019,0.3,,,,,,,,,,,,,,,,,
085004,Caltanissetta,FULECAR1000,Autovetture elettriche - per 1.000 autovetture,2020,0.7,,,,,,,,,,,,,,,,,
085004,Caltanissetta,FULECAR1000,Autovetture elettriche - per 1.000 autovetture,2021,1.8,,,,,,,,,,,,,,,,,
085004,Caltanissetta,FULECAR1000,Autovetture elettriche - per 1.000 autovetture,2022,2.1,,,,,,,,,,,,,,,,,
085004,Caltanissetta,FULECAR1000,Autovetture elettriche - per 1.000 autovetture,2023,2.9,,,,,,,,,,,,,,,,,
086009,Enna,FULECAR1000,Autovetture elettriche - per 1.000 autovetture,2015,0.1,,,,,,,,,,,,,,,,,
086009,Enna,FULECAR1000,Autovetture elettriche - per 1.000 autovetture,2016,0.1,,,,,,,,,,,,,,,,,
086009,Enna,FULECAR1000,Autovetture elettriche - per 1.000 autovetture,2017,0.1,,,,,,,,,,,,,,,,,
086009,Enna,FULECAR1000,Autovetture elettriche - per 1.000 autovetture,2018,0.2,,,,,,,,,,,,,,,,,
086009,Enna,FULECAR1000,Autovetture elettriche - per 1.000 autovetture,2019,0.1,,,,,,,,,,,,,,,,,
086009,Enna,FULECAR1000,Autovetture elettriche - per 1.000 autovetture,2020,0.8,,,,,,,,,,,,,,,,,
086009,Enna,FULECAR1000,Autovetture elettriche - per 1.000 autovetture,2021,2.1,,,,,,,,,,,,,,,,,
086009,Enna,FULECAR1000,Autovetture elettriche - per 1.000 autovetture,2022,2.6,,,,,,,,,,,,,,,,,
086009,Enna,FULECAR1000,Autovetture elettriche - per 1.000 autovetture,2023,3.7,,,,,,,,,,,,,,,,,
087015,Catania,FULECAR1000,Autovetture elettriche - per 1.000 autovetture,2015,0.2,,,,,,,,,,,,,,,,,
087015,Catania,FULECAR1000,Autovetture elettriche - per 1.000 autovetture,2016,0.2,,,,,,,,,,,,,,,,,
087015,Catania,FULECAR1000,Autovetture elettriche - per 1.000 autovetture,2017,0.2,,,,,,,,,,,,,,,,,
087015,Catania,FULECAR1000,Autovetture elettriche - per 1.000 autovetture,2018,0.3,,,,,,,,,,,,,,,,,
087015,Catania,FULECAR1000,Autovetture elettriche - per 1.000 autovetture,2019,0.4,,,,,,,,,,,,,,,,,
087015,Catania,FULECAR1000,Autovetture elettriche - per 1.000 autovetture,2020,1,,,,,,,,,,,,,,,,,
087015,Catania,FULECAR1000,Autovetture elettriche - per 1.000 autovetture,2021,2.2,,,,,,,,,,,,,,,,,
087015,Catania,FULECAR1000,Autovetture elettriche - per 1.000 autovetture,2022,3.2,,,,,,,,,,,,,,,,,
087015,Catania,FULECAR1000,Autovetture elettriche - per 1.000 autovetture,2023,4.3,,,,,,,,,,,,,,,,,
088009,Ragusa,FULECAR1000,Autovetture elettriche - per 1.000 autovetture,2015,0.1,,,,,,,,,,,,,,,,,
088009,Ragusa,FULECAR1000,Autovetture elettriche - per 1.000 autovetture,2016,0.1,,,,,,,,,,,,,,,,,
088009,Ragusa,FULECAR1000,Autovetture elettriche - per 1.000 autovetture,2017,0.2,,,,,,,,,,,,,,,,,
088009,Ragusa,FULECAR1000,Autovetture elettriche - per 1.000 autovetture,2018,0.4,,,,,,,,,,,,,,,,,
088009,Ragusa,FULECAR1000,Autovetture elettriche - per 1.000 autovetture,2019,0.5,,,,,,,,,,,,,,,,,
088009,Ragusa,FULECAR1000,Autovetture elettriche - per 1.000 autovetture,2020,1,,,,,,,,,,,,,,,,,
088009,Ragusa,FULECAR1000,Autovetture elettriche - per 1.000 autovetture,2021,3.1,,,,,,,,,,,,,,,,,
088009,Ragusa,FULECAR1000,Autovetture elettriche - per 1.000 autovetture,2022,5.2,,,,,,,,,,,,,,,,,
088009,Ragusa,FULECAR1000,Autovetture elettriche - per 1.000 autovetture,2023,6.4,,,,,,,,,,,,,,,,,
089017,Siracusa,FULECAR1000,Autovetture elettriche - per 1.000 autovetture,2015,0.1,,,,,,,,,,,,,,,,,
089017,Siracusa,FULECAR1000,Autovetture elettriche - per 1.000 autovetture,2016,0.1,,,,,,,,,,,,,,,,,
089017,Siracusa,FULECAR1000,Autovetture elettriche - per 1.000 autovetture,2017,0.1,,,,,,,,,,,,,,,,,
089017,Siracusa,FULECAR1000,Autovetture elettriche - per 1.000 autovetture,2018,0.2,,,,,,,,,,,,,,,,,
089017,Siracusa,FULECAR1000,Autovetture elettriche - per 1.000 autovetture,2019,0.4,,,,,,,,,,,,,,,,,
089017,Siracusa,FULECAR1000,Autovetture elettriche - per 1.000 autovetture,2020,1,,,,,,,,,,,,,,,,,
089017,Siracusa,FULECAR1000,Autovetture elettriche - per 1.000 autovetture,2021,2.7,,,,,,,,,,,,,,,,,
089017,Siracusa,FULECAR1000,Autovetture elettriche - per 1.000 autovetture,2022,3.9,,,,,,,,,,,,,,,,,
089017,Siracusa,FULECAR1000,Autovetture elettriche - per 1.000 autovetture,2023,5.3,,,,,,,,,,,,,,,,,
090064,Sassari,FULECAR1000,Autovetture elettriche - per 1.000 autovetture,2015,0.1,,,,,,,,,,,,,,,,,
090064,Sassari,FULECAR1000,Autovetture elettriche - per 1.000 autovetture,2016,0.1,,,,,,,,,,,,,,,,,
090064,Sassari,FULECAR1000,Autovetture elettriche - per 1.000 autovetture,2017,0.2,,,,,,,,,,,,,,,,,
090064,Sassari,FULECAR1000,Autovetture elettriche - per 1.000 autovetture,2018,0.2,,,,,,,,,,,,,,,,,
090064,Sassari,FULECAR1000,Autovetture elettriche - per 1.000 autovetture,2019,0.4,,,,,,,,,,,,,,,,,
090064,Sassari,FULECAR1000,Autovetture elettriche - per 1.000 autovetture,2020,1.1,,,,,,,,,,,,,,,,,
090064,Sassari,FULECAR1000,Autovetture elettriche - per 1.000 autovetture,2021,2.3,,,,,,,,,,,,,,,,,
090064,Sassari,FULECAR1000,Autovetture elettriche - per 1.000 autovetture,2022,2.9,,,,,,,,,,,,,,,,,
090064,Sassari,FULECAR1000,Autovetture elettriche - per 1.000 autovetture,2023,4.1,,,,,,,,,,,,,,,,,
091051,Nuoro,FULECAR1000,Autovetture elettriche - per 1.000 autovetture,2015,0.2,,,,,,,,,,,,,,,,,
091051,Nuoro,FULECAR1000,Autovetture elettriche - per 1.000 autovetture,2016,0.2,,,,,,,,,,,,,,,,,
091051,Nuoro,FULECAR1000,Autovetture elettriche - per 1.000 autovetture,2017,0.2,,,,,,,,,,,,,,,,,
091051,Nuoro,FULECAR1000,Autovetture elettriche - per 1.000 autovetture,2018,0.3,,,,,,,,,,,,,,,,,
091051,Nuoro,FULECAR1000,Autovetture elettriche - per 1.000 autovetture,2019,0.4,,,,,,,,,,,,,,,,,
091051,Nuoro,FULECAR1000,Autovetture elettriche - per 1.000 autovetture,2020,1.9,,,,,,,,,,,,,,,,,
091051,Nuoro,FULECAR1000,Autovetture elettriche - per 1.000 autovetture,2021,2.7,,,,,,,,,,,,,,,,,
091051,Nuoro,FULECAR1000,Autovetture elettriche - per 1.000 autovetture,2022,4.6,,,,,,,,,,,,,,,,,
091051,Nuoro,FULECAR1000,Autovetture elettriche - per 1.000 autovetture,2023,5.5,,,,,,,,,,,,,,,,,
092009,Cagliari,FULECAR1000,Autovetture elettriche - per 1.000 autovetture,2015,0.3,,,,,,,,,,,,,,,,,
092009,Cagliari,FULECAR1000,Autovetture elettriche - per 1.000 autovetture,2016,0.4,,,,,,,,,,,,,,,,,
092009,Cagliari,FULECAR1000,Autovetture elettriche - per 1.000 autovetture,2017,0.4,,,,,,,,,,,,,,,,,
092009,Cagliari,FULECAR1000,Autovetture elettriche - per 1.000 autovetture,2018,0.5,,,,,,,,,,,,,,,,,
092009,Cagliari,FULECAR1000,Autovetture elettriche - per 1.000 autovetture,2019,0.9,,,,,,,,,,,,,,,,,
092009,Cagliari,FULECAR1000,Autovetture elettriche - per 1.000 autovetture,2020,1.6,,,,,,,,,,,,,,,,,
092009,Cagliari,FULECAR1000,Autovetture elettriche - per 1.000 autovetture,2021,3.7,,,,,,,,,,,,,,,,,
092009,Cagliari,FULECAR1000,Autovetture elettriche - per 1.000 autovetture,2022,4.4,,,,,,,,,,,,,,,,,
092009,Cagliari,FULECAR1000,Autovetture elettriche - per 1.000 autovetture,2023,5.7,,,,,,,,,,,,,,,,,
095038,Oristano,FULECAR1000,Autovetture elettriche - per 1.000 autovetture,2015,0.2,,,,,,,,,,,,,,,,,
095038,Oristano,FULECAR1000,Autovetture elettriche - per 1.000 autovetture,2016,..,0.0,Il dato non raggiunge la metà della cifra minima considerata,,,,,,,,,,,,,,,
095038,Oristano,FULECAR1000,Autovetture elettriche - per 1.000 autovetture,2017,0.2,,,,,,,,,,,,,,,,,
095038,Oristano,FULECAR1000,Autovetture elettriche - per 1.000 autovetture,2018,0.3,,,,,,,,,,,,,,,,,
095038,Oristano,FULECAR1000,Autovetture elettriche - per 1.000 autovetture,2019,0.5,,,,,,,,,,,,,,,,,
095038,Oristano,FULECAR1000,Autovetture elettriche - per 1.000 autovetture,2020,1.9,,,,,,,,,,,,,,,,,
095038,Oristano,FULECAR1000,Autovetture elettriche - per 1.000 autovetture,2021,3.3,,,,,,,,,,,,,,,,,
095038,Oristano,FULECAR1000,Autovetture elettriche - per 1.000 autovetture,2022,3.8,,,,,,,,,,,,,,,,,
095038,Oristano,FULECAR1000,Autovetture elettriche - per 1.000 autovetture,2023,3.8,,,,,,,,,,,,,,,,,
107003,Carbonia,FULECAR1000,Autovetture elettriche - per 1.000 autovetture,2015,0.1,,,ITTER107__107003_N1,Comune incluso nella rilevazione a partire dal 2006,,,,,,,,,,,,,
107003,Carbonia,FULECAR1000,Autovetture elettriche - per 1.000 autovetture,2016,0.1,,,ITTER107__107003_N1,Comune incluso nella rilevazione a partire dal 2006,,,,,,,,,,,,,
111009,Carbonia,FULECAR1000,Autovetture elettriche - per 1.000 autovetture,2017,0.1,,,ITTER107__111009_N1,Comune incluso nella rilevazione a partire dal 2006,,,,,,,,,,,,,
111009,Carbonia,FULECAR1000,Autovetture elettriche - per 1.000 autovetture,2018,0.2,,,ITTER107__111009_N1,Comune incluso nella rilevazione a partire dal 2006,,,,,,,,,,,,,
111009,Carbonia,FULECAR1000,Autovetture elettriche - per 1.000 autovetture,2019,0.1,,,ITTER107__111009_N1,Comune incluso nella rilevazione a partire dal 2006,,,,,,,,,,,,,
111009,Carbonia,FULECAR1000,Autovetture elettriche - per 1.000 autovetture,2020,0.8,,,ITTER107__111009_N1,Comune incluso nella rilevazione a partire dal 2006,,,,,,,,,,,,,
111009,Carbonia,FULECAR1000,Autovetture elettriche - per 1.000 autovetture,2021,2.3,,,ITTER107__111009_N1,Comune incluso nella rilevazione a partire dal 2006,,,,,,,,,,,,,
111009,Carbonia,FULECAR1000,Autovetture elettriche - per 1.000 autovetture,2022,2.9,,,ITTER107__111009_N1,Comune incluso nella rilevazione a partire dal 2006,,,,,,,,,,,,,
111009,Carbonia,FULECAR1000,Autovetture elettriche - per 1.000 autovetture,2023,3.7,,,ITTER107__111009_N1,Comune incluso nella rilevazione a partire dal 2006,,,,,,,,,,,,,
IT_C_M,Capoluoghi di città metropolitana,FULECAR1000,Autovetture elettriche - per 1.000 autovetture,2015,0.2,,,ITTER107__IT_C_M_N1,"'Valori riferiti all""'insieme dei comuni capoluogo. Italia", Nord, Nord-est e Capoluoghi di provincia non includono il comune di Cesena.',,,,,,,,,,,
IT_C_M,Capoluoghi di città metropolitana,FULECAR1000,Autovetture elettriche - per 1.000 autovetture,2016,0.3,,,ITTER107__IT_C_M_N1,"'Valori riferiti all""'insieme dei comuni capoluogo. Italia", Nord, Nord-est e Capoluoghi di provincia non includono il comune di Cesena.',,,,,,,,,,,
IT_C_M,Capoluoghi di città metropolitana,FULECAR1000,Autovetture elettriche - per 1.000 autovetture,2017,0.3,,,ITTER107__IT_C_M_N1,"'Valori riferiti all""'insieme dei comuni capoluogo. Italia", Nord, Nord-est e Capoluoghi di provincia non includono il comune di Cesena.',,,,,,,,,,,
IT_C_M,Capoluoghi di città metropolitana,FULECAR1000,Autovetture elettriche - per 1.000 autovetture,2018,0.5,,,ITTER107__IT_C_M_N1,"'Valori riferiti all""'insieme dei comuni capoluogo. Italia", Nord, Nord-est e Capoluoghi di provincia non includono il comune di Cesena.',,,,,,,,,,,
IT_C_M,Capoluoghi di città metropolitana,FULECAR1000,Autovetture elettriche - per 1.000 autovetture,2019,0.9,,,ITTER107__IT_C_M_N1,"'Valori riferiti all""'insieme dei comuni capoluogo. Italia", Nord, Nord-est e Capoluoghi di provincia non includono il comune di Cesena.',,,,,,,,,,,
IT_C_M,Capoluoghi di città metropolitana,FULECAR1000,Autovetture elettriche - per 1.000 autovetture,2020,1.8,,,ITTER107__IT_C_M_N1,"'Valori riferiti all""'insieme dei comuni capoluogo. Italia", Nord, Nord-est e Capoluoghi di provincia non includono il comune di Cesena.',,,,,,,,,,,
IT_C_M,Capoluoghi di città metropolitana,FULECAR1000,Autovetture elettriche - per 1.000 autovetture,2021,3.6,,,ITTER107__IT_C_M_N1,"'Valori riferiti all""'insieme dei comuni capoluogo. Italia", Nord, Nord-est e Capoluoghi di provincia non includono il comune di Cesena.',,,,,,,,,,,
IT_C_M,Capoluoghi di città metropolitana,FULECAR1000,Autovetture elettriche - per 1.000 autovetture,2022,4.6,,,ITTER107__IT_C_M_N1,"'Valori riferiti all""'insieme dei comuni capoluogo. Italia", Nord, Nord-est e Capoluoghi di provincia non includono il comune di Cesena.',,,,,,,,,,,
IT_C_M,Capoluoghi di città metropolitana,FULECAR1000,Autovetture elettriche - per 1.000 autovetture,2023,6.6,,,ITTER107__IT_C_M_N1,"'Valori riferiti all""'insieme dei comuni capoluogo. Italia", Nord, Nord-est e Capoluoghi di provincia non includono il comune di Cesena.',,,,,,,,,,,
IT_C_P,Capoluoghi di provincia,FULECAR1000,Autovetture elettriche - per 1.000 autovetture,2015,0.1,,,ITTER107__IT_C_P_N1,"'Valori riferiti all""'insieme dei comuni capoluogo. Italia", Nord, Nord-est e Capoluoghi di provincia non includono il comune di Cesena.',,,,,,,,,,,
IT_C_P,Capoluoghi di provincia,FULECAR1000,Autovetture elettriche - per 1.000 autovetture,2016,0.2,,,ITTER107__IT_C_P_N1,"'Valori riferiti all""'insieme dei comuni capoluogo. Italia", Nord, Nord-est e Capoluoghi di provincia non includono il comune di Cesena.',,,,,,,,,,,
IT_C_P,Capoluoghi di provincia,FULECAR1000,Autovetture elettriche - per 1.000 autovetture,2017,0.2,,,ITTER107__IT_C_P_N1,"'Valori riferiti all""'insieme dei comuni capoluogo. Italia", Nord, Nord-est e Capoluoghi di provincia non includono il comune di Cesena.',,,,,,,,,,,
IT_C_P,Capoluoghi di provincia,FULECAR1000,Autovetture elettriche - per 1.000 autovetture,2018,0.3,,,ITTER107__IT_C_P_N1,"'Valori riferiti all""'insieme dei comuni capoluogo. Italia", Nord, Nord-est e Capoluoghi di provincia non includono il comune di Cesena.',,,,,,,,,,,
IT_C_P,Capoluoghi di provincia,FULECAR1000,Autovetture elettriche - per 1.000 autovetture,2019,0.6,,,ITTER107__IT_C_P_N1,"'Valori riferiti all""'insieme dei comuni capoluogo. Italia", Nord, Nord-est e Capoluoghi di provincia non includono il comune di Cesena.',,,,,,,,,,,
IT_C_P,Capoluoghi di provincia,FULECAR1000,Autovetture elettriche - per 1.000 autovetture,2020,1.6,,,ITTER107__IT_C_P_N1,"'Valori riferiti all""'insieme dei comuni capoluogo. Italia", Nord, Nord-est e Capoluoghi di provincia non includono il comune di Cesena.',,,,,,,,,,,
IT_C_P,Capoluoghi di provincia,FULECAR1000,Autovetture elettriche - per 1.000 autovetture,2021,3.5,,,ITTER107__IT_C_P_N1,"'Valori riferiti all""'insieme dei comuni capoluogo. Italia", Nord, Nord-est e Capoluoghi di provincia non includono il comune di Cesena.',,,,,,,,,,,
IT_C_P,Capoluoghi di provincia,FULECAR1000,Autovetture elettriche - per 1.000 autovetture,2022,4.5,,,ITTER107__IT_C_P_N1,"'Valori riferiti all""'insieme dei comuni capoluogo. Italia", Nord, Nord-est e Capoluoghi di provincia non includono il comune di Cesena.',,,,,,,,,,,
IT_C_P,Capoluoghi di provincia,FULECAR1000,Autovetture elettriche - per 1.000 autovetture,2023,6.2,,,ITTER107__IT_C_P_N1,"'Valori riferiti all""'insieme dei comuni capoluogo. Italia", Nord, Nord-est e Capoluoghi di provincia non includono il comune di Cesena.',,,,,,,,,,,
